9/23/2011 11:10,0.606,-0.058,0.071,0,0,0.175,0,0,0,0
9/23/2011 11:20,0.374,-0.063,0.073,0,0,0.194,0,0,0,0
9/23/2011 11:30,0.27,-0.064,0.077,0,0,0.21,0,0,0,0
9/23/2011 11:40,0.474,-0.058,0.081,0,0,0.211,0,0,0,0
9/23/2011 11:50,0.556,-0.051,0.084,0,0,0.218,0,0,0,0
9/23/2011 12:00,0.59,-0.046,0.088,0,0,0.226,0,0,0,0
9/23/2011 12:10,0.478,-0.055,0.083,0,0,0.227,0,0,0,0
9/23/2011 12:20,0.27,-0.068,0.077,0,0,0.229,0,0,0,0
9/23/2011 12:30,0.363,-0.06,0.079,0,0,0.236,0,0,0,0
9/23/2011 12:40,0.472,-0.055,0.083,0,0,0.252,0,0,0,0
9/23/2011 12:50,0.379,-0.063,0.087,0,0,0.252,0,0,0,0
9/23/2011 13:00,0.302,-0.075,0.086,0,0,0.251,0,0,0,0
9/23/2011 13:10,0.405,-0.073,0.088,0,0,0.253,0,0,0,0
9/23/2011 13:20,0.614,-0.07,0.089,0,0,0.255,0,0,0,0
9/23/2011 13:30,0.34,-0.083,0.088,0,0,0.254,0,0,0,0
9/23/2011 13:40,0.48,-0.083,0.09,0,0,0.251,0,0,0,0
9/23/2011 13:50,0.417,-0.086,0.087,0,0,0.314,0,0,0,0
9/23/2011 14:00,0.287,-0.094,0.082,0,0,0.327,0,0,0,0
9/23/2011 14:10,0.337,-0.093,0.081,0,0,0.333,0,0,0,0
9/23/2011 14:20,0.51,-0.089,0.076,0,0,0.349,0,0,0,0
9/23/2011 14:30,0.457,-0.088,0.074,0,0,0.36,0,0,0,0
9/23/2011 14:40,0.39,-0.091,0.071,0,0,0.361,0,0,0,0
9/23/2011 15:40,0.242,-0.109,0.073,0,0,0.36,0,0,0,0
9/23/2011 15:50,0.237,-0.113,0.073,0,0,0.359,0,0,0,0
9/23/2011 16:00,0.212,-0.112,0.075,0,0,0.356,0,0,0,0
9/23/2011 16:10,0.189,-0.115,0.077,0,0,0.349,0,0,0,0
9/23/2011 16:20,0.162,-0.108,0.076,0,0,0.348,0,0,0,0
9/23/2011 16:30,0.075,-0.105,0.086,0,0,0.343,0,0,0,0
9/23/2011 16:40,0.059,-0.108,0.094,0,0,0.335,0,0,0,0
9/23/2011 16:50,0.045,-0.11,0.104,0,0,0.323,0,0,0,0
9/23/2011 17:00,0.036,-0.115,0.114,0,0,0.304,0,0,0,0
9/23/2011 17:10,0.029,-0.118,0.123,0,0,0.282,0,0,0,0
9/23/2011 17:20,0.02,-0.118,0.127,0,0,0.259,0,0,0,0
9/23/2011 17:30,0.015,-0.117,0.128,0,0,0.239,0,0,0,0
9/23/2011 17:40,0.008,-0.116,0.13,0,0,0.229,0,0,0,0
9/23/2011 17:50,0.003,-0.118,0.133,0,0,0.21,0,0,0,0
9/23/2011 18:00,0.001,-0.121,0.136,0,0,0.183,0,0,0,0
9/23/2011 18:10,0,-0.131,0.132,0,0,0.159,0,0,0,0
9/23/2011 18:20,0,-0.125,0.125,0,0,0.171,0,0,0,0
9/23/2011 18:30,0,-0.117,0.121,0,0,0.185,0,0,0,0
9/23/2011 18:40,0,-0.11,0.12,0,0,0.198,0,0,0,0
9/23/2011 18:50,0,-0.106,0.119,0,0,0.209,0,0,0,0
9/23/2011 19:00,0,-0.104,0.12,0,0,0.214,0,0,0,0
9/23/2011 19:10,0,-0.104,0.122,0,0,0.215,0,0,0,0
9/23/2011 19:20,0,-0.104,0.123,0,0,0.213,0,0,0,0
9/23/2011 19:30,0,-0.105,0.123,0,0,0.212,0,0,0,0
9/23/2011 19:40,0,-0.104,0.123,0,0,0.213,0,0,0,0
9/23/2011 19:50,0,-0.104,0.123,0,0,0.212,0,0,0,0
9/23/2011 20:00,0,-0.105,0.124,0,0,0.209,0,0,0,0
9/23/2011 20:10,0,-0.106,0.123,0,0,0.201,0,0,0,0
9/23/2011 20:20,0,-0.107,0.123,0,0,0.195,0,0,0,0
9/23/2011 20:30,0,-0.107,0.122,0,0,0.191,0,0,0,0
9/23/2011 20:40,0,-0.108,0.121,0,0,0.19,0,0,0,0
9/23/2011 20:50,0,-0.108,0.121,0,0,0.188,0,0,0,0
9/23/2011 21:00,0,-0.108,0.123,0,0,0.18,0,0,0,0
9/23/2011 21:10,0,-0.109,0.123,0,0,0.174,0,0,0,0
9/23/2011 21:20,0,-0.11,0.124,0,0,0.171,0,0,0,0
9/23/2011 21:30,0,-0.111,0.124,0,0,0.166,0,0,0,0
9/23/2011 21:40,0,-0.113,0.125,0,0,0.16,0,0,0,0
9/23/2011 21:50,0,-0.115,0.123,0,0,0.156,0,0,0,0
9/23/2011 22:00,0,-0.115,0.123,0,0,0.154,0,0,0,0
9/23/2011 22:10,0,-0.115,0.122,0,0,0.151,0,0,0,0
9/23/2011 22:20,0,-0.116,0.123,0,0,0.148,0,0,0,0
9/23/2011 22:30,0,-0.118,0.122,0,0,0.143,0,0,0,0
9/23/2011 22:40,0,-0.119,0.122,0,0,0.141,0,0,0,0
9/23/2011 22:50,0,-0.122,0.123,0,0,0.134,0,0,0,0
9/23/2011 23:00,0,-0.129,0.122,0,0,0.113,0,0,0,0
9/23/2011 23:10,0,-0.137,0.121,0,0,0.095,0,0,0,0
9/23/2011 23:20,0,-0.149,0.117,0,0,0.073,0,0,0,0
9/23/2011 23:30,0,-0.162,0.112,0,0,0.053,0,0,0,0
9/23/2011 23:40,0,-0.172,0.107,0,0,0.038,0,0,0,0
9/23/2011 23:50,0,-0.183,0.101,0,0,0.025,0,0,0,0
9/24/2011 0:00,0,-0.19,0.095,0,0,0.018,0,0,0,0
9/24/2011 0:10,0,-0.198,0.091,0,0,0.012,0,0,0,0
9/24/2011 0:20,0,-0.201,0.087,0,0,0.011,0,0,0,0
9/24/2011 0:30,0,-0.198,0.085,0,0,0.017,0,0,0,0
9/24/2011 0:40,0,-0.196,0.084,0,0,0.015,0,0,0,0
9/24/2011 0:50,0,-0.197,0.082,0,0,0.015,0,0,0,0
9/24/2011 1:00,0,-0.198,0.081,0,0,0.011,0,0,0,0
9/24/2011 1:10,0,-0.206,0.078,0,0,0,0,0,0,0
9/24/2011 1:20,0,-0.212,0.073,0,0,0,0,0,0,0
9/24/2011 1:30,0,-0.215,0.07,0,0,0,0,0,0,0
9/24/2011 1:40,0,-0.217,0.067,0,0,0,0,0,0,0
9/24/2011 1:50,0,-0.223,0.063,0,0,0,0,0,0,0
9/24/2011 2:00,0,-0.22,0.059,0,0,0,0,0,0,0
9/24/2011 2:10,0,-0.22,0.057,0,0,0,0,0,0,0
9/24/2011 2:20,0,-0.225,0.055,0,0,0,0,0,0,0
9/24/2011 2:30,0,-0.225,0.054,0,0,0,0,0,0,0
9/24/2011 2:40,0,-0.226,0.052,0,0,0,0,0,0,0
9/24/2011 2:50,0,-0.23,0.05,0,0,0,0,0,0,0
9/24/2011 3:00,0,-0.233,0.048,0,0,0,0,0,0,0
9/24/2011 3:10,0,-0.234,0.048,0,0,0,0,0,0,0
9/24/2011 3:20,0,-0.235,0.047,0,0,0,0,0,0,0
9/24/2011 3:30,0,-0.228,0.048,0,0,0,0,0,0,0
9/24/2011 3:40,0,-0.223,0.05,0,0,0,0,0,0,0
9/24/2011 3:50,0,-0.22,0.052,0,0,0,0,0,0,0
9/24/2011 4:00,0,-0.219,0.053,0,0,0,0,0,0,0
9/24/2011 4:10,0,-0.211,0.055,0,0,0,0,0,0,0
9/24/2011 4:20,0,-0.211,0.056,0,0,0,0,0,0,0
9/24/2011 4:30,0,-0.214,0.056,0,0,0,0,0,0,0
9/24/2011 4:40,0,-0.219,0.057,0,0,0,0,0,0,0
9/24/2011 4:50,0,-0.224,0.056,0,0,0,0,0,0,0
9/24/2011 5:00,0,-0.227,0.054,0,0,0,0,0,0,0
9/24/2011 5:10,0,-0.236,0.051,0,0,0,0,0,0,0
9/24/2011 5:20,0,-0.252,0.045,0,0,0,0,0,0,0
9/24/2011 5:30,0.001,-0.259,0.038,0,0,0,0,0,0,0
9/24/2011 5:40,0.002,-0.266,0.031,0,0,0,0,0,0,0
9/24/2011 5:50,0.004,-0.284,0.023,0,0,0,0,0,0,0
9/24/2011 6:00,0.007,-0.296,0.013,0,0,0,0,0,0,0
9/24/2011 6:10,0.015,-0.304,0.006,0,0,0,0,0,0,0
9/24/2011 6:20,0.024,-0.306,0,0,0,0,0,0,0,0
9/24/2011 6:30,0.028,-0.307,0,0,0,0,0,0,0,0
9/24/2011 6:40,0.042,-0.306,0,0,0,0,0,0,0,0
9/24/2011 6:50,0.064,-0.302,0,0,0,0,0,0,0,0
9/24/2011 7:00,0.057,-0.301,0,0,0,0,0,0,0,0
9/24/2011 7:10,0.049,-0.297,0,0,0,0,0,0,0,0
9/24/2011 7:20,0.059,-0.296,0,0,0,0,0,0,0,0
9/24/2011 7:30,0.073,-0.294,0,0,0,0,0,0,0,0
9/24/2011 7:40,0.087,-0.299,0,0,0,0,0,0,0,0
9/24/2011 7:50,0.065,-0.303,0,0,0,0,0,0,0,0
9/24/2011 8:00,0.07,-0.307,0,0,0,0,0,0,0,0
9/24/2011 8:10,0.087,-0.308,0,0,0,0,0,0,0,0
9/24/2011 8:20,0.152,-0.307,0,0,0,0,0,0,0,0
9/24/2011 8:30,0.185,-0.317,0,0,0,0,0,0,0,0
9/24/2011 8:40,0.082,-0.328,0,0,0,0,0,0,0,0
9/24/2011 8:50,0.11,-0.316,0,0,0,0,0,0,0,0
9/24/2011 9:00,0.091,-0.31,0,0,0,0,0,0,0,0
9/24/2011 9:10,0.107,-0.293,0,0,0,0,0,0,0,0
9/24/2011 9:20,0.086,-0.284,0,0,0,0,0,0,0,0
9/24/2011 9:30,0.092,-0.278,0,0,0,0,0,0,0,0
9/24/2011 9:40,0.087,-0.273,0,0,0,0,0,0,0,0
9/24/2011 9:50,0.102,-0.264,0,0,0,0,0,0,0,0
9/24/2011 10:00,0.422,-0.254,0,0,0,0,0,0,0,0
9/24/2011 10:10,0.505,-0.246,0,0,0,0,0,0,0,0
9/24/2011 10:20,0.517,-0.235,0,0,0,0,0,0,0,0
9/24/2011 10:30,0.527,-0.216,0,0,0,0,0,0,0,0
9/24/2011 10:40,0.541,-0.187,0,0,0,0,0,0,0,0
9/24/2011 10:50,0.545,-0.164,0,0,0,0.019,0,0,0,0
9/24/2011 11:00,0.547,-0.14,0.005,0,0,0.064,0,0,0,0
9/24/2011 11:10,0.552,-0.124,0.015,0,0,0.095,0,0,0,0
9/24/2011 11:20,0.559,-0.102,0.025,0,0,0.143,0,0,0,0
9/24/2011 11:30,0.57,-0.084,0.038,0,0,0.188,0,0,0,0
9/24/2011 11:40,0.564,-0.074,0.051,0,0,0.221,0,0,0,0
9/24/2011 11:50,0.557,-0.068,0.062,0,0,0.248,0,0,0,0
9/24/2011 12:00,0.558,-0.065,0.071,0,0,0.266,0,0,0,0
9/24/2011 12:10,0.558,-0.063,0.078,0,0,0.28,0,0,0,0
9/24/2011 12:20,0.553,-0.065,0.082,0,0,0.292,0,0,0,0
9/24/2011 12:30,0.547,-0.069,0.079,0,0,0.301,0,0,0,0
9/24/2011 12:40,0.539,-0.071,0.082,0,0,0.301,0,0,0,0
9/24/2011 12:50,0.526,-0.074,0.084,0,0,0.305,0,0,0,0
9/24/2011 13:00,0.524,-0.076,0.084,0,0,0.31,0,0,0,0
9/24/2011 13:10,0.503,-0.078,0.085,0,0,0.314,0,0,0,0
9/24/2011 13:20,0.504,-0.079,0.084,0,0,0.318,0,0,0,0
9/24/2011 13:30,0.489,-0.082,0.082,0,0,0.318,0,0,0,0
9/24/2011 13:40,0.47,-0.084,0.081,0,0,0.321,0,0,0,0
9/24/2011 13:50,0.451,-0.086,0.077,0,0,0.325,0,0,0,0
9/24/2011 14:00,0.438,-0.089,0.074,0,0,0.324,0,0,0,0
9/24/2011 14:10,0.428,-0.089,0.073,0,0,0.326,0,0,0,0
9/24/2011 14:20,0.405,-0.092,0.072,0,0,0.324,0,0,0,0
9/24/2011 14:30,0.39,-0.09,0.07,0,0,0.326,0,0,0,0
9/24/2011 14:40,0.369,-0.096,0.068,0,0,0.325,0,0,0,0
9/24/2011 14:50,0.344,-0.095,0.067,0,0,0.322,0,0,0,0
9/24/2011 15:00,0.326,-0.098,0.066,0,0,0.321,0,0,0,0
9/24/2011 15:10,0.305,-0.096,0.065,0,0,0.322,0,0,0,0
9/24/2011 15:20,0.283,-0.099,0.064,0,0,0.322,0,0,0,0
9/24/2011 15:30,0.261,-0.101,0.063,0,0,0.32,0,0,0,0
9/24/2011 15:40,0.237,-0.102,0.063,0,0,0.318,0,0,0,0
9/24/2011 15:50,0.215,-0.108,0.061,0,0,0.316,0,0,0,0
9/24/2011 16:00,0.194,-0.108,0.061,0,0,0.313,0,0,0,0
9/24/2011 16:10,0.173,-0.106,0.062,0,0,0.307,0,0,0,0
9/24/2011 16:20,0.152,-0.104,0.064,0,0,0.304,0,0,0,0
9/24/2011 16:30,0.132,-0.104,0.066,0,0,0.303,0,0,0,0
9/24/2011 16:40,0.111,-0.105,0.067,0,0,0.301,0,0,0,0
9/24/2011 16:50,0.059,-0.106,0.069,0,0,0.297,0,0,0,0
9/24/2011 17:00,0.04,-0.106,0.072,0,0,0.294,0,0,0,0
9/24/2011 17:10,0.031,-0.105,0.076,0,0,0.29,0,0,0,0
9/24/2011 17:20,0.023,-0.105,0.081,0,0,0.287,0,0,0,0
9/24/2011 17:30,0.014,-0.106,0.086,0,0,0.283,0,0,0,0
9/24/2011 17:40,0.007,-0.108,0.092,0,0,0.279,0,0,0,0
9/24/2011 17:50,0.003,-0.11,0.097,0,0,0.274,0,0,0,0
9/24/2011 18:00,0.001,-0.112,0.102,0,0,0.27,0,0,0,0
9/24/2011 18:10,0,-0.115,0.108,0,0,0.265,0,0,0,0
9/24/2011 18:20,0,-0.118,0.113,0,0,0.26,0,0,0,0
9/24/2011 18:30,0,-0.12,0.119,0,0,0.253,0,0,0,0
9/24/2011 18:40,0,-0.123,0.124,0,0,0.246,0,0,0,0
9/24/2011 18:50,0,-0.126,0.129,0,0,0.238,0,0,0,0
9/24/2011 19:00,0,-0.128,0.133,0,0,0.229,0,0,0,0
9/24/2011 19:10,0,-0.131,0.136,0,0,0.222,0,0,0,0
9/24/2011 19:20,0,-0.132,0.139,0,0,0.215,0,0,0,0
9/24/2011 19:30,0,-0.134,0.142,0,0,0.205,0,0,0,0
9/24/2011 19:40,0,-0.135,0.146,0,0,0.194,0,0,0,0
9/24/2011 19:50,0,-0.136,0.147,0,0,0.183,0,0,0,0
9/24/2011 20:00,0,-0.138,0.148,0,0,0.175,0,0,0,0
9/24/2011 20:10,0,-0.138,0.15,0,0,0.164,0,0,0,0
9/24/2011 20:20,0,-0.139,0.151,0,0,0.155,0,0,0,0
9/24/2011 20:30,0,-0.139,0.152,0,0,0.143,0,0,0,0
9/24/2011 20:40,0,-0.141,0.152,0,0,0.134,0,0,0,0
9/24/2011 20:50,0,-0.142,0.152,0,0,0.127,0,0,0,0
9/24/2011 21:00,0,-0.143,0.152,0,0,0.121,0,0,0,0
9/24/2011 21:10,0,-0.144,0.152,0,0,0.114,0,0,0,0
9/24/2011 21:20,0,-0.146,0.151,0,0,0.107,0,0,0,0
9/24/2011 21:30,0,-0.148,0.15,0,0,0.102,0,0,0,0
9/24/2011 21:40,0,-0.15,0.15,0,0,0.099,0,0,0,0
9/24/2011 21:50,0,-0.152,0.149,0,0,0.089,0,0,0,0
9/24/2011 22:00,0,-0.155,0.149,0,0,0.077,0,0,0,0
9/24/2011 22:10,0,-0.159,0.146,0,0,0.072,0,0,0,0
9/24/2011 22:20,0,-0.162,0.144,0,0,0.071,0,0,0,0
9/24/2011 22:30,0,-0.162,0.144,0,0,0.071,0,0,0,0
9/24/2011 22:40,0,-0.161,0.142,0,0,0.071,0,0,0,0
9/24/2011 22:50,0,-0.165,0.141,0,0,0.069,0,0,0,0
9/24/2011 23:00,0,-0.171,0.139,0,0,0.067,0,0,0,0
9/24/2011 23:10,0,-0.173,0.137,0,0,0.064,0,0,0,0
9/24/2011 23:20,0,-0.173,0.136,0,0,0.061,0,0,0,0
9/24/2011 23:30,0,-0.174,0.135,0,0,0.06,0,0,0,0
9/24/2011 23:40,0,-0.178,0.133,0,0,0.056,0,0,0,0
9/24/2011 23:50,0,-0.182,0.131,0,0,0.053,0,0,0,0
9/25/2011 0:00,0,-0.184,0.129,0,0,0.052,0,0,0,0
9/25/2011 0:10,0,-0.183,0.128,0,0,0.05,0,0,0,0
9/25/2011 0:20,0,-0.19,0.125,0,0,0.041,0,0,0,0
9/25/2011 0:30,0,-0.199,0.122,0,0,0.031,0,0,0,0
9/25/2011 0:40,0,-0.204,0.118,0,0,0.022,0,0,0,0
9/25/2011 0:50,0,-0.21,0.114,0,0,0.012,0,0,0,0
9/25/2011 1:00,0,-0.214,0.111,0,0,0.01,0,0,0,0
9/25/2011 1:10,0,-0.215,0.109,0,0,0.013,0,0,0,0
9/25/2011 1:20,0,-0.213,0.108,0,0,0.016,0,0,0,0
9/25/2011 1:30,0,-0.213,0.107,0,0,0.016,0,0,0,0
9/25/2011 1:40,0,-0.215,0.106,0,0,0.015,0,0,0,0
9/25/2011 1:50,0,-0.216,0.104,0,0,0.014,0,0,0,0
9/25/2011 2:00,0,-0.22,0.102,0,0,0.008,0,0,0,0
9/25/2011 2:10,0,-0.223,0.1,0,0,0.007,0,0,0,0
9/25/2011 2:20,0,-0.226,0.097,0,0,0.002,0,0,0,0
9/25/2011 2:30,0,-0.238,0.093,0,0,0,0,0,0,0
9/25/2011 2:40,0,-0.243,0.09,0,0,0,0,0,0,0
9/25/2011 2:50,0,-0.248,0.086,0,0,0,0,0,0,0
9/25/2011 3:00,0,-0.248,0.084,0,0,0,0,0,0,0
9/25/2011 3:10,0,-0.251,0.081,0,0,0,0,0,0,0
9/25/2011 3:20,0,-0.257,0.079,0,0,0,0,0,0,0
9/25/2011 3:30,0,-0.261,0.076,0,0,0,0,0,0,0
9/25/2011 3:40,0,-0.262,0.075,0,0,0,0,0,0,0
9/25/2011 3:50,0,-0.266,0.072,0,0,0,0,0,0,0
9/25/2011 4:00,0,-0.27,0.069,0,0,0,0,0,0,0
9/25/2011 4:10,0,-0.271,0.068,0,0,0,0,0,0,0
9/25/2011 4:20,0,-0.271,0.067,0,0,0,0,0,0,0
9/25/2011 4:30,0,-0.264,0.065,0,0,0,0,0,0,0
9/25/2011 4:40,0,-0.262,0.064,0,0,0,0,0,0,0
9/25/2011 4:50,0,-0.266,0.063,0,0,0,0,0,0,0
9/25/2011 5:00,0,-0.275,0.06,0,0,0,0,0,0,0
9/25/2011 5:10,0,-0.283,0.057,0,0,0,0,0,0,0
9/25/2011 5:20,0,-0.285,0.055,0,0,0,0,0,0,0
9/25/2011 5:30,0.001,-0.287,0.053,0,0,0,0,0,0,0
9/25/2011 5:40,0.003,-0.282,0.051,0,0,0,0,0,0,0
9/25/2011 5:50,0.006,-0.281,0.051,0,0,0,0,0,0,0
9/25/2011 6:00,0.012,-0.281,0.05,0,0,0,0,0,0,0
9/25/2011 6:10,0.017,-0.284,0.049,0,0,0,0,0,0,0
9/25/2011 6:20,0.019,-0.286,0.046,0,0,0,0,0,0,0
9/25/2011 6:30,0.023,-0.29,0.045,0,0,0,0,0,0,0
9/25/2011 6:40,0.027,-0.299,0.042,0,0,0,0,0,0,0
9/25/2011 6:50,0.031,-0.305,0.037,0,0,0,0,0,0,0
9/25/2011 7:00,0.033,-0.311,0.032,0,0,0,0,0,0,0
9/25/2011 7:10,0.036,-0.315,0.027,0,0,0,0.011,0,0,0
9/25/2011 7:20,0.039,-0.313,0.024,0,0,0,0.016,0,0,0
9/25/2011 7:30,0.044,-0.318,0.02,0,0,0,0.023,0,0,0
9/25/2011 7:40,0.05,-0.318,0.015,0,0,0,0.031,0,0,0
9/25/2011 7:50,0.05,-0.317,0.01,0,0,0,0.033,0,0,0
9/25/2011 8:00,0.054,-0.312,0.003,0,0,0,0.039,0,0,0
9/25/2011 8:10,0.069,-0.307,0,0,0,0,0.04,0,0,0
9/25/2011 8:20,0.133,-0.304,0,0,0,0,0.043,0,0,0
9/25/2011 8:30,0.13,-0.3,0,0,0,0,0.045,0,0,0
9/25/2011 8:40,0.08,-0.298,0,0,0,0,0.052,0,0,0
9/25/2011 8:50,0.075,-0.294,0,0,0,0,0.06,0,0,0
9/25/2011 9:00,0.067,-0.291,0,0,0,0,0.067,0,0,0
9/25/2011 9:10,0.07,-0.279,0,0,0,0,0.066,0,0,0
9/25/2011 9:20,0.089,-0.274,0,0,0,0,0.064,0,0,0
9/25/2011 9:30,0.074,-0.271,0,0,0,0,0.068,0,0,0
9/25/2011 9:40,0.074,-0.27,0,0,0,0,0.07,0,0,0
9/25/2011 9:50,0.085,-0.266,0,0,0,0,0.069,0,0,0
9/25/2011 10:00,0.426,-0.265,0,0,0,0,0.063,0,0,0
9/25/2011 10:10,0.507,-0.266,0,0,0,0,0.058,0,0,0
9/25/2011 10:20,0.514,-0.266,0,0,0,0,0.052,0,0,0
9/25/2011 10:30,0.524,-0.267,0,0,0,0,0.044,0,0,0
9/25/2011 10:40,0.532,-0.271,0,0,0,0,0.044,0,0,0
9/25/2011 10:50,0.541,-0.263,0,0,0,0,0.022,0,0,0
9/25/2011 11:00,0.547,-0.234,0,0,0,0,0,0,0,0
9/25/2011 11:10,0.55,-0.203,0,0,0,0,0,0,0,0
9/25/2011 11:20,0.553,-0.177,0,0,0,0.021,0,0,0,0
9/25/2011 11:30,0.558,-0.148,0,0,0,0.077,0,0,0,0
9/25/2011 11:40,0.558,-0.123,0,0,0,0.133,0,0,0,0
9/25/2011 11:50,0.557,-0.109,0.008,0,0,0.168,0,0,0,0
9/25/2011 12:00,0.557,-0.107,0.023,0,0,0.196,0,0,0,0
9/25/2011 12:10,0.553,-0.097,0.039,0,0,0.228,0,0,0,0
9/25/2011 12:20,0.549,-0.089,0.054,0,0,0.258,0,0,0,0
9/25/2011 12:30,0.542,-0.087,0.067,0,0,0.281,0,0,0,0
9/25/2011 12:40,0.537,-0.09,0.077,0,0,0.291,0,0,0,0
9/25/2011 12:50,0.527,-0.089,0.085,0,0,0.312,0,0,0,0
9/25/2011 13:00,0.518,-0.091,0.09,0,0,0.325,0,0,0,0
9/25/2011 13:10,0.509,-0.092,0.093,0,0,0.337,0,0,0,0
9/25/2011 13:20,0.494,-0.097,0.089,0,0,0.34,0,0,0,0
9/25/2011 13:30,0.482,-0.101,0.089,0,0,0.341,0,0,0,0
9/25/2011 13:40,0.465,-0.103,0.088,0,0,0.343,0,0,0,0
9/25/2011 13:50,0.451,-0.106,0.089,0,0,0.339,0,0,0,0
9/25/2011 14:00,0.435,-0.108,0.087,0,0,0.337,0,0,0,0
9/25/2011 14:10,0.423,-0.109,0.087,0,0,0.341,0,0,0,0
9/25/2011 14:20,0.404,-0.111,0.088,0,0,0.34,0,0,0,0
9/25/2011 14:30,0.38,-0.114,0.086,0,0,0.337,0,0,0,0
9/25/2011 14:40,0.365,-0.115,0.084,0,0,0.336,0,0,0,0
9/25/2011 14:50,0.345,-0.117,0.082,0,0,0.336,0,0,0,0
9/25/2011 15:00,0.323,-0.118,0.082,0,0,0.336,0,0,0,0
9/25/2011 15:10,0.304,-0.12,0.078,0,0,0.335,0,0,0,0
9/25/2011 15:20,0.28,-0.122,0.078,0,0,0.334,0,0,0,0
9/25/2011 15:30,0.258,-0.121,0.076,0,0,0.332,0,0,0,0
9/25/2011 15:40,0.237,-0.125,0.076,0,0,0.331,0,0,0,0
9/25/2011 15:50,0.214,-0.13,0.073,0,0,0.329,0,0,0,0
9/25/2011 16:00,0.192,-0.129,0.073,0,0,0.326,0,0,0,0
9/25/2011 16:10,0.17,-0.129,0.072,0,0,0.318,0,0,0,0
9/25/2011 16:20,0.15,-0.125,0.072,0,0,0.317,0,0,0,0
9/25/2011 16:30,0.129,-0.124,0.072,0,0,0.316,0,0,0,0
9/25/2011 16:40,0.108,-0.122,0.073,0,0,0.313,0,0,0,0
9/25/2011 16:50,0.06,-0.124,0.075,0,0,0.31,0,0,0,0
9/25/2011 17:00,0.037,-0.122,0.077,0,0,0.306,0,0,0,0
9/25/2011 17:10,0.029,-0.12,0.081,0,0,0.302,0,0,0,0
9/25/2011 17:20,0.02,-0.118,0.086,0,0,0.299,0,0,0,0
9/25/2011 17:30,0.012,-0.117,0.091,0,0,0.294,0,0,0,0
9/25/2011 17:40,0.005,-0.115,0.097,0,0,0.29,0,0,0,0
9/25/2011 17:50,0.002,-0.115,0.102,0,0,0.284,0,0,0,0
9/25/2011 18:00,0.001,-0.114,0.108,0,0,0.279,0,0,0,0
9/25/2011 18:10,0,-0.114,0.113,0,0,0.274,0,0,0,0
9/25/2011 18:20,0,-0.114,0.118,0,0,0.271,0,0,0,0
9/25/2011 18:30,0,-0.115,0.124,0,0,0.266,0,0,0,0
9/25/2011 18:40,0,-0.116,0.129,0,0,0.261,0,0,0,0
9/25/2011 18:50,0,-0.117,0.133,0,0,0.253,0,0,0,0
9/25/2011 19:00,0,-0.118,0.137,0,0,0.245,0,0,0,0
9/25/2011 19:10,0,-0.12,0.141,0,0,0.238,0,0,0,0
9/25/2011 19:20,0,-0.121,0.144,0,0,0.229,0,0,0,0
9/25/2011 19:30,0,-0.122,0.147,0,0,0.216,0,0,0,0
9/25/2011 19:40,0,-0.122,0.148,0,0,0.206,0,0,0,0
9/25/2011 19:50,0,-0.123,0.15,0,0,0.197,0,0,0,0
9/25/2011 20:00,0,-0.123,0.151,0,0,0.187,0,0,0,0
9/25/2011 20:10,0,-0.124,0.152,0,0,0.173,0,0,0,0
9/25/2011 20:20,0,-0.124,0.152,0,0,0.161,0,0,0,0
9/25/2011 20:30,0,-0.125,0.152,0,0,0.148,0,0,0,0
9/25/2011 20:40,0,-0.126,0.151,0,0,0.141,0,0,0,0
9/25/2011 20:50,0,-0.125,0.152,0,0,0.134,0,0,0,0
9/25/2011 21:00,0,-0.127,0.151,0,0,0.129,0,0,0,0
9/25/2011 21:10,0,-0.129,0.151,0,0,0.124,0,0,0,0
9/25/2011 21:20,0,-0.132,0.15,0,0,0.119,0,0,0,0
9/25/2011 21:30,0,-0.135,0.149,0,0,0.114,0,0,0,0
9/25/2011 21:40,0,-0.139,0.149,0,0,0.106,0,0,0,0
9/25/2011 21:50,0,-0.144,0.148,0,0,0.097,0,0,0,0
9/25/2011 22:00,0,-0.148,0.146,0,0,0.089,0,0,0,0
9/25/2011 22:10,0,-0.151,0.145,0,0,0.085,0,0,0,0
9/25/2011 22:20,0,-0.152,0.144,0,0,0.084,0,0,0,0
9/25/2011 22:30,0,-0.154,0.142,0,0,0.082,0,0,0,0
9/25/2011 22:40,0,-0.156,0.142,0,0,0.082,0,0,0,0
9/25/2011 22:50,0,-0.155,0.141,0,0,0.079,0,0,0,0
9/25/2011 23:00,0,-0.158,0.14,0,0,0.07,0,0,0,0
9/25/2011 23:10,0,-0.167,0.138,0,0,0.059,0,0,0,0
9/25/2011 23:20,0,-0.176,0.136,0,0,0.046,0,0,0,0
9/25/2011 23:30,0,-0.178,0.133,0,0,0.043,0,0,0,0
9/25/2011 23:40,0,-0.182,0.13,0,0,0.04,0,0,0,0
9/25/2011 23:50,0,-0.185,0.128,0,0,0.041,0,0,0,0
9/26/2011 0:00,0,-0.184,0.127,0,0,0.041,0,0,0,0
9/26/2011 0:10,0,-0.186,0.126,0,0,0.039,0,0,0,0
9/26/2011 0:20,0,-0.192,0.125,0,0,0.034,0,0,0,0
9/26/2011 0:30,0,-0.192,0.124,0,0,0.032,0,0,0,0
9/26/2011 0:40,0,-0.193,0.123,0,0,0.031,0,0,0,0
9/26/2011 0:50,0,-0.196,0.121,0,0,0.029,0,0,0,0
9/26/2011 1:00,0,-0.195,0.121,0,0,0.029,0,0,0,0
9/26/2011 1:10,0,-0.197,0.119,0,0,0.026,0,0,0,0
9/26/2011 1:20,0,-0.205,0.117,0,0,0.019,0,0,0,0
9/26/2011 1:30,0,-0.207,0.115,0,0,0.017,0,0,0,0
9/26/2011 1:40,0,-0.207,0.114,0,0,0.017,0,0,0,0
9/26/2011 1:50,0,-0.209,0.113,0,0,0.018,0,0,0,0
9/26/2011 2:00,0,-0.212,0.112,0,0,0.013,0,0,0,0
9/26/2011 2:10,0,-0.22,0.11,0,0,0.002,0,0,0,0
9/26/2011 2:20,0,-0.226,0.107,0,0,0,0,0,0,0
9/26/2011 2:30,0,-0.233,0.104,0,0,0,0,0,0,0
9/26/2011 2:40,0,-0.236,0.1,0,0,0,0,0,0,0
9/26/2011 2:50,0,-0.236,0.099,0,0,0,0,0,0,0
9/26/2011 3:00,0,-0.238,0.097,0,0,0,0,0,0,0
9/26/2011 3:10,0,-0.24,0.095,0,0,0,0,0,0,0
9/26/2011 3:20,0,-0.239,0.094,0,0,0,0,0,0,0
9/26/2011 3:30,0,-0.238,0.093,0,0,0,0,0,0,0
9/26/2011 3:40,0,-0.239,0.092,0,0,0,0,0,0,0
9/26/2011 3:50,0,-0.242,0.091,0,0,0,0,0,0,0
9/26/2011 4:00,0,-0.24,0.089,0,0,0,0,0,0,0
9/26/2011 4:10,0,-0.24,0.088,0,0,0,0,0,0,0
9/26/2011 4:20,0,-0.241,0.088,0,0,0,0,0,0,0
9/26/2011 4:30,0,-0.238,0.086,0,0,0,0,0,0,0
9/26/2011 4:40,0,-0.24,0.085,0,0,0,0,0,0,0
9/26/2011 4:50,0,-0.242,0.083,0,0,0,0,0,0,0
9/26/2011 5:00,0,-0.24,0.083,0,0,0,0,0,0,0
9/26/2011 5:10,0,-0.238,0.082,0,0,0,0,0,0,0
9/26/2011 5:20,0,-0.239,0.082,0,0,0,0,0,0,0
9/26/2011 5:30,0.001,-0.247,0.08,0,0,0,0,0,0,0
9/26/2011 5:40,0.002,-0.248,0.079,0,0,0,0,0,0,0
9/26/2011 5:50,0.005,-0.25,0.078,0,0,0,0,0,0,0
9/26/2011 6:00,0.01,-0.253,0.076,0,0,0,0,0,0,0
9/26/2011 6:10,0.014,-0.263,0.074,0,0,0,0,0,0,0
9/26/2011 6:20,0.018,-0.264,0.071,0,0,0,0,0,0,0
9/26/2011 6:30,0.023,-0.273,0.068,0,0,0,0,0,0,0
9/26/2011 6:40,0.027,-0.277,0.064,0,0,0,0,0,0,0
9/26/2011 6:50,0.03,-0.281,0.062,0,0,0,0,0,0,0
9/26/2011 7:00,0.034,-0.287,0.058,0,0,0,0,0,0,0
9/26/2011 7:10,0.037,-0.297,0.052,0,0,0,0,0,0,0
9/26/2011 7:20,0.04,-0.303,0.048,0,0,0,0,0,0,0
9/26/2011 7:30,0.043,-0.311,0.04,0,0,0,0.001,0,0,0
9/26/2011 7:40,0.045,-0.312,0.03,0,0,0,0.009,0,0,0
9/26/2011 7:50,0.049,-0.308,0.021,0,0,0,0.011,0,0,0
9/26/2011 8:00,0.054,-0.307,0.016,0,0,0,0.009,0,0,0
9/26/2011 8:10,0.06,-0.308,0.008,0,0,0,0.02,0,0,0
9/26/2011 8:20,0.088,-0.303,0,0,0,0,0.03,0,0,0
9/26/2011 8:30,0.092,-0.305,0,0,0,0,0.035,0,0,0
9/26/2011 8:40,0.077,-0.305,0,0,0,0,0.039,0,0,0
9/26/2011 8:50,0.069,-0.3,0,0,0,0,0.051,0,0,0
9/26/2011 10:50,0.529,-0.256,0,0,0,0,0.028,0,0,0
9/26/2011 11:00,0.533,-0.247,0,0,0,0,0.003,0,0,0
9/26/2011 11:10,0.539,-0.224,0,0,0,0,0,0,0,0
9/26/2011 11:20,0.542,-0.202,0,0,0,0.002,0,0,0,0
9/26/2011 11:30,0.544,-0.17,0,0,0,0.056,0,0,0,0
9/26/2011 11:40,0.544,-0.142,0,0,0,0.119,0,0,0,0
9/26/2011 11:50,0.544,-0.121,0.001,0,0,0.171,0,0,0,0
9/26/2011 12:00,0.542,-0.112,0.018,0,0,0.198,0,0,0,0
9/26/2011 12:10,0.538,-0.102,0.034,0,0,0.235,0,0,0,0
9/26/2011 12:20,0.536,-0.094,0.049,0,0,0.271,0,0,0,0
9/26/2011 12:30,0.531,-0.091,0.063,0,0,0.293,0,0,0,0
9/26/2011 12:40,0.524,-0.092,0.074,0,0,0.308,0,0,0,0
9/26/2011 12:50,0.516,-0.095,0.078,0,0,0.316,0,0,0,0
9/26/2011 13:00,0.505,-0.097,0.08,0,0,0.325,0,0,0,0
9/26/2011 13:10,0.495,-0.099,0.08,0,0,0.339,0,0,0,0
9/26/2011 13:20,0.483,-0.104,0.077,0,0,0.346,0,0,0,0
9/26/2011 13:30,0.471,-0.11,0.071,0,0,0.346,0,0,0,0
9/26/2011 13:40,0.457,-0.113,0.069,0,0,0.345,0,0,0,0
9/26/2011 13:50,0.442,-0.116,0.068,0,0,0.349,0,0,0,0
9/26/2011 14:00,0.427,-0.118,0.066,0,0,0.347,0,0,0,0
9/26/2011 14:10,0.41,-0.12,0.063,0,0,0.347,0,0,0,0
9/26/2011 14:20,0.391,-0.122,0.062,0,0,0.342,0,0,0,0
9/26/2011 14:30,0.372,-0.122,0.061,0,0,0.34,0,0,0,0
9/26/2011 14:40,0.353,-0.123,0.058,0,0,0.341,0,0,0,0
9/26/2011 14:50,0.333,-0.125,0.057,0,0,0.341,0,0,0,0
9/26/2011 15:00,0.311,-0.126,0.055,0,0,0.342,0,0,0,0
9/26/2011 15:10,0.29,-0.127,0.054,0,0,0.343,0,0,0,0
9/26/2011 15:20,0.269,-0.128,0.053,0,0,0.341,0,0,0,0
9/26/2011 15:30,0.249,-0.128,0.053,0,0,0.34,0,0,0,0
9/26/2011 15:40,0.226,-0.129,0.054,0,0,0.338,0,0,0,0
9/26/2011 15:50,0.204,-0.133,0.051,0,0,0.336,0,0,0,0
9/26/2011 16:00,0.182,-0.131,0.052,0,0,0.331,0,0,0,0
9/26/2011 16:10,0.161,-0.132,0.052,0,0,0.323,0,0,0,0
9/26/2011 16:20,0.141,-0.128,0.053,0,0,0.321,0,0,0,0
9/26/2011 16:30,0.121,-0.127,0.056,0,0,0.319,0,0,0,0
9/26/2011 16:40,0.1,-0.127,0.057,0,0,0.316,0,0,0,0
9/26/2011 16:50,0.066,-0.126,0.06,0,0,0.314,0,0,0,0
9/26/2011 17:00,0.036,-0.125,0.063,0,0,0.311,0,0,0,0
9/26/2011 17:10,0.027,-0.122,0.068,0,0,0.307,0,0,0,0
9/26/2011 17:20,0.019,-0.119,0.074,0,0,0.303,0,0,0,0
9/26/2011 17:30,0.012,-0.118,0.08,0,0,0.299,0,0,0,0
9/26/2011 17:40,0.005,-0.116,0.085,0,0,0.295,0,0,0,0
9/26/2011 17:50,0.002,-0.115,0.092,0,0,0.29,0,0,0,0
9/26/2011 18:00,0.001,-0.113,0.098,0,0,0.287,0,0,0,0
9/26/2011 18:10,0,-0.113,0.105,0,0,0.282,0,0,0,0
9/26/2011 18:20,0,-0.112,0.11,0,0,0.278,0,0,0,0
9/26/2011 18:30,0,-0.112,0.117,0,0,0.271,0,0,0,0
9/26/2011 18:40,0,-0.113,0.122,0,0,0.265,0,0,0,0
9/26/2011 18:50,0,-0.113,0.127,0,0,0.259,0,0,0,0
9/26/2011 19:00,0,-0.114,0.13,0,0,0.252,0,0,0,0
9/26/2011 19:10,0,-0.115,0.134,0,0,0.245,0,0,0,0
9/26/2011 19:20,0,-0.116,0.137,0,0,0.239,0,0,0,0
9/26/2011 19:30,0,-0.117,0.14,0,0,0.231,0,0,0,0
9/26/2011 19:40,0,-0.118,0.143,0,0,0.213,0,0,0,0
9/26/2011 19:50,0,-0.119,0.145,0,0,0.197,0,0,0,0
9/26/2011 20:00,0,-0.121,0.146,0,0,0.185,0,0,0,0
9/26/2011 20:10,0,-0.123,0.147,0,0,0.174,0,0,0,0
9/26/2011 20:20,0,-0.126,0.147,0,0,0.166,0,0,0,0
9/26/2011 20:30,0,-0.128,0.148,0,0,0.158,0,0,0,0
9/26/2011 20:40,0,-0.13,0.148,0,0,0.15,0,0,0,0
9/26/2011 20:50,0,-0.132,0.147,0,0,0.141,0,0,0,0
9/26/2011 21:00,0,-0.133,0.146,0,0,0.136,0,0,0,0
9/26/2011 21:10,0,-0.135,0.145,0,0,0.131,0,0,0,0
9/26/2011 21:20,0,-0.137,0.145,0,0,0.118,0,0,0,0
9/26/2011 21:30,0,-0.144,0.144,0,0,0.094,0,0,0,0
9/26/2011 21:40,0,-0.154,0.141,0,0,0.074,0,0,0,0
9/26/2011 21:50,0,-0.157,0.137,0,0,0.069,0,0,0,0
9/26/2011 22:00,0,-0.158,0.136,0,0,0.066,0,0,0,0
9/26/2011 22:10,0,-0.159,0.134,0,0,0.062,0,0,0,0
9/26/2011 22:20,0,-0.165,0.132,0,0,0.058,0,0,0,0
9/26/2011 22:30,0,-0.165,0.13,0,0,0.057,0,0,0,0
9/26/2011 22:40,0,-0.165,0.13,0,0,0.054,0,0,0,0
9/26/2011 22:50,0,-0.168,0.128,0,0,0.046,0,0,0,0
9/26/2011 23:00,0,-0.17,0.126,0,0,0.044,0,0,0,0
9/26/2011 23:10,0,-0.173,0.125,0,0,0.037,0,0,0,0
9/26/2011 23:20,0,-0.186,0.122,0,0,0.027,0,0,0,0
9/26/2011 23:30,0,-0.192,0.118,0,0,0.024,0,0,0,0
9/26/2011 23:40,0,-0.193,0.117,0,0,0.024,0,0,0,0
9/26/2011 23:50,0,-0.191,0.116,0,0,0.025,0,0,0,0
9/27/2011 0:00,0,-0.194,0.115,0,0,0.023,0,0,0,0
9/27/2011 0:10,0,-0.198,0.112,0,0,0.021,0,0,0,0
9/27/2011 0:20,0,-0.2,0.11,0,0,0.021,0,0,0,0
9/27/2011 0:30,0,-0.198,0.11,0,0,0.023,0,0,0,0
9/27/2011 0:40,0,-0.195,0.11,0,0,0.023,0,0,0,0
9/27/2011 0:50,0,-0.197,0.109,0,0,0.025,0,0,0,0
9/27/2011 1:00,0,-0.2,0.108,0,0,0.025,0,0,0,0
9/27/2011 1:10,0,-0.202,0.107,0,0,0.022,0,0,0,0
9/27/2011 1:20,0,-0.203,0.106,0,0,0.015,0,0,0,0
9/27/2011 1:30,0,-0.21,0.105,0,0,0.007,0,0,0,0
9/27/2011 1:40,0,-0.213,0.103,0,0,0.004,0,0,0,0
9/27/2011 1:50,0,-0.215,0.102,0,0,0.002,0,0,0,0
9/27/2011 2:00,0,-0.219,0.101,0,0,0,0,0,0,0
9/27/2011 2:10,0,-0.22,0.1,0,0,0,0,0,0,0
9/27/2011 2:20,0,-0.222,0.098,0,0,0,0,0,0,0
9/27/2011 2:30,0,-0.225,0.095,0,0,0,0,0,0,0
9/27/2011 2:40,0,-0.226,0.094,0,0,0,0,0,0,0
9/27/2011 2:50,0,-0.228,0.093,0,0,0,0,0,0,0
9/27/2011 3:00,0,-0.227,0.092,0,0,0,0,0,0,0
9/27/2011 3:10,0,-0.226,0.092,0,0,0,0,0,0,0
9/27/2011 3:20,0,-0.225,0.091,0,0,0,0,0,0,0
9/27/2011 3:30,0,-0.224,0.09,0,0,0,0,0,0,0
9/27/2011 3:40,0,-0.228,0.089,0,0,0,0,0,0,0
9/27/2011 3:50,0,-0.229,0.088,0,0,0,0,0,0,0
9/27/2011 4:00,0,-0.232,0.087,0,0,0,0,0,0,0
9/27/2011 4:10,0,-0.233,0.086,0,0,0,0,0,0,0
9/27/2011 4:20,0,-0.238,0.084,0,0,0,0,0,0,0
9/27/2011 4:30,0,-0.243,0.083,0,0,0,0,0,0,0
9/27/2011 4:40,0,-0.244,0.082,0,0,0,0,0,0,0
9/27/2011 4:50,0,-0.244,0.08,0,0,0,0,0,0,0
9/27/2011 5:00,0,-0.247,0.079,0,0,0,0,0,0,0
9/27/2011 5:10,0,-0.25,0.077,0,0,0,0,0,0,0
9/27/2011 5:20,0,-0.252,0.075,0,0,0,0,0,0,0
9/27/2011 5:30,0.001,-0.255,0.073,0,0,0,0,0,0,0
9/27/2011 5:40,0.002,-0.256,0.073,0,0,0,0,0,0,0
9/27/2011 5:50,0.005,-0.255,0.072,0,0,0,0,0,0,0
9/27/2011 6:00,0.009,-0.258,0.071,0,0,0,0,0,0,0
9/27/2011 6:10,0.014,-0.261,0.07,0,0,0,0,0,0,0
9/27/2011 6:20,0.019,-0.264,0.068,0,0,0,0,0,0,0
9/27/2011 6:30,0.023,-0.267,0.067,0,0,0,0,0,0,0
9/27/2011 6:40,0.027,-0.268,0.066,0,0,0,0,0,0,0
9/27/2011 6:50,0.031,-0.268,0.064,0,0,0,0,0,0,0
9/27/2011 7:00,0.035,-0.273,0.062,0,0,0,0,0,0,0
9/27/2011 7:10,0.038,-0.281,0.061,0,0,0,0,0,0,0
9/27/2011 7:20,0.041,-0.294,0.055,0,0,0,0.003,0,0,0
9/27/2011 7:30,0.043,-0.301,0.048,0,0,0,0.02,0,0,0
9/27/2011 7:40,0.046,-0.304,0.042,0,0,0,0.027,0,0,0
9/27/2011 7:50,0.05,-0.309,0.036,0,0,0,0.032,0,0,0
9/27/2011 8:00,0.057,-0.31,0.028,0,0,0,0.038,0,0,0
9/27/2011 8:10,0.059,-0.312,0.016,0,0,0,0.046,0,0,0
9/27/2011 8:20,0.063,-0.308,0.003,0,0,0,0.056,0,0,0
9/27/2011 8:30,0.086,-0.303,0,0,0,0,0.065,0,0,0
9/27/2011 8:40,0.077,-0.298,0,0,0,0,0.073,0,0,0
9/27/2011 8:50,0.064,-0.293,0,0,0,0,0.082,0,0,0
9/27/2011 9:00,0.066,-0.291,0,0,0,0,0.09,0,0,0
9/27/2011 9:10,0.069,-0.273,0,0,0,0,0.096,0,0,0
9/27/2011 9:20,0.072,-0.266,0,0,0,0,0.099,0,0,0
9/27/2011 9:30,0.076,-0.264,0,0,0,0,0.103,0,0,0
9/27/2011 9:40,0.078,-0.261,0,0,0,0,0.103,0,0,0
9/27/2011 9:50,0.211,-0.255,0,0,0,0,0.101,0,0,0
9/27/2011 10:00,0.469,-0.255,0,0,0,0,0.097,0,0,0
9/27/2011 10:10,0.49,-0.256,0,0,0,0,0.095,0,0,0
9/27/2011 10:20,0.502,-0.258,0,0,0,0,0.092,0,0,0
9/27/2011 10:30,0.512,-0.265,0,0,0,0,0.084,0,0,0
9/27/2011 10:40,0.52,-0.276,0,0,0,0,0.075,0,0,0
9/27/2011 10:50,0.529,-0.278,0,0,0,0,0.067,0,0,0
9/27/2011 11:00,0.532,-0.277,0,0,0,0,0.059,0,0,0
9/27/2011 11:10,0.531,-0.254,0,0,0,0,0.04,0,0,0
9/27/2011 11:20,0.529,-0.239,0,0,0,0,0.016,0,0,0
9/27/2011 11:30,0.536,-0.205,0,0,0,0.018,0.001,0,0,0
9/27/2011 11:40,0.533,-0.171,0,0,0,0.086,0,0,0,0
9/27/2011 11:50,0.534,-0.144,0,0,0,0.149,0,0,0,0
9/27/2011 12:00,0.532,-0.12,0,0,0,0.213,0,0,0,0
9/27/2011 12:10,0.531,-0.104,0.014,0,0,0.268,0,0,0,0
9/27/2011 12:20,0.532,-0.095,0.035,0,0,0.295,0,0,0,0
9/27/2011 12:30,0.524,-0.092,0.052,0,0,0.314,0,0,0,0
9/27/2011 12:40,0.517,-0.09,0.066,0,0,0.334,0,0,0,0
9/27/2011 12:50,0.51,-0.093,0.076,0,0,0.344,0,0,0,0
9/27/2011 13:00,0.492,-0.097,0.084,0,0,0.357,0,0,0,0
9/27/2011 13:10,0.471,-0.103,0.089,0,0,0.359,0,0,0,0
9/27/2011 13:20,0.468,-0.108,0.093,0,0,0.359,0,0,0,0
9/27/2011 13:30,0.46,-0.11,0.093,0,0,0.369,0,0,0,0
9/27/2011 13:40,0.452,-0.112,0.096,0,0,0.377,0,0,0,0
9/27/2011 13:50,0.439,-0.115,0.098,0,0,0.376,0,0,0,0
9/27/2011 14:00,0.419,-0.118,0.097,0,0,0.373,0,0,0,0
9/27/2011 14:10,0.388,-0.122,0.093,0,0,0.368,0,0,0,0
9/27/2011 14:20,0.383,-0.124,0.091,0,0,0.368,0,0,0,0
9/27/2011 14:30,0.369,-0.125,0.088,0,0,0.371,0,0,0,0
9/27/2011 14:40,0.335,-0.127,0.086,0,0,0.368,0,0,0,0
9/27/2011 14:50,0.315,-0.128,0.083,0,0,0.366,0,0,0,0
9/27/2011 15:00,0.292,-0.129,0.078,0,0,0.367,0,0,0,0
9/27/2011 15:10,0.279,-0.129,0.076,0,0,0.366,0,0,0,0
9/27/2011 15:20,0.268,-0.129,0.072,0,0,0.368,0,0,0,0
9/27/2011 15:30,0.246,-0.129,0.067,0,0,0.367,0,0,0,0
9/27/2011 15:40,0.226,-0.132,0.065,0,0,0.366,0,0,0,0
9/27/2011 15:50,0.208,-0.136,0.063,0,0,0.366,0,0,0,0
9/27/2011 16:00,0.188,-0.135,0.062,0,0,0.364,0,0,0,0
9/27/2011 16:10,0.167,-0.134,0.062,0,0,0.359,0,0,0,0
9/27/2011 16:20,0.144,-0.13,0.064,0,0,0.358,0,0,0,0
9/27/2011 16:30,0.122,-0.127,0.066,0,0,0.355,0,0,0,0
9/27/2011 16:40,0.1,-0.127,0.068,0,0,0.354,0,0,0,0
9/27/2011 16:50,0.062,-0.127,0.07,0,0,0.351,0,0,0,0
9/27/2011 17:00,0.035,-0.124,0.075,0,0,0.348,0,0,0,0
9/27/2011 17:10,0.024,-0.121,0.081,0,0,0.345,0,0,0,0
9/27/2011 17:20,0.014,-0.119,0.087,0,0,0.34,0,0,0,0
9/27/2011 17:30,0.008,-0.116,0.094,0,0,0.335,0,0,0,0
9/27/2011 17:40,0.004,-0.113,0.101,0,0,0.331,0,0,0,0
9/27/2011 17:50,0.001,-0.111,0.107,0,0,0.326,0,0,0,0
9/27/2011 18:00,0,-0.11,0.115,0,0,0.32,0,0,0,0
9/27/2011 18:10,0,-0.109,0.121,0,0,0.315,0,0,0,0
9/27/2011 18:20,0,-0.107,0.127,0,0,0.311,0,0,0,0
9/27/2011 18:30,0,-0.108,0.132,0,0,0.306,0,0,0,0
9/27/2011 18:40,0,-0.107,0.138,0,0,0.298,0,0,0,0
9/27/2011 18:50,0,-0.107,0.143,0,0,0.291,0,0,0,0
9/27/2011 19:00,0,-0.107,0.147,0,0,0.28,0,0,0,0
9/27/2011 19:10,0,-0.108,0.151,0,0,0.27,0,0,0,0
9/27/2011 19:20,0,-0.108,0.154,0,0,0.263,0,0,0,0
9/27/2011 19:30,0,-0.108,0.156,0,0,0.254,0,0,0,0
9/27/2011 19:40,0,-0.11,0.158,0,0,0.24,0,0,0,0
9/27/2011 19:50,0,-0.111,0.159,0,0,0.228,0,0,0,0
9/27/2011 20:00,0,-0.113,0.159,0,0,0.219,0,0,0,0
9/27/2011 20:10,0,-0.115,0.158,0,0,0.208,0,0,0,0
9/27/2011 20:20,0,-0.118,0.157,0,0,0.194,0,0,0,0
9/27/2011 20:30,0,-0.121,0.156,0,0,0.187,0,0,0,0
9/27/2011 20:40,0,-0.124,0.156,0,0,0.176,0,0,0,0
9/27/2011 20:50,0,-0.128,0.154,0,0,0.169,0,0,0,0
9/27/2011 21:00,0,-0.129,0.153,0,0,0.164,0,0,0,0
9/27/2011 21:10,0,-0.133,0.152,0,0,0.155,0,0,0,0
9/27/2011 21:20,0,-0.138,0.15,0,0,0.145,0,0,0,0
9/27/2011 21:30,0,-0.141,0.15,0,0,0.134,0,0,0,0
9/27/2011 21:40,0,-0.151,0.148,0,0,0.12,0,0,0,0
9/27/2011 21:50,0,-0.158,0.144,0,0,0.113,0,0,0,0
9/27/2011 22:00,0,-0.165,0.14,0,0,0.107,0,0,0,0
9/27/2011 22:10,0,-0.168,0.139,0,0,0.1,0,0,0,0
9/27/2011 22:20,0,-0.172,0.137,0,0,0.091,0,0,0,0
9/27/2011 22:30,0,-0.179,0.136,0,0,0.076,0,0,0,0
9/27/2011 22:40,0,-0.189,0.132,0,0,0.063,0,0,0,0
9/27/2011 22:50,0,-0.201,0.127,0,0,0.046,0,0,0,0
9/27/2011 23:00,0,-0.206,0.124,0,0,0.035,0,0,0,0
9/27/2011 23:10,0,-0.207,0.121,0,0,0.033,0,0,0,0
9/27/2011 23:20,0,-0.204,0.119,0,0,0.034,0,0,0,0
9/27/2011 23:30,0,-0.199,0.118,0,0,0.036,0,0,0,0
9/27/2011 23:40,0,-0.198,0.117,0,0,0.038,0,0,0,0
9/27/2011 23:50,0,-0.2,0.115,0,0,0.032,0,0,0,0
9/28/2011 0:00,0,-0.208,0.113,0,0,0.021,0,0,0,0
9/28/2011 0:10,0,-0.214,0.11,0,0,0.017,0,0,0,0
9/28/2011 0:20,0,-0.218,0.108,0,0,0.015,0,0,0,0
9/28/2011 0:30,0,-0.221,0.105,0,0,0.013,0,0,0,0
9/28/2011 0:40,0,-0.222,0.104,0,0,0.013,0,0,0,0
9/28/2011 0:50,0,-0.224,0.103,0,0,0.013,0,0,0,0
9/28/2011 1:00,0,-0.224,0.101,0,0,0.013,0,0,0,0
9/28/2011 1:10,0,-0.225,0.1,0,0,0.01,0,0,0,0
9/28/2011 1:20,0,-0.231,0.098,0,0,0.006,0,0,0,0
9/28/2011 1:30,0,-0.236,0.095,0,0,0,0,0,0,0
9/28/2011 1:40,0,-0.242,0.092,0,0,0,0,0,0,0
9/28/2011 1:50,0,-0.245,0.089,0,0,0,0,0,0,0
9/28/2011 2:00,0,-0.246,0.087,0,0,0,0,0,0,0
9/28/2011 2:10,0,-0.245,0.084,0,0,0,0,0,0,0
9/28/2011 2:20,0,-0.248,0.081,0,0,0,0,0,0,0
9/28/2011 2:30,0,-0.253,0.079,0,0,0,0,0,0,0
9/28/2011 2:40,0,-0.255,0.074,0,0,0,0,0,0,0
9/28/2011 2:50,0,-0.259,0.071,0,0,0,0,0,0,0
9/28/2011 3:00,0,-0.268,0.067,0,0,0,0,0,0,0
9/28/2011 3:10,0,-0.272,0.063,0,0,0,0,0,0,0
9/28/2011 3:20,0,-0.275,0.057,0,0,0,0.001,0,0,0
9/28/2011 3:30,0,-0.28,0.054,0,0,0,0.003,0,0,0
9/28/2011 3:40,0,-0.284,0.049,0,0,0,0.004,0,0,0
9/28/2011 3:50,0,-0.291,0.045,0,0,0,0.006,0,0,0
9/28/2011 4:00,0,-0.299,0.041,0,0,0,0.014,0,0,0
9/28/2011 4:10,0,-0.313,0.034,0,0,0,0.026,0,0,0
9/28/2011 4:20,0,-0.321,0.025,0,0,0,0.039,0,0,0
9/28/2011 4:30,0,-0.324,0.015,0,0,0,0.052,0,0,0
9/28/2011 4:40,0,-0.323,0.006,0,0,0,0.061,0,0,0
9/28/2011 4:50,0,-0.321,0,0,0,0,0.064,0,0,0
9/28/2011 5:00,0,-0.318,0,0,0,0,0.064,0,0,0
9/28/2011 5:10,0,-0.317,0,0,0,0,0.064,0,0,0
9/28/2011 5:20,0,-0.313,0,0,0,0,0.065,0,0,0
9/28/2011 5:30,0,-0.311,0,0,0,0,0.066,0,0,0
9/28/2011 5:40,0.002,-0.311,0,0,0,0,0.067,0,0,0
9/28/2011 5:50,0.004,-0.308,0,0,0,0,0.074,0,0,0
9/28/2011 6:00,0.009,-0.309,0,0,0,0,0.075,0,0,0
9/28/2011 6:10,0.015,-0.31,0,0,0,0,0.07,0,0,0
9/28/2011 6:20,0.022,-0.312,0,0,0,0,0.072,0,0,0
9/28/2011 6:30,0.028,-0.308,0,0,0,0,0.071,0,0,0
9/28/2011 6:40,0.035,-0.304,0,0,0,0,0.071,0,0,0
9/28/2011 6:50,0.043,-0.3,0,0,0,0,0.073,0,0,0
9/28/2011 7:00,0.05,-0.299,0,0,0,0,0.078,0,0,0
9/28/2011 7:10,0.055,-0.296,0,0,0,0,0.083,0,0,0
9/28/2011 7:20,0.063,-0.287,0,0,0,0,0.087,0,0,0
9/28/2011 7:30,0.072,-0.279,0,0,0,0,0.092,0,0,0
9/28/2011 7:40,0.079,-0.272,0,0,0,0,0.095,0,0,0
9/28/2011 7:50,0.093,-0.266,0,0,0,0,0.098,0,0,0
9/28/2011 8:00,0.147,-0.26,0,0,0,0,0.101,0,0,0
9/28/2011 8:10,0.135,-0.26,0,0,0,0,0.102,0,0,0
9/28/2011 8:20,0.133,-0.26,0,0,0,0,0.104,0,0,0
9/28/2011 8:30,0.165,-0.26,0,0,0,0,0.102,0,0,0
9/28/2011 8:40,0.133,-0.261,0,0,0,0,0.101,0,0,0
9/28/2011 8:50,0.129,-0.264,0,0,0,0,0.096,0,0,0
9/28/2011 9:00,0.138,-0.265,0,0,0,0,0.093,0,0,0
9/28/2011 9:10,0.174,-0.256,0,0,0,0,0.089,0,0,0
9/28/2011 9:20,0.205,-0.264,0,0,0,0,0.085,0,0,0
9/28/2011 9:30,0.233,-0.262,0,0,0,0,0.082,0,0,0
9/28/2011 9:40,0.242,-0.265,0,0,0,0,0.081,0,0,0
9/28/2011 9:50,0.196,-0.263,0,0,0,0,0.079,0,0,0
9/28/2011 10:00,0.396,-0.267,0,0,0,0,0.112,0,0,0
9/28/2011 10:10,0.449,-0.267,0,0,0,0,0.1,0,0,0
9/28/2011 10:20,0.415,-0.262,0,0,0,0.001,0.089,0,0,0
9/28/2011 10:30,0.467,-0.246,0,0,0,0.001,0.077,0,0,0
9/28/2011 10:40,0.477,-0.241,0,0,0,0,0.056,0,0,0
9/28/2011 10:50,0.425,-0.233,0,0,0,0.008,0.037,0,0,0
9/28/2011 11:00,0.498,-0.211,0,0,0,0.049,0.012,0,0,0
9/28/2011 11:10,0.495,-0.191,0,0,0,0.093,0,0,0,0
9/28/2011 11:20,0.352,-0.177,0,0,0,0.127,0,0,0,0
9/28/2011 11:30,0.494,-0.154,0,0,0,0.167,0,0,0,0
9/28/2011 11:40,0.284,-0.154,0,0,0,0.186,0,0,0,0
9/28/2011 11:50,0.397,-0.136,0,0,0,0.212,0,0,0,0
9/28/2011 12:00,0.517,-0.124,0.007,0,0,0.232,0,0,0,0
9/28/2011 12:10,0.464,-0.122,0.018,0,0,0.247,0,0,0,0
9/28/2011 12:20,0.557,-0.1,0.034,0,0,0.278,0,0,0,0
9/28/2011 12:30,0.387,-0.097,0.046,0,0,0.297,0,0,0,0
9/28/2011 12:40,0.472,-0.086,0.061,0,0,0.314,0,0,0,0
9/28/2011 12:50,0.393,-0.087,0.073,0,0,0.317,0,0,0,0
9/28/2011 13:00,0.539,-0.08,0.084,0,0,0.326,0,0,0,0
9/28/2011 13:10,0.386,-0.087,0.089,0,0,0.323,0,0,0,0
9/28/2011 13:20,0.338,-0.091,0.091,0,0,0.325,0,0,0,0
9/28/2011 13:30,0.515,-0.082,0.101,0,0,0.338,0,0,0,0
9/28/2011 13:40,0.328,-0.091,0.103,0,0,0.336,0,0,0,0
9/28/2011 13:50,0.405,-0.089,0.107,0,0,0.345,0,0,0,0
9/28/2011 14:00,0.317,-0.095,0.11,0,0,0.344,0,0,0,0
9/28/2011 14:10,0.387,-0.094,0.112,0,0,0.35,0,0,0,0
9/28/2011 14:20,0.368,-0.093,0.117,0,0,0.352,0,0,0,0
9/28/2011 14:30,0.183,-0.104,0.114,0,0,0.349,0,0,0,0
9/28/2011 14:40,0.331,-0.096,0.118,0,0,0.362,0,0,0,0
9/28/2011 14:50,0.32,-0.096,0.12,0,0,0.369,0,0,0,0
9/28/2011 15:00,0.308,-0.097,0.118,0,0,0.373,0,0,0,0
9/28/2011 15:10,0.287,-0.1,0.116,0,0,0.374,0,0,0,0
9/28/2011 15:20,0.271,-0.102,0.113,0,0,0.375,0,0,0,0
9/28/2011 15:30,0.243,-0.107,0.108,0,0,0.374,0,0,0,0
9/28/2011 15:40,0.22,-0.112,0.104,0,0,0.372,0,0,0,0
9/28/2011 15:50,0.204,-0.117,0.102,0,0,0.371,0,0,0,0
9/28/2011 16:00,0.16,-0.118,0.1,0,0,0.369,0,0,0,0
9/28/2011 16:10,0.142,-0.118,0.098,0,0,0.366,0,0,0,0
9/28/2011 16:20,0.139,-0.116,0.098,0,0,0.371,0,0,0,0
9/28/2011 16:30,0.125,-0.115,0.098,0,0,0.375,0,0,0,0
9/28/2011 16:40,0.104,-0.115,0.099,0,0,0.376,0,0,0,0
9/28/2011 16:50,0.05,-0.117,0.099,0,0,0.377,0,0,0,0
9/28/2011 17:00,0.029,-0.117,0.101,0,0,0.379,0,0,0,0
9/28/2011 17:10,0.021,-0.115,0.105,0,0,0.376,0,0,0,0
9/28/2011 17:20,0.013,-0.114,0.109,0,0,0.377,0,0,0,0
9/28/2011 17:30,0.007,-0.112,0.117,0,0,0.381,0,0,0,0
9/28/2011 17:40,0.003,-0.114,0.124,0,0,0.379,0,0,0,0
9/28/2011 17:50,0.002,-0.111,0.131,0,0,0.372,0,0,0,0
9/28/2011 18:00,0,-0.112,0.135,0,0,0.365,0,0,0,0
9/28/2011 18:10,0,-0.109,0.14,0,0,0.36,0,0,0,0
9/28/2011 18:20,0,-0.107,0.145,0,0,0.355,0,0,0,0
9/28/2011 18:30,0,-0.106,0.151,0,0,0.349,0,0,0,0
9/28/2011 18:40,0,-0.106,0.155,0,0,0.344,0,0,0,0
9/28/2011 18:50,0,-0.105,0.159,0,0,0.338,0,0,0,0
9/28/2011 19:00,0,-0.105,0.164,0,0,0.329,0,0,0,0
9/28/2011 19:10,0,-0.107,0.168,0,0,0.319,0,0,0,0
9/28/2011 19:20,0,-0.103,0.17,0,0,0.312,0.002,0,0,0
9/28/2011 19:30,0,-0.1,0.175,0,0,0.306,0.006,0,0,0
9/28/2011 19:40,0,-0.108,0.176,0,0,0.299,0.008,0,0,0
9/28/2011 19:50,0,-0.112,0.176,0,0,0.293,0.012,0,0,0
9/28/2011 20:00,0,-0.112,0.177,0,0,0.282,0.012,0,0,0
9/28/2011 20:10,0,-0.115,0.177,0,0,0.273,0.014,0,0,0
9/28/2011 20:20,0,-0.118,0.177,0,0,0.267,0.014,0,0,0
9/28/2011 20:30,0,-0.108,0.18,0,0,0.262,0.014,0,0,0
9/28/2011 20:40,0,-0.108,0.181,0,0,0.254,0.012,0,0,0
9/28/2011 20:50,0,-0.112,0.179,0,0,0.246,0.009,0,0,0
9/28/2011 21:00,0,-0.113,0.179,0,0,0.238,0.005,0,0,0
9/28/2011 21:10,0,-0.112,0.179,0,0,0.233,0.001,0,0,0
9/28/2011 21:20,0,-0.102,0.18,0,0,0.229,0,0,0,0
9/28/2011 21:30,0,-0.107,0.179,0,0,0.227,0,0,0,0
9/28/2011 21:40,0,-0.113,0.178,0,0,0.227,0,0,0,0
9/28/2011 21:50,0,-0.114,0.178,0,0,0.227,0,0,0,0
9/28/2011 22:00,0,-0.111,0.177,0,0,0.228,0,0,0,0
9/28/2011 22:10,0,-0.113,0.176,0,0,0.229,0,0,0,0
9/28/2011 22:20,0,-0.113,0.175,0,0,0.23,0,0,0,0
9/28/2011 22:30,0,-0.114,0.175,0,0,0.23,0,0,0,0
9/28/2011 22:40,0,-0.106,0.177,0,0,0.227,0,0,0,0
9/28/2011 22:50,0,-0.111,0.177,0,0,0.224,0,0,0,0
9/28/2011 23:00,0,-0.116,0.176,0,0,0.219,0,0,0,0
9/28/2011 23:10,0,-0.12,0.176,0,0,0.21,0,0,0,0
9/28/2011 23:20,0,-0.12,0.176,0,0,0.2,0,0,0,0
9/28/2011 23:30,0,-0.128,0.175,0,0,0.192,0,0,0,0
9/28/2011 23:40,0,-0.136,0.173,0,0,0.186,0,0,0,0
9/28/2011 23:50,0,-0.138,0.173,0,0,0.184,0,0,0,0
9/29/2011 0:00,0,-0.139,0.172,0,0,0.185,0,0,0,0
9/29/2011 0:10,0,-0.134,0.171,0,0,0.188,0,0,0,0
9/29/2011 0:20,0,-0.13,0.17,0,0,0.191,0,0,0,0
9/29/2011 0:30,0,-0.132,0.169,0,0,0.191,0,0,0,0
9/29/2011 0:40,0,-0.132,0.169,0,0,0.193,0,0,0,0
9/29/2011 0:50,0,-0.119,0.17,0,0,0.196,0,0,0,0
9/29/2011 1:00,0,-0.117,0.17,0,0,0.2,0,0,0,0
9/29/2011 1:10,0,-0.123,0.168,0,0,0.203,0,0,0,0
9/29/2011 1:20,0,-0.125,0.168,0,0,0.199,0,0,0,0
9/29/2011 1:30,0,-0.13,0.169,0,0,0.189,0,0,0,0
9/29/2011 1:40,0,-0.132,0.168,0,0,0.186,0,0,0,0
9/29/2011 1:50,0,-0.131,0.169,0,0,0.186,0,0,0,0
9/29/2011 2:00,0,-0.131,0.171,0,0,0.182,0,0,0,0
9/29/2011 2:10,0,-0.139,0.17,0,0,0.172,0,0,0,0
9/29/2011 2:20,0,-0.145,0.168,0,0,0.169,0,0,0,0
9/29/2011 2:30,0,-0.145,0.168,0,0,0.17,0,0,0,0
9/29/2011 2:40,0,-0.146,0.168,0,0,0.17,0,0,0,0
9/29/2011 2:50,0,-0.146,0.168,0,0,0.17,0,0,0,0
9/29/2011 3:00,0,-0.148,0.168,0,0,0.167,0,0,0,0
9/29/2011 3:10,0,-0.152,0.167,0,0,0.164,0,0,0,0
9/29/2011 3:20,0,-0.158,0.166,0,0,0.156,0,0,0,0
9/29/2011 3:30,0,-0.165,0.165,0,0,0.148,0,0,0,0
9/29/2011 3:40,0,-0.171,0.164,0,0,0.142,0,0,0,0
9/29/2011 3:50,0,-0.175,0.162,0,0,0.135,0,0,0,0
9/29/2011 4:00,0,-0.18,0.16,0,0,0.132,0,0,0,0
9/29/2011 4:10,0,-0.189,0.158,0,0,0.126,0,0,0,0
9/29/2011 4:20,0,-0.192,0.156,0,0,0.124,0,0,0,0
9/29/2011 4:30,0,-0.199,0.153,0,0,0.111,0,0,0,0
9/29/2011 4:40,0,-0.22,0.148,0,0,0.084,0,0,0,0
9/29/2011 4:50,0,-0.242,0.14,0,0,0.06,0.01,0,0,0
9/29/2011 5:00,0,-0.259,0.135,0,0,0.044,0.024,0,0,0
9/29/2011 5:10,0,-0.264,0.131,0,0,0.036,0.036,0,0,0
9/29/2011 5:20,0,-0.272,0.126,0,0,0.023,0.044,0,0,0
9/29/2011 5:30,0,-0.28,0.122,0,0,0.012,0.055,0,0,0
9/29/2011 5:40,0.001,-0.282,0.119,0,0,0.008,0.066,0,0,0
9/29/2011 5:50,0.003,-0.281,0.114,0,0,0.005,0.069,0,0,0
9/29/2011 6:00,0.009,-0.277,0.111,0,0,0.006,0.083,0,0,0
9/29/2011 6:10,0.017,-0.274,0.108,0,0,0.007,0.076,0,0,0
9/29/2011 6:20,0.027,-0.274,0.105,0,0,0.007,0.086,0,0,0
9/29/2011 6:30,0.037,-0.274,0.101,0,0,0.007,0.078,0,0,0
9/29/2011 6:40,0.04,-0.273,0.098,0,0,0.005,0.088,0,0,0
9/29/2011 6:50,0.038,-0.277,0.093,0,0,0,0.08,0,0,0
9/29/2011 7:00,0.043,-0.278,0.088,0,0,0,0.083,0,0,0
9/29/2011 7:10,0.049,-0.281,0.082,0,0,0,0.086,0,0,0
9/29/2011 7:20,0.052,-0.287,0.075,0,0,0,0.082,0,0,0
9/29/2011 7:30,0.045,-0.292,0.067,0,0,0,0.087,0,0,0
9/29/2011 7:40,0.039,-0.297,0.058,0,0,0,0.09,0,0,0
9/29/2011 7:50,0.047,-0.296,0.049,0,0,0,0.087,0,0,0
9/29/2011 8:00,0.076,-0.291,0.043,0,0,0,0.083,0,0,0
9/29/2011 8:10,0.091,-0.288,0.04,0,0,0,0.077,0,0,0
9/29/2011 8:20,0.111,-0.284,0.035,0,0,0,0.075,0,0,0
9/29/2011 8:30,0.147,-0.277,0.031,0,0,0,0.069,0,0,0
9/29/2011 8:40,0.121,-0.267,0.027,0,0,0,0.056,0,0,0
9/29/2011 8:50,0.144,-0.249,0.027,0,0,0.008,0.039,0,0,0
9/29/2011 9:00,0.168,-0.23,0.028,0,0,0.035,0.021,0,0,0
9/29/2011 9:10,0.152,-0.213,0.03,0,0,0.06,0.004,0,0,0
9/29/2011 9:20,0.135,-0.191,0.033,0,0,0.084,0,0,0,0
9/29/2011 9:30,0.121,-0.171,0.038,0,0,0.113,0,0,0,0
9/29/2011 9:40,0.131,-0.147,0.046,0,0,0.145,0,0,0,0
9/29/2011 12:20,0.52,-0.068,0.116,0,0,0.398,0.007,0,0,0
9/29/2011 12:30,0.524,-0.077,0.113,0,0,0.394,0,0,0,0
9/29/2011 12:40,0.521,-0.081,0.111,0,0,0.395,0,0,0,0
9/29/2011 12:50,0.515,-0.084,0.109,0,0,0.394,0,0,0,0
9/29/2011 13:00,0.488,-0.087,0.106,0,0,0.395,0,0,0,0
9/29/2011 13:10,0.481,-0.088,0.104,0,0,0.394,0,0,0,0
9/29/2011 13:20,0.47,-0.089,0.1,0,0,0.394,0,0,0,0
9/29/2011 13:30,0.461,-0.091,0.096,0,0,0.395,0,0,0,0
9/29/2011 13:40,0.45,-0.092,0.092,0,0,0.396,0,0,0,0
9/29/2011 13:50,0.433,-0.093,0.088,0,0,0.396,0,0,0,0
9/29/2011 14:00,0.42,-0.094,0.085,0,0,0.397,0,0,0,0
9/29/2011 14:10,0.406,-0.094,0.083,0,0,0.396,0,0,0,0
9/29/2011 14:20,0.388,-0.096,0.079,0,0,0.396,0,0,0,0
9/29/2011 14:30,0.358,-0.097,0.077,0,0,0.394,0,0,0,0
9/29/2011 14:40,0.338,-0.097,0.076,0,0,0.393,0,0,0,0
9/29/2011 14:50,0.317,-0.098,0.075,0,0,0.392,0,0,0,0
9/29/2011 15:00,0.305,-0.098,0.075,0,0,0.392,0,0,0,0
9/29/2011 15:10,0.285,-0.098,0.073,0,0,0.39,0,0,0,0
9/29/2011 15:20,0.264,-0.099,0.072,0,0,0.389,0,0,0,0
9/29/2011 15:30,0.243,-0.1,0.071,0,0,0.388,0,0,0,0
9/29/2011 15:40,0.224,-0.103,0.069,0,0,0.387,0,0,0,0
9/29/2011 15:50,0.205,-0.107,0.068,0,0,0.386,0,0,0,0
9/29/2011 16:00,0.185,-0.107,0.068,0,0,0.383,0,0,0,0
9/29/2011 16:10,0.162,-0.107,0.069,0,0,0.377,0,0,0,0
9/29/2011 16:20,0.144,-0.106,0.072,0,0,0.376,0,0,0,0
9/29/2011 16:30,0.123,-0.106,0.075,0,0,0.375,0,0,0,0
9/29/2011 16:40,0.1,-0.105,0.078,0,0,0.374,0,0,0,0
9/29/2011 16:50,0.056,-0.105,0.081,0,0,0.373,0,0,0,0
9/29/2011 17:00,0.034,-0.106,0.085,0,0,0.372,0,0,0,0
9/29/2011 17:10,0.026,-0.105,0.091,0,0,0.371,0,0,0,0
9/29/2011 17:20,0.019,-0.105,0.098,0,0,0.369,0,0,0,0
9/29/2011 17:30,0.01,-0.105,0.104,0,0,0.367,0,0,0,0
9/29/2011 17:40,0.004,-0.105,0.111,0,0,0.364,0,0,0,0
9/29/2011 17:50,0.001,-0.105,0.119,0,0,0.361,0,0,0,0
9/29/2011 18:00,0,-0.106,0.125,0,0,0.359,0,0,0,0
9/29/2011 18:10,0,-0.108,0.132,0,0,0.356,0,0,0,0
9/29/2011 18:20,0,-0.11,0.138,0,0,0.353,0,0,0,0
9/29/2011 18:30,0,-0.111,0.144,0,0,0.347,0,0,0,0
9/29/2011 18:40,0,-0.11,0.153,0,0,0.338,0.011,0,0,0
9/29/2011 18:50,0,-0.11,0.16,0,0,0.329,0.021,0,0,0
9/29/2011 19:00,0,-0.108,0.167,0,0,0.316,0.028,0,0,0
9/29/2011 19:10,0,-0.107,0.171,0,0,0.307,0.033,0,0,0
9/29/2011 19:20,0,-0.107,0.173,0,0,0.304,0.036,0,0,0
9/29/2011 19:30,0,-0.107,0.175,0,0,0.303,0.038,0,0,0
9/29/2011 19:40,0,-0.107,0.178,0,0,0.297,0.039,0,0,0
9/29/2011 19:50,0,-0.105,0.182,0,0,0.28,0.04,0,0,0
9/29/2011 20:00,0,-0.106,0.183,0,0,0.27,0.041,0,0,0
9/29/2011 20:10,0,-0.107,0.182,0,0,0.267,0.039,0,0,0
9/29/2011 20:20,0,-0.108,0.183,0,0,0.265,0.038,0,0,0
9/29/2011 20:30,0,-0.108,0.183,0,0,0.255,0.035,0,0,0
9/29/2011 20:40,0,-0.109,0.183,0,0,0.247,0.032,0,0,0
9/29/2011 20:50,0,-0.109,0.184,0,0,0.24,0.028,0,0,0
9/29/2011 21:00,0,-0.111,0.183,0,0,0.232,0.024,0,0,0
9/29/2011 21:10,0,-0.113,0.182,0,0,0.225,0.024,0,0,0
9/29/2011 21:20,0,-0.115,0.181,0,0,0.218,0.022,0,0,0
9/29/2011 21:30,0,-0.116,0.181,0,0,0.212,0.02,0,0,0
9/29/2011 21:40,0,-0.119,0.18,0,0,0.193,0.012,0,0,0
9/29/2011 21:50,0,-0.129,0.178,0,0,0.171,0.008,0,0,0
9/29/2011 22:00,0,-0.134,0.175,0,0,0.153,0.001,0,0,0
9/29/2011 22:10,0,-0.149,0.169,0,0,0.144,0,0,0,0
9/29/2011 22:20,0,-0.151,0.167,0,0,0.146,0,0,0,0
9/29/2011 22:30,0,-0.152,0.164,0,0,0.141,0,0,0,0
9/29/2011 22:40,0,-0.153,0.162,0,0,0.138,0,0,0,0
9/29/2011 22:50,0,-0.152,0.16,0,0,0.138,0,0,0,0
9/29/2011 23:00,0,-0.155,0.159,0,0,0.128,0,0,0,0
9/29/2011 23:10,0,-0.176,0.154,0,0,0.094,0,0,0,0
9/29/2011 23:20,0,-0.2,0.145,0,0,0.066,0,0,0,0
9/29/2011 23:30,0,-0.207,0.138,0,0,0.056,0,0,0,0
9/29/2011 23:40,0,-0.212,0.132,0,0,0.056,0,0,0,0
9/29/2011 23:50,0,-0.211,0.126,0,0,0.056,0,0,0,0
9/30/2011 0:00,0,-0.209,0.123,0,0,0.054,0,0,0,0
9/30/2011 0:10,0,-0.205,0.12,0,0,0.052,0,0,0,0
9/30/2011 0:20,0,-0.214,0.115,0,0,0.043,0,0,0,0
9/30/2011 0:30,0,-0.222,0.11,0,0,0.038,0,0,0,0
9/30/2011 0:40,0,-0.226,0.106,0,0,0.036,0,0,0,0
9/30/2011 0:50,0,-0.223,0.103,0,0,0.035,0,0,0,0
9/30/2011 1:00,0,-0.228,0.1,0,0,0.031,0,0,0,0
9/30/2011 1:10,0,-0.226,0.097,0,0,0.035,0,0,0,0
9/30/2011 1:20,0,-0.219,0.095,0,0,0.042,0,0,0,0
9/30/2011 1:30,0,-0.208,0.095,0,0,0.052,0,0,0,0
9/30/2011 1:40,0,-0.207,0.095,0,0,0.053,0,0,0,0
9/30/2011 1:50,0,-0.208,0.094,0,0,0.053,0,0,0,0
9/30/2011 2:00,0,-0.212,0.093,0,0,0.045,0,0,0,0
9/30/2011 2:10,0,-0.22,0.091,0,0,0.03,0,0,0,0
9/30/2011 2:20,0,-0.232,0.088,0,0,0.013,0,0,0,0
9/30/2011 2:30,0,-0.247,0.082,0,0,0,0,0,0,0
9/30/2011 2:40,0,-0.263,0.076,0,0,0,0,0,0,0
9/30/2011 2:50,0,-0.27,0.068,0,0,0,0,0,0,0
9/30/2011 3:00,0,-0.27,0.061,0,0,0,0,0,0,0
9/30/2011 3:10,0,-0.265,0.058,0,0,0,0,0,0,0
9/30/2011 3:20,0,-0.265,0.055,0,0,0,0,0,0,0
9/30/2011 3:30,0,-0.268,0.052,0,0,0,0,0,0,0
9/30/2011 3:40,0,-0.271,0.05,0,0,0,0.002,0,0,0
9/30/2011 3:50,0,-0.278,0.046,0,0,0,0.003,0,0,0
9/30/2011 4:00,0,-0.283,0.042,0,0,0,0.009,0,0,0
9/30/2011 4:10,0,-0.285,0.038,0,0,0,0.011,0,0,0
9/30/2011 4:20,0,-0.286,0.034,0,0,0,0.013,0,0,0
9/30/2011 4:30,0,-0.285,0.031,0,0,0,0.014,0,0,0
9/30/2011 4:40,0,-0.287,0.028,0,0,0,0.013,0,0,0
9/30/2011 4:50,0,-0.289,0.026,0,0,0,0.016,0,0,0
9/30/2011 5:00,0,-0.292,0.023,0,0,0,0.02,0,0,0
9/30/2011 5:10,0,-0.29,0.02,0,0,0,0.021,0,0,0
9/30/2011 5:20,0,-0.288,0.018,0,0,0,0.019,0,0,0
9/30/2011 5:30,0,-0.283,0.016,0,0,0,0.016,0,0,0
9/30/2011 5:40,0.001,-0.28,0.016,0,0,0,0.013,0,0,0
9/30/2011 5:50,0.003,-0.28,0.016,0,0,0,0.011,0,0,0
9/30/2011 6:00,0.007,-0.278,0.016,0,0,0,0.008,0,0,0
9/30/2011 6:10,0.011,-0.276,0.015,0,0,0,0.006,0,0,0
9/30/2011 6:20,0.013,-0.276,0.016,0,0,0,0.004,0,0,0
9/30/2011 6:30,0.014,-0.28,0.015,0,0,0,0.004,0,0,0
9/30/2011 6:40,0.018,-0.284,0.014,0,0,0,0.007,0,0,0
9/30/2011 6:50,0.022,-0.287,0.014,0,0,0,0.011,0,0,0
9/30/2011 7:00,0.025,-0.288,0.011,0,0,0,0.013,0,0,0
9/30/2011 7:10,0.026,-0.289,0.009,0,0,0,0.012,0,0,0
9/30/2011 7:20,0.028,-0.294,0.008,0,0,0,0.013,0,0,0
9/30/2011 7:30,0.029,-0.301,0.007,0,0,0,0.017,0,0,0
9/30/2011 7:40,0.031,-0.311,0.004,0,0,0,0.022,0,0,0
9/30/2011 7:50,0.033,-0.321,0.001,0,0,0,0.03,0,0,0
9/30/2011 8:00,0.052,-0.324,0,0,0,0,0.036,0,0,0
9/30/2011 8:10,0.08,-0.326,0,0,0,0,0.035,0,0,0
9/30/2011 8:20,0.125,-0.323,0,0,0,0,0.033,0,0,0
9/30/2011 8:30,0.184,-0.316,0,0,0,0,0.031,0,0,0
9/30/2011 8:40,0.04,-0.31,0,0,0,0,0.028,0,0,0
9/30/2011 8:50,0.039,-0.3,0,0,0,0,0.023,0,0,0
9/30/2011 9:00,0.039,-0.285,0,0,0,0,0.004,0,0,0
9/30/2011 9:10,0.041,-0.262,0,0,0,0,0,0,0,0
9/30/2011 9:20,0.073,-0.248,0,0,0,0,0,0,0,0
9/30/2011 9:30,0.045,-0.231,0,0,0,0,0,0,0,0
9/30/2011 9:40,0.047,-0.215,0,0,0,0.004,0,0,0,0
9/30/2011 9:50,0.093,-0.201,0,0,0,0.027,0,0,0,0
9/30/2011 10:00,0.435,-0.181,0,0,0,0.058,0,0,0,0
9/30/2011 10:10,0.486,-0.162,0,0,0,0.09,0,0,0,0
9/30/2011 10:20,0.495,-0.143,0,0,0,0.124,0,0,0,0
9/30/2011 10:30,0.505,-0.119,0,0,0,0.17,0,0,0,0
9/30/2011 10:40,0.512,-0.1,0.004,0,0,0.209,0,0,0,0
9/30/2011 10:50,0.518,-0.09,0.014,0,0,0.236,0,0,0,0
9/30/2011 11:00,0.522,-0.084,0.025,0,0,0.258,0,0,0,0
9/30/2011 11:10,0.523,-0.08,0.033,0,0,0.278,0,0,0,0
9/30/2011 11:20,0.528,-0.08,0.041,0,0,0.285,0,0,0,0
9/30/2011 11:30,0.53,-0.079,0.048,0,0,0.3,0,0,0,0
9/30/2011 11:40,0.528,-0.08,0.056,0,0,0.31,0,0,0,0
9/30/2011 11:50,0.529,-0.08,0.061,0,0,0.32,0,0,0,0
9/30/2011 12:00,0.525,-0.083,0.064,0,0,0.327,0,0,0,0
9/30/2011 12:10,0.52,-0.087,0.067,0,0,0.332,0,0,0,0
9/30/2011 12:20,0.516,-0.09,0.067,0,0,0.34,0,0,0,0
9/30/2011 12:30,0.508,-0.094,0.066,0,0,0.344,0,0,0,0
9/30/2011 12:40,0.502,-0.095,0.067,0,0,0.348,0,0,0,0
9/30/2011 12:50,0.492,-0.098,0.066,0,0,0.347,0,0,0,0
9/30/2011 13:00,0.483,-0.1,0.064,0,0,0.351,0,0,0,0
9/30/2011 13:10,0.472,-0.101,0.062,0,0,0.352,0,0,0,0
9/30/2011 13:20,0.455,-0.103,0.061,0,0,0.354,0,0,0,0
9/30/2011 13:30,0.443,-0.104,0.057,0,0,0.356,0,0,0,0
9/30/2011 13:40,0.431,-0.105,0.053,0,0,0.356,0,0,0,0
9/30/2011 13:50,0.417,-0.106,0.05,0,0,0.357,0,0,0,0
9/30/2011 14:00,0.405,-0.106,0.048,0,0,0.36,0,0,0,0
9/30/2011 14:10,0.387,-0.107,0.046,0,0,0.362,0,0,0,0
9/30/2011 14:20,0.364,-0.108,0.044,0,0,0.362,0,0,0,0
9/30/2011 14:30,0.316,-0.108,0.043,0,0,0.363,0,0,0,0
9/30/2011 14:40,0.243,-0.109,0.044,0,0,0.363,0,0,0,0
9/30/2011 14:50,0.179,-0.109,0.045,0,0,0.361,0,0,0,0
9/30/2011 15:00,0.164,-0.108,0.045,0,0,0.36,0,0,0,0
9/30/2011 15:10,0.247,-0.108,0.046,0,0,0.359,0,0,0,0
9/30/2011 15:20,0.249,-0.107,0.046,0,0,0.358,0,0,0,0
9/30/2011 15:30,0.228,-0.106,0.047,0,0,0.357,0,0,0,0
9/30/2011 15:40,0.207,-0.109,0.047,0,0,0.356,0,0,0,0
9/30/2011 15:50,0.184,-0.112,0.047,0,0,0.353,0,0,0,0
9/30/2011 16:00,0.162,-0.112,0.047,0,0,0.349,0,0,0,0
9/30/2011 16:10,0.139,-0.111,0.05,0,0,0.344,0,0,0,0
9/30/2011 16:20,0.117,-0.11,0.052,0,0,0.343,0,0,0,0
9/30/2011 16:30,0.098,-0.109,0.053,0,0,0.342,0,0,0,0
9/30/2011 16:40,0.086,-0.107,0.056,0,0,0.34,0,0,0,0
9/30/2011 16:50,0.047,-0.106,0.058,0,0,0.339,0,0,0,0
9/30/2011 17:00,0.026,-0.105,0.061,0,0,0.337,0,0,0,0
9/30/2011 17:10,0.017,-0.104,0.067,0,0,0.334,0,0,0,0
9/30/2011 17:20,0.012,-0.102,0.073,0,0,0.33,0,0,0,0
9/30/2011 17:30,0.006,-0.101,0.079,0,0,0.326,0,0,0,0
9/30/2011 17:40,0.002,-0.099,0.086,0,0,0.323,0,0,0,0
9/30/2011 17:50,0.001,-0.097,0.093,0,0,0.316,0,0,0,0
9/30/2011 18:00,0,-0.096,0.099,0,0,0.312,0,0,0,0
9/30/2011 18:10,0,-0.094,0.105,0,0,0.308,0,0,0,0
9/30/2011 18:20,0,-0.094,0.112,0,0,0.303,0,0,0,0
9/30/2011 18:30,0,-0.093,0.117,0,0,0.299,0,0,0,0
9/30/2011 18:40,0,-0.093,0.121,0,0,0.294,0,0,0,0
9/30/2011 18:50,0,-0.091,0.125,0,0,0.285,0,0,0,0
9/30/2011 19:00,0,-0.09,0.129,0,0,0.275,0.002,0,0,0
9/30/2011 19:10,0,-0.089,0.133,0,0,0.266,0.007,0,0,0
9/30/2011 19:20,0,-0.089,0.137,0,0,0.251,0.008,0,0,0
9/30/2011 19:30,0,-0.089,0.138,0,0,0.242,0.011,0,0,0
9/30/2011 19:40,0,-0.089,0.14,0,0,0.237,0.01,0,0,0
9/30/2011 19:50,0,-0.09,0.141,0,0,0.228,0.009,0,0,0
9/30/2011 20:00,0,-0.091,0.143,0,0,0.215,0.006,0,0,0
9/30/2011 20:10,0,-0.094,0.144,0,0,0.197,0.002,0,0,0
9/30/2011 20:20,0,-0.098,0.144,0,0,0.18,0,0,0,0
9/30/2011 20:30,0,-0.102,0.143,0,0,0.169,0,0,0,0
9/30/2011 20:40,0,-0.104,0.14,0,0,0.161,0,0,0,0
9/30/2011 20:50,0,-0.107,0.139,0,0,0.154,0,0,0,0
9/30/2011 21:00,0,-0.106,0.138,0,0,0.151,0,0,0,0
9/30/2011 21:10,0,-0.117,0.136,0,0,0.147,0,0,0,0
9/30/2011 21:20,0,-0.123,0.134,0,0,0.14,0,0,0,0
9/30/2011 21:30,0,-0.131,0.133,0,0,0.134,0,0,0,0
9/30/2011 21:40,0,-0.136,0.132,0,0,0.127,0,0,0,0
9/30/2011 21:50,0,-0.138,0.13,0,0,0.123,0,0,0,0
9/30/2011 22:00,0,-0.143,0.13,0,0,0.111,0,0,0,0
9/30/2011 22:10,0,-0.151,0.128,0,0,0.103,0,0,0,0
9/30/2011 22:20,0,-0.151,0.128,0,0,0.101,0,0,0,0
9/30/2011 22:30,0,-0.156,0.125,0,0,0.099,0,0,0,0
9/30/2011 22:40,0,-0.16,0.124,0,0,0.095,0,0,0,0
9/30/2011 22:50,0,-0.161,0.123,0,0,0.089,0,0,0,0
9/30/2011 23:00,0,-0.172,0.121,0,0,0.085,0,0,0,0
9/30/2011 23:10,0,-0.179,0.118,0,0,0.079,0,0,0,0
9/30/2011 23:20,0,-0.183,0.116,0,0,0.075,0,0,0,0
9/30/2011 23:30,0,-0.189,0.115,0,0,0.069,0,0,0,0
9/30/2011 23:40,0,-0.19,0.113,0,0,0.068,0,0,0,0
9/30/2011 23:50,0,-0.189,0.112,0,0,0.066,0,0,0,0
10/1/2011 0:00,0,-0.194,0.111,0,0,0.058,0,0,0,0
10/1/2011 0:10,0,-0.201,0.109,0,0,0.053,0,0,0,0
10/1/2011 0:20,0,-0.203,0.107,0,0,0.051,0,0,0,0
10/1/2011 0:30,0,-0.206,0.106,0,0,0.05,0,0,0,0
10/1/2011 0:40,0,-0.21,0.104,0,0,0.046,0,0,0,0
10/1/2011 0:50,0,-0.21,0.104,0,0,0.045,0,0,0,0
10/1/2011 1:00,0,-0.218,0.102,0,0,0.036,0,0,0,0
10/1/2011 1:10,0,-0.226,0.099,0,0,0.03,0,0,0,0
10/1/2011 1:20,0,-0.23,0.097,0,0,0.028,0,0,0,0
10/1/2011 1:30,0,-0.232,0.095,0,0,0.024,0,0,0,0
10/1/2011 1:40,0,-0.232,0.094,0,0,0.022,0,0,0,0
10/1/2011 1:50,0,-0.231,0.093,0,0,0.022,0,0,0,0
10/1/2011 2:00,0,-0.232,0.091,0,0,0.02,0,0,0,0
10/1/2011 2:10,0,-0.231,0.09,0,0,0.022,0,0,0,0
10/1/2011 2:20,0,-0.231,0.089,0,0,0.021,0,0,0,0
10/1/2011 2:30,0,-0.23,0.088,0,0,0.022,0,0,0,0
10/1/2011 2:40,0,-0.232,0.087,0,0,0.024,0,0,0,0
10/1/2011 2:50,0,-0.234,0.086,0,0,0.025,0,0,0,0
10/1/2011 3:00,0,-0.235,0.085,0,0,0.024,0,0,0,0
10/1/2011 3:10,0,-0.234,0.084,0,0,0.025,0,0,0,0
10/1/2011 3:20,0,-0.234,0.084,0,0,0.024,0,0,0,0
10/1/2011 3:30,0,-0.234,0.083,0,0,0.022,0,0,0,0
10/1/2011 3:40,0,-0.237,0.082,0,0,0.019,0,0,0,0
10/1/2011 3:50,0,-0.24,0.08,0,0,0.018,0,0,0,0
10/1/2011 4:00,0,-0.24,0.08,0,0,0.018,0,0,0,0
10/1/2011 4:10,0,-0.242,0.079,0,0,0.014,0,0,0,0
10/1/2011 4:20,0,-0.246,0.078,0,0,0.008,0,0,0,0
10/1/2011 4:30,0,-0.247,0.077,0,0,0.006,0,0,0,0
10/1/2011 4:40,0,-0.249,0.075,0,0,0.005,0.001,0,0,0
10/1/2011 4:50,0,-0.251,0.074,0,0,0.003,0,0,0,0
10/1/2011 5:00,0,-0.251,0.073,0,0,0.004,0.004,0,0,0
10/1/2011 5:10,0,-0.251,0.072,0,0,0.005,0.001,0,0,0
10/1/2011 5:20,0,-0.25,0.071,0,0,0.008,0.005,0,0,0
10/1/2011 5:30,0,-0.253,0.071,0,0,0.006,0,0,0,0
10/1/2011 5:40,0.001,-0.253,0.07,0,0,0.006,0.005,0,0,0
10/1/2011 5:50,0.003,-0.254,0.069,0,0,0.004,0,0,0,0
10/1/2011 6:00,0.006,-0.254,0.068,0,0,0.005,0.007,0,0,0
10/1/2011 6:10,0.01,-0.254,0.068,0,0,0.005,0.001,0,0,0
10/1/2011 6:20,0.014,-0.256,0.068,0,0,0.002,0.003,0,0,0
10/1/2011 6:30,0.017,-0.264,0.066,0,0,0,0.001,0,0,0
10/1/2011 6:40,0.021,-0.271,0.064,0,0,0,0.015,0,0,0
10/1/2011 6:50,0.023,-0.275,0.062,0,0,0,0.011,0,0,0
10/1/2011 7:00,0.026,-0.279,0.06,0,0,0,0.02,0,0,0
10/1/2011 7:10,0.028,-0.285,0.056,0,0,0,0.018,0,0,0
10/1/2011 7:20,0.031,-0.293,0.052,0,0,0,0.021,0,0,0
10/1/2011 7:30,0.033,-0.299,0.047,0,0,0,0.028,0,0,0
10/1/2011 7:40,0.035,-0.305,0.039,0,0,0,0.024,0,0,0
10/1/2011 7:50,0.038,-0.318,0.033,0,0,0,0.034,0,0,0
10/1/2011 8:00,0.043,-0.328,0.025,0,0,0,0.047,0,0,0
10/1/2011 8:10,0.053,-0.326,0.01,0,0,0,0.053,0,0,0
10/1/2011 8:20,0.223,-0.318,0.001,0,0,0,0.051,0,0,0
10/1/2011 8:30,0.144,-0.313,0,0,0,0,0.054,0,0,0
10/1/2011 8:40,0.048,-0.307,0,0,0,0,0.055,0,0,0
10/1/2011 8:50,0.049,-0.303,0,0,0,0,0.053,0,0,0
10/1/2011 9:00,0.051,-0.295,0,0,0,0,0.054,0,0,0
10/1/2011 9:10,0.053,-0.283,0,0,0,0,0.05,0,0,0
10/1/2011 9:20,0.063,-0.278,0,0,0,0,0.045,0,0,0
10/1/2011 9:30,0.052,-0.274,0,0,0,0,0.046,0,0,0
10/1/2011 9:40,0.056,-0.27,0,0,0,0,0.046,0,0,0
10/1/2011 9:50,0.089,-0.267,0,0,0,0,0.047,0,0,0
10/1/2011 10:00,0.295,-0.262,0,0,0,0,0.047,0,0,0
10/1/2011 10:10,0.486,-0.257,0,0,0,0,0.046,0,0,0
10/1/2011 10:20,0.496,-0.256,0,0,0,0,0.046,0,0,0
10/1/2011 10:30,0.506,-0.257,0,0,0,0,0.047,0,0,0
10/1/2011 10:40,0.513,-0.259,0,0,0,0,0.046,0,0,0
10/1/2011 10:50,0.52,-0.258,0,0,0,0,0.039,0,0,0
10/1/2011 11:00,0.525,-0.244,0,0,0,0,0.03,0,0,0
10/1/2011 11:10,0.532,-0.218,0,0,0,0,0.012,0,0,0
10/1/2011 11:20,0.536,-0.188,0,0,0,0.013,0,0,0,0
10/1/2011 11:30,0.537,-0.155,0,0,0,0.088,0,0,0,0
10/1/2011 11:40,0.536,-0.131,0,0,0,0.15,0,0,0,0
10/1/2011 11:50,0.534,-0.116,0,0,0,0.193,0,0,0,0
10/1/2011 12:00,0.531,-0.103,0.006,0,0,0.245,0,0,0,0
10/1/2011 12:10,0.525,-0.099,0.023,0,0,0.269,0,0,0,0
10/1/2011 12:20,0.521,-0.096,0.038,0,0,0.295,0,0,0,0
10/1/2011 12:30,0.514,-0.096,0.049,0,0,0.32,0,0,0,0
10/1/2011 12:40,0.509,-0.097,0.061,0,0,0.338,0,0,0,0
10/1/2011 12:50,0.501,-0.101,0.07,0,0,0.348,0,0,0,0
10/1/2011 13:00,0.488,-0.108,0.076,0,0,0.352,0,0,0,0
10/1/2011 13:10,0.474,-0.114,0.079,0,0,0.354,0,0,0,0
10/1/2011 13:20,0.465,-0.121,0.081,0,0,0.361,0,0,0,0
10/1/2011 13:30,0.453,-0.126,0.08,0,0,0.364,0,0,0,0
10/1/2011 13:40,0.442,-0.13,0.08,0,0,0.365,0,0,0,0
10/1/2011 13:50,0.427,-0.135,0.078,0,0,0.366,0,0,0,0
10/1/2011 14:00,0.41,-0.138,0.074,0,0,0.367,0,0,0,0
10/1/2011 14:10,0.393,-0.14,0.071,0,0,0.366,0,0,0,0
10/1/2011 14:20,0.377,-0.141,0.066,0,0,0.366,0,0,0,0
10/1/2011 14:30,0.355,-0.142,0.06,0,0,0.365,0,0,0,0
10/1/2011 14:40,0.336,-0.142,0.055,0,0,0.365,0,0,0,0
10/1/2011 14:50,0.315,-0.143,0.052,0,0,0.365,0,0,0,0
10/1/2011 15:00,0.296,-0.142,0.047,0,0,0.364,0,0,0,0
10/1/2011 15:10,0.274,-0.142,0.046,0,0,0.361,0,0,0,0
10/1/2011 15:20,0.253,-0.141,0.044,0,0,0.36,0,0,0,0
10/1/2011 15:30,0.23,-0.141,0.042,0,0,0.359,0,0,0,0
10/1/2011 15:40,0.21,-0.142,0.039,0,0,0.359,0,0,0,0
10/1/2011 15:50,0.189,-0.146,0.038,0,0,0.359,0,0,0,0
10/1/2011 16:00,0.167,-0.144,0.038,0,0,0.353,0,0,0,0
10/1/2011 16:10,0.147,-0.142,0.036,0,0,0.35,0,0,0,0
10/1/2011 16:20,0.127,-0.14,0.036,0,0,0.35,0,0,0,0
10/1/2011 16:30,0.108,-0.137,0.038,0,0,0.349,0,0,0,0
10/1/2011 16:40,0.089,-0.133,0.04,0,0,0.348,0,0,0,0
10/1/2011 16:50,0.046,-0.129,0.043,0,0,0.349,0,0,0,0
10/1/2011 17:00,0.026,-0.126,0.049,0,0,0.348,0,0,0,0
10/1/2011 17:10,0.018,-0.122,0.055,0,0,0.346,0,0,0,0
10/1/2011 17:20,0.012,-0.117,0.063,0,0,0.344,0,0,0,0
10/1/2011 17:30,0.006,-0.114,0.07,0,0,0.342,0,0,0,0
10/1/2011 17:40,0.002,-0.111,0.078,0,0,0.341,0,0,0,0
10/1/2011 17:50,0.001,-0.109,0.086,0,0,0.339,0,0,0,0
10/1/2011 18:00,0,-0.107,0.094,0,0,0.338,0,0,0,0
10/1/2011 18:10,0,-0.106,0.101,0,0,0.335,0,0,0,0
10/1/2011 18:20,0,-0.104,0.109,0,0,0.332,0,0,0,0
10/1/2011 18:30,0,-0.102,0.116,0,0,0.328,0,0,0,0
10/1/2011 18:40,0,-0.101,0.123,0,0,0.324,0.009,0,0,0
10/1/2011 18:50,0,-0.1,0.129,0,0,0.319,0.021,0,0,0
10/1/2011 19:00,0,-0.099,0.135,0,0,0.312,0.032,0,0,0
10/1/2011 19:10,0,-0.095,0.142,0,0,0.302,0.041,0,0,0
10/1/2011 19:20,0,-0.097,0.147,0,0,0.293,0.047,0,0,0
10/1/2011 19:30,0,-0.095,0.15,0,0,0.282,0.052,0,0,0
10/1/2011 19:40,0,-0.094,0.154,0,0,0.272,0.054,0,0,0
10/1/2011 19:50,0,-0.09,0.156,0,0,0.264,0.055,0,0,0
10/1/2011 20:00,0,-0.085,0.158,0,0,0.259,0.057,0,0,0
10/1/2011 20:10,0,-0.096,0.159,0,0,0.25,0.055,0,0,0
10/1/2011 20:20,0,-0.099,0.16,0,0,0.237,0.053,0,0,0
10/1/2011 20:30,0,-0.098,0.162,0,0,0.224,0.05,0,0,0
10/1/2011 20:40,0,-0.097,0.161,0,0,0.211,0.045,0,0,0
10/1/2011 20:50,0,-0.093,0.162,0,0,0.2,0.04,0,0,0
10/1/2011 21:00,0,-0.102,0.161,0,0,0.193,0.037,0,0,0
10/1/2011 21:10,0,-0.106,0.16,0,0,0.187,0.033,0,0,0
10/1/2011 21:20,0,-0.108,0.159,0,0,0.178,0.027,0,0,0
10/1/2011 21:30,0,-0.105,0.159,0,0,0.171,0.022,0,0,0
10/1/2011 21:40,0,-0.106,0.158,0,0,0.163,0.018,0,0,0
10/1/2011 21:50,0,-0.122,0.156,0,0,0.154,0.017,0,0,0
10/1/2011 22:00,0,-0.129,0.154,0,0,0.142,0.012,0,0,0
10/1/2011 22:10,0,-0.135,0.152,0,0,0.128,0.009,0,0,0
10/1/2011 22:20,0,-0.14,0.15,0,0,0.116,0.005,0,0,0
10/1/2011 22:30,0,-0.147,0.147,0,0,0.105,0.001,0,0,0
10/1/2011 22:40,0,-0.152,0.144,0,0,0.095,0,0,0,0
10/1/2011 22:50,0,-0.152,0.143,0,0,0.089,0,0,0,0
10/1/2011 23:00,0,-0.169,0.14,0,0,0.064,0,0,0,0
10/1/2011 23:10,0,-0.197,0.134,0,0,0.033,0,0,0,0
10/1/2011 23:20,0,-0.22,0.125,0,0,0.012,0,0,0,0
10/1/2011 23:30,0,-0.227,0.12,0,0,0.006,0,0,0,0
10/1/2011 23:40,0,-0.228,0.115,0,0,0.005,0,0,0,0
10/1/2011 23:50,0,-0.223,0.112,0,0,0.01,0,0,0,0
10/2/2011 0:00,0,-0.222,0.109,0,0,0.014,0,0,0,0
10/2/2011 0:10,0,-0.22,0.107,0,0,0.016,0,0,0,0
10/2/2011 0:20,0,-0.229,0.104,0,0,0.008,0,0,0,0
10/2/2011 0:30,0,-0.243,0.099,0,0,0,0,0,0,0
10/2/2011 0:40,0,-0.251,0.093,0,0,0,0,0,0,0
10/2/2011 0:50,0,-0.25,0.088,0,0,0,0,0,0,0
10/2/2011 1:00,0,-0.251,0.084,0,0,0,0.001,0,0,0
10/2/2011 1:10,0,-0.248,0.082,0,0,0,0.003,0,0,0
10/2/2011 1:20,0,-0.242,0.081,0,0,0,0,0,0,0
10/2/2011 1:30,0,-0.234,0.081,0,0,0,0.001,0,0,0
10/2/2011 1:40,0,-0.236,0.08,0,0,0,0,0,0,0
10/2/2011 1:50,0,-0.243,0.078,0,0,0,0,0,0,0
10/2/2011 2:00,0,-0.249,0.075,0,0,0,0.001,0,0,0
10/2/2011 2:10,0,-0.255,0.072,0,0,0,0.001,0,0,0
10/2/2011 2:20,0,-0.263,0.069,0,0,0,0.004,0,0,0
10/2/2011 2:30,0,-0.27,0.064,0,0,0,0.015,0,0,0
10/2/2011 2:40,0,-0.274,0.06,0,0,0,0.014,0,0,0
10/2/2011 2:50,0,-0.273,0.057,0,0,0,0.017,0,0,0
10/2/2011 3:00,0,-0.272,0.056,0,0,0,0.021,0,0,0
10/2/2011 3:10,0,-0.273,0.054,0,0,0,0.013,0,0,0
10/2/2011 3:20,0,-0.274,0.052,0,0,0,0.013,0,0,0
10/2/2011 3:30,0,-0.274,0.05,0,0,0,0.019,0,0,0
10/2/2011 3:40,0,-0.278,0.048,0,0,0,0.014,0,0,0
10/2/2011 3:50,0,-0.282,0.047,0,0,0,0.019,0,0,0
10/2/2011 4:00,0,-0.284,0.045,0,0,0,0.029,0,0,0
10/2/2011 4:10,0,-0.286,0.042,0,0,0,0.028,0,0,0
10/2/2011 4:20,0,-0.286,0.04,0,0,0,0.024,0,0,0
10/2/2011 4:30,0,-0.287,0.038,0,0,0,0.029,0,0,0
10/2/2011 4:40,0,-0.288,0.037,0,0,0,0.029,0,0,0
10/2/2011 4:50,0,-0.293,0.035,0,0,0,0.027,0,0,0
10/2/2011 5:00,0,-0.293,0.032,0,0,0,0.031,0,0,0
10/2/2011 5:10,0,-0.292,0.031,0,0,0,0.034,0,0,0
10/2/2011 5:20,0,-0.292,0.03,0,0,0,0.03,0,0,0
10/2/2011 5:30,0,-0.29,0.029,0,0,0,0.027,0,0,0
10/2/2011 5:40,0.001,-0.288,0.028,0,0,0,0.032,0,0,0
10/2/2011 5:50,0.003,-0.287,0.028,0,0,0,0.03,0,0,0
10/2/2011 6:00,0.006,-0.288,0.028,0,0,0,0.026,0,0,0
10/2/2011 6:10,0.009,-0.286,0.027,0,0,0,0.028,0,0,0
10/2/2011 6:20,0.013,-0.287,0.027,0,0,0,0.03,0,0,0
10/2/2011 6:30,0.016,-0.291,0.026,0,0,0,0.027,0,0,0
10/2/2011 6:40,0.019,-0.299,0.024,0,0,0,0.031,0,0,0
10/2/2011 6:50,0.021,-0.305,0.02,0,0,0,0.038,0,0,0
10/2/2011 7:00,0.024,-0.308,0.016,0,0,0,0.042,0,0,0
10/2/2011 7:10,0.026,-0.304,0.013,0,0,0,0.04,0,0,0
10/2/2011 7:20,0.028,-0.303,0.011,0,0,0,0.04,0,0,0
10/2/2011 7:30,0.03,-0.305,0.009,0,0,0,0.044,0,0,0
10/2/2011 7:40,0.033,-0.308,0.007,0,0,0,0.042,0,0,0
10/2/2011 7:50,0.034,-0.311,0.004,0,0,0,0.047,0,0,0
10/2/2011 8:00,0.043,-0.313,0,0,0,0,0.048,0,0,0
10/2/2011 8:10,0.05,-0.313,0,0,0,0,0.048,0,0,0
10/2/2011 8:20,0.192,-0.314,0,0,0,0,0.055,0,0,0
10/2/2011 8:30,0.092,-0.312,0,0,0,0,0.058,0,0,0
10/2/2011 8:40,0.043,-0.309,0,0,0,0,0.058,0,0,0
10/2/2011 8:50,0.043,-0.304,0,0,0,0,0.055,0,0,0
10/2/2011 9:00,0.043,-0.293,0,0,0,0,0.051,0,0,0
10/2/2011 9:10,0.078,-0.282,0,0,0,0,0.049,0,0,0
10/2/2011 9:20,0.073,-0.276,0,0,0,0,0.047,0,0,0
10/2/2011 9:30,0.047,-0.272,0,0,0,0,0.047,0,0,0
10/2/2011 9:40,0.069,-0.272,0,0,0,0,0.046,0,0,0
10/2/2011 9:50,0.075,-0.26,0,0,0,0,0.037,0,0,0
10/2/2011 10:00,0.269,-0.238,0,0,0,0,0.029,0,0,0
10/2/2011 10:10,0.485,-0.22,0,0,0,0,0.017,0,0,0
10/2/2011 10:20,0.494,-0.202,0,0,0,0,0.002,0,0,0
10/2/2011 10:30,0.502,-0.184,0,0,0,0.015,0,0,0,0
10/2/2011 10:40,0.51,-0.161,0,0,0,0.066,0,0,0,0
10/2/2011 10:50,0.517,-0.141,0,0,0,0.114,0,0,0,0
10/2/2011 11:00,0.519,-0.127,0,0,0,0.153,0,0,0,0
10/2/2011 11:10,0.524,-0.109,0,0,0,0.199,0,0,0,0
10/2/2011 11:20,0.528,-0.097,0.005,0,0,0.232,0,0,0,0
10/2/2011 11:30,0.531,-0.093,0.019,0,0,0.258,0,0,0,0
10/2/2011 11:40,0.527,-0.093,0.031,0,0,0.274,0,0,0,0
10/2/2011 11:50,0.526,-0.09,0.041,0,0,0.299,0,0,0,0
10/2/2011 12:00,0.521,-0.09,0.052,0,0,0.319,0,0,0,0
10/2/2011 12:10,0.516,-0.094,0.061,0,0,0.334,0,0,0,0
10/2/2011 12:20,0.509,-0.1,0.068,0,0,0.337,0,0,0,0
10/2/2011 12:30,0.504,-0.106,0.071,0,0,0.336,0,0,0,0
10/2/2011 12:40,0.498,-0.11,0.073,0,0,0.34,0,0,0,0
10/2/2011 12:50,0.49,-0.115,0.076,0,0,0.342,0,0,0,0
10/2/2011 13:00,0.479,-0.118,0.077,0,0,0.342,0,0,0,0
10/2/2011 13:10,0.47,-0.121,0.076,0,0,0.344,0,0,0,0
10/2/2011 13:20,0.458,-0.122,0.075,0,0,0.345,0,0,0,0
10/2/2011 13:30,0.443,-0.123,0.074,0,0,0.346,0,0,0,0
10/2/2011 13:40,0.427,-0.125,0.071,0,0,0.345,0,0,0,0
10/2/2011 13:50,0.41,-0.126,0.068,0,0,0.348,0,0,0,0
10/2/2011 14:00,0.397,-0.127,0.065,0,0,0.351,0,0,0,0
10/2/2011 14:10,0.378,-0.127,0.062,0,0,0.353,0,0,0,0
10/2/2011 14:20,0.359,-0.128,0.062,0,0,0.353,0,0,0,0
10/2/2011 14:30,0.34,-0.128,0.061,0,0,0.353,0,0,0,0
10/2/2011 14:40,0.323,-0.128,0.059,0,0,0.353,0,0,0,0
10/2/2011 14:50,0.303,-0.128,0.057,0,0,0.352,0,0,0,0
10/2/2011 15:00,0.283,-0.127,0.057,0,0,0.351,0,0,0,0
10/2/2011 15:10,0.262,-0.126,0.057,0,0,0.349,0,0,0,0
10/2/2011 15:20,0.242,-0.126,0.056,0,0,0.348,0,0,0,0
10/2/2011 15:30,0.221,-0.125,0.056,0,0,0.347,0,0,0,0
10/2/2011 15:40,0.199,-0.127,0.056,0,0,0.346,0,0,0,0
10/2/2011 15:50,0.178,-0.13,0.055,0,0,0.346,0,0,0,0
10/2/2011 16:00,0.158,-0.128,0.057,0,0,0.342,0,0,0,0
10/2/2011 16:10,0.138,-0.128,0.058,0,0,0.339,0,0,0,0
10/2/2011 16:20,0.118,-0.126,0.059,0,0,0.339,0,0,0,0
10/2/2011 16:30,0.099,-0.125,0.061,0,0,0.339,0,0,0,0
10/2/2011 16:40,0.08,-0.123,0.064,0,0,0.338,0,0,0,0
10/2/2011 16:50,0.043,-0.121,0.067,0,0,0.338,0,0,0,0
10/2/2011 17:00,0.024,-0.12,0.072,0,0,0.337,0,0,0,0
10/2/2011 17:10,0.016,-0.117,0.078,0,0,0.334,0,0,0,0
10/2/2011 17:20,0.01,-0.115,0.085,0,0,0.331,0,0,0,0
10/2/2011 17:30,0.004,-0.114,0.091,0,0,0.328,0,0,0,0
10/2/2011 17:40,0.002,-0.111,0.098,0,0,0.325,0,0,0,0
10/2/2011 17:50,0.001,-0.109,0.103,0,0,0.322,0,0,0,0
10/2/2011 18:00,0,-0.107,0.11,0,0,0.319,0,0,0,0
10/2/2011 18:10,0,-0.105,0.116,0,0,0.314,0,0,0,0
10/2/2011 18:20,0,-0.103,0.122,0,0,0.309,0.011,0,0,0
10/2/2011 18:30,0,-0.1,0.128,0,0,0.302,0.025,0,0,0
10/2/2011 18:40,0,-0.1,0.132,0,0,0.296,0.035,0,0,0
10/2/2011 18:50,0,-0.097,0.137,0,0,0.287,0.044,0,0,0
10/2/2011 19:00,0,-0.095,0.141,0,0,0.279,0.052,0,0,0
10/2/2011 19:10,0,-0.1,0.142,0,0,0.272,0.057,0,0,0
10/2/2011 19:20,0,-0.1,0.144,0,0,0.265,0.058,0,0,0
10/2/2011 19:30,0,-0.098,0.147,0,0,0.256,0.058,0,0,0
10/2/2011 19:40,0,-0.094,0.149,0,0,0.242,0.057,0,0,0
10/2/2011 19:50,0,-0.093,0.15,0,0,0.227,0.054,0,0,0
10/2/2011 20:00,0,-0.088,0.151,0,0,0.218,0.051,0,0,0
10/2/2011 20:10,0,-0.088,0.15,0,0,0.214,0.049,0,0,0
10/2/2011 20:20,0,-0.094,0.149,0,0,0.209,0.046,0,0,0
10/2/2011 20:30,0,-0.096,0.15,0,0,0.202,0.043,0,0,0
10/2/2011 20:40,0,-0.095,0.15,0,0,0.192,0.039,0,0,0
10/2/2011 20:50,0,-0.095,0.149,0,0,0.184,0.035,0,0,0
10/2/2011 21:00,0,-0.089,0.149,0,0,0.177,0.029,0,0,0
10/2/2011 21:10,0,-0.097,0.148,0,0,0.17,0.026,0,0,0
10/2/2011 21:20,0,-0.103,0.146,0,0,0.166,0.026,0,0,0
10/2/2011 21:30,0,-0.104,0.145,0,0,0.163,0.025,0,0,0
10/2/2011 21:40,0,-0.105,0.146,0,0,0.155,0.021,0,0,0
10/2/2011 21:50,0,-0.103,0.146,0,0,0.147,0.019,0,0,0
10/2/2011 22:00,0,-0.115,0.143,0,0,0.135,0.013,0,0,0
10/2/2011 22:10,0,-0.125,0.141,0,0,0.119,0.009,0,0,0
10/2/2011 22:20,0,-0.131,0.139,0,0,0.114,0.008,0,0,0
10/2/2011 22:30,0,-0.128,0.137,0,0,0.112,0.006,0,0,0
10/2/2011 22:40,0,-0.13,0.136,0,0,0.108,0.003,0,0,0
10/2/2011 22:50,0,-0.14,0.134,0,0,0.103,0.001,0,0,0
10/2/2011 23:00,0,-0.151,0.133,0,0,0.086,0,0,0,0
10/2/2011 23:10,0,-0.162,0.131,0,0,0.073,0,0,0,0
10/2/2011 23:20,0,-0.173,0.127,0,0,0.061,0,0,0,0
10/2/2011 23:30,0,-0.173,0.125,0,0,0.061,0,0,0,0
10/2/2011 23:40,0,-0.181,0.122,0,0,0.058,0,0,0,0
10/2/2011 23:50,0,-0.186,0.12,0,0,0.055,0,0,0,0
10/3/2011 0:00,0,-0.188,0.119,0,0,0.052,0,0,0,0
10/3/2011 0:10,0,-0.189,0.118,0,0,0.053,0.002,0,0,0
10/3/2011 0:20,0,-0.193,0.117,0,0,0.052,0,0,0,0
10/3/2011 0:30,0,-0.199,0.116,0,0,0.045,0.001,0,0,0
10/3/2011 0:40,0,-0.202,0.114,0,0,0.042,0,0,0,0
10/3/2011 0:50,0,-0.208,0.112,0,0,0.041,0.003,0,0,0
10/3/2011 1:00,0,-0.213,0.11,0,0,0.036,0,0,0,0
10/3/2011 1:10,0,-0.219,0.108,0,0,0.029,0.002,0,0,0
10/3/2011 1:20,0,-0.221,0.106,0,0,0.029,0.001,0,0,0
10/3/2011 1:30,0,-0.216,0.107,0,0,0.03,0.007,0,0,0
10/3/2011 1:40,0,-0.219,0.105,0,0,0.029,0.002,0,0,0
10/3/2011 1:50,0,-0.226,0.103,0,0,0.026,0.008,0,0,0
10/3/2011 2:00,0,-0.236,0.101,0,0,0.017,0.003,0,0,0
10/3/2011 2:10,0,-0.24,0.099,0,0,0.012,0.014,0,0,0
10/3/2011 2:20,0,-0.243,0.097,0,0,0.008,0.009,0,0,0
10/3/2011 2:30,0,-0.246,0.094,0,0,0.003,0.015,0,0,0
10/3/2011 2:40,0,-0.248,0.092,0,0,0,0.011,0,0,0
10/3/2011 2:50,0,-0.251,0.09,0,0,0,0.022,0,0,0
10/3/2011 3:00,0,-0.249,0.088,0,0,0,0.014,0,0,0
10/3/2011 3:10,0,-0.25,0.086,0,0,0,0.027,0,0,0
10/3/2011 3:20,0,-0.249,0.084,0,0,0,0.018,0,0,0
10/3/2011 3:30,0,-0.246,0.083,0,0,0,0.028,0,0,0
10/3/2011 3:40,0,-0.243,0.083,0,0,0,0.018,0,0,0
10/3/2011 3:50,0,-0.242,0.083,0,0,0.001,0.027,0,0,0
10/3/2011 4:00,0,-0.244,0.082,0,0,0,0.016,0,0,0
10/3/2011 4:10,0,-0.244,0.082,0,0,0,0.026,0,0,0
10/3/2011 4:20,0,-0.242,0.081,0,0,0.001,0.014,0,0,0
10/3/2011 4:30,0,-0.242,0.081,0,0,0.003,0.022,0,0,0
10/3/2011 4:40,0,-0.248,0.081,0,0,0,0.014,0,0,0
10/3/2011 4:50,0,-0.25,0.08,0,0,0,0.025,0,0,0
10/3/2011 5:00,0,-0.252,0.079,0,0,0,0.02,0,0,0
10/3/2011 5:10,0,-0.255,0.078,0,0,0,0.028,0,0,0
10/3/2011 5:20,0,-0.258,0.077,0,0,0,0.022,0,0,0
10/3/2011 5:30,0,-0.26,0.075,0,0,0,0.032,0,0,0
10/3/2011 5:40,0.001,-0.261,0.074,0,0,0,0.028,0,0,0
10/3/2011 5:50,0.002,-0.261,0.074,0,0,0,0.036,0,0,0
10/3/2011 6:00,0.005,-0.261,0.073,0,0,0,0.03,0,0,0
10/3/2011 6:10,0.009,-0.265,0.073,0,0,0,0.034,0,0,0
10/3/2011 6:20,0.013,-0.27,0.072,0,0,0,0.033,0,0,0
10/3/2011 6:30,0.016,-0.273,0.07,0,0,0,0.041,0,0,0
10/3/2011 6:40,0.019,-0.278,0.069,0,0,0,0.041,0,0,0
10/3/2011 6:50,0.022,-0.278,0.068,0,0,0,0.045,0,0,0
10/3/2011 7:00,0.025,-0.281,0.066,0,0,0,0.044,0,0,0
10/3/2011 7:10,0.027,-0.286,0.064,0,0,0,0.047,0,0,0
10/3/2011 7:20,0.029,-0.296,0.061,0,0,0,0.046,0,0,0
10/3/2011 7:30,0.032,-0.308,0.056,0,0,0,0.053,0,0,0
10/3/2011 7:40,0.034,-0.329,0.05,0,0,0,0.047,0,0,0
10/3/2011 7:50,0.036,-0.342,0.037,0,0,0,0.061,0,0,0
10/3/2011 8:00,0.039,-0.342,0.022,0,0,0,0.067,0,0,0
10/3/2011 8:10,0.049,-0.337,0.01,0,0,0,0.061,0,0,0
10/3/2011 8:20,0.198,-0.331,0,0,0,0,0.06,0,0,0
10/3/2011 8:30,0.099,-0.324,0,0,0,0,0.056,0,0,0
10/3/2011 8:40,0.047,-0.317,0,0,0,0,0.054,0,0,0
10/3/2011 8:50,0.045,-0.312,0,0,0,0,0.052,0,0,0
10/3/2011 9:00,0.046,-0.306,0,0,0,0,0.053,0,0,0
10/3/2011 9:10,0.067,-0.301,0,0,0,0,0.056,0,0,0
10/3/2011 9:20,0.057,-0.294,0,0,0,0,0.056,0,0,0
10/3/2011 9:30,0.051,-0.289,0,0,0,0,0.059,0,0,0
10/3/2011 9:40,0.079,-0.281,0,0,0,0,0.058,0,0,0
10/3/2011 9:50,0.092,-0.275,0,0,0,0,0.055,0,0,0
10/3/2011 10:00,0.382,-0.273,0,0,0,0,0.054,0,0,0
10/3/2011 10:10,0.475,-0.273,0,0,0,0,0.053,0,0,0
10/3/2011 10:20,0.485,-0.27,0,0,0,0,0.051,0,0,0
10/3/2011 10:30,0.497,-0.27,0,0,0,0,0.051,0,0,0
10/3/2011 10:40,0.505,-0.269,0,0,0,0,0.048,0,0,0
10/3/2011 10:50,0.513,-0.249,0,0,0,0,0.042,0,0,0
10/3/2011 11:00,0.516,-0.224,0,0,0,0,0.032,0,0,0
10/3/2011 11:10,0.519,-0.194,0,0,0,0.017,0.017,0,0,0
10/3/2011 11:20,0.521,-0.163,0,0,0,0.089,0,0,0,0
10/3/2011 11:30,0.521,-0.138,0,0,0,0.158,0,0,0,0
10/3/2011 11:40,0.518,-0.127,0,0,0,0.189,0,0,0,0
10/3/2011 11:50,0.519,-0.114,0,0,0,0.234,0,0,0,0
10/3/2011 12:00,0.515,-0.11,0.001,0,0,0.264,0,0,0,0
10/3/2011 12:10,0.51,-0.109,0.014,0,0,0.289,0,0,0,0
10/3/2011 12:20,0.508,-0.112,0.031,0,0,0.31,0,0,0,0
10/3/2011 12:30,0.499,-0.117,0.044,0,0,0.329,0,0,0,0
10/3/2011 12:40,0.495,-0.123,0.055,0,0,0.342,0,0,0,0
10/3/2011 12:50,0.485,-0.127,0.062,0,0,0.347,0,0,0,0
10/3/2011 13:00,0.473,-0.129,0.068,0,0,0.35,0,0,0,0
10/3/2011 16:50,0.042,-0.109,0.062,0,0,0.33,0.023,0,0,0
10/3/2011 17:00,0.022,-0.113,0.064,0,0,0.321,0.007,0,0,0
10/3/2011 17:10,0.014,-0.11,0.069,0,0,0.316,0.001,0,0,0
10/3/2011 17:20,0.008,-0.108,0.076,0,0,0.312,0.002,0,0,0
10/3/2011 17:30,0.004,-0.105,0.082,0,0,0.309,0.008,0,0,0
10/3/2011 17:40,0.001,-0.103,0.089,0,0,0.305,0.017,0,0,0
10/3/2011 17:50,0,-0.1,0.095,0,0,0.302,0.028,0,0,0
10/3/2011 18:00,0,-0.098,0.101,0,0,0.297,0.038,0,0,0
10/3/2011 18:10,0,-0.097,0.107,0,0,0.291,0.048,0,0,0
10/3/2011 18:20,0,-0.095,0.113,0,0,0.285,0.055,0,0,0
10/3/2011 18:30,0,-0.093,0.118,0,0,0.276,0.06,0,0,0
10/3/2011 18:40,0,-0.092,0.123,0,0,0.265,0.064,0,0,0
10/3/2011 18:50,0,-0.092,0.127,0,0,0.254,0.066,0,0,0
10/3/2011 19:00,0,-0.091,0.129,0,0,0.247,0.068,0,0,0
10/3/2011 19:10,0,-0.093,0.132,0,0,0.241,0.068,0,0,0
10/3/2011 19:20,0,-0.093,0.134,0,0,0.229,0.067,0,0,0
10/3/2011 19:30,0,-0.094,0.135,0,0,0.221,0.065,0,0,0
10/3/2011 19:40,0,-0.095,0.135,0,0,0.209,0.061,0,0,0
10/3/2011 19:50,0,-0.098,0.136,0,0,0.197,0.058,0,0,0
10/3/2011 20:00,0,-0.101,0.136,0,0,0.183,0.052,0,0,0
10/3/2011 20:10,0,-0.106,0.135,0,0,0.167,0.045,0,0,0
10/3/2011 20:20,0,-0.111,0.134,0,0,0.156,0.04,0,0,0
10/3/2011 20:30,0,-0.114,0.132,0,0,0.145,0.038,0,0,0
10/3/2011 20:40,0,-0.116,0.131,0,0,0.139,0.037,0,0,0
10/3/2011 20:50,0,-0.118,0.129,0,0,0.132,0.034,0,0,0
10/3/2011 21:00,0,-0.123,0.128,0,0,0.123,0.032,0,0,0
10/3/2011 21:10,0,-0.136,0.126,0,0,0.113,0.029,0,0,0
10/3/2011 21:20,0,-0.141,0.124,0,0,0.11,0.028,0,0,0
10/3/2011 21:30,0,-0.144,0.123,0,0,0.106,0.026,0,0,0
10/3/2011 21:40,0,-0.146,0.123,0,0,0.101,0.023,0,0,0
10/3/2011 21:50,0,-0.151,0.122,0,0,0.094,0.02,0,0,0
10/3/2011 22:00,0,-0.158,0.121,0,0,0.086,0.018,0,0,0
10/3/2011 22:10,0,-0.163,0.12,0,0,0.079,0.017,0,0,0
10/3/2011 22:20,0,-0.166,0.119,0,0,0.075,0.017,0,0,0
10/3/2011 22:30,0,-0.166,0.118,0,0,0.072,0.016,0,0,0
10/3/2011 22:40,0,-0.177,0.117,0,0,0.061,0.013,0,0,0
10/3/2011 22:50,0,-0.186,0.115,0,0,0.052,0.011,0,0,0
10/3/2011 23:00,0,-0.19,0.113,0,0,0.046,0.01,0,0,0
10/3/2011 23:10,0,-0.195,0.112,0,0,0.041,0.011,0,0,0
10/3/2011 23:20,0,-0.199,0.11,0,0,0.038,0.012,0,0,0
10/3/2011 23:30,0,-0.202,0.11,0,0,0.034,0.014,0,0,0
10/3/2011 23:40,0,-0.208,0.108,0,0,0.032,0.013,0,0,0
10/3/2011 23:50,0,-0.21,0.107,0,0,0.033,0.014,0,0,0
10/4/2011 0:00,0,-0.211,0.105,0,0,0.034,0.011,0,0,0
10/4/2011 0:10,0,-0.21,0.105,0,0,0.036,0.012,0,0,0
10/4/2011 0:20,0,-0.209,0.105,0,0,0.034,0.008,0,0,0
10/4/2011 0:30,0,-0.214,0.105,0,0,0.027,0.009,0,0,0
10/4/2011 0:40,0,-0.223,0.103,0,0,0.022,0.006,0,0,0
10/4/2011 0:50,0,-0.227,0.101,0,0,0.02,0.012,0,0,0
10/4/2011 1:00,0,-0.23,0.1,0,0,0.018,0.009,0,0,0
10/4/2011 1:10,0,-0.235,0.098,0,0,0.012,0.015,0,0,0
10/4/2011 1:20,0,-0.237,0.097,0,0,0.009,0.014,0,0,0
10/4/2011 1:30,0,-0.24,0.095,0,0,0.008,0.021,0,0,0
10/4/2011 1:40,0,-0.242,0.095,0,0,0.006,0.015,0,0,0
10/4/2011 1:50,0,-0.246,0.093,0,0,0.003,0.027,0,0,0
10/4/2011 2:00,0,-0.248,0.091,0,0,0.002,0.02,0,0,0
10/4/2011 2:10,0,-0.247,0.083,0,0,0.001,0.031,0,0,0
10/4/2011 2:20,0,-0.247,0.073,0,0,0,0.021,0,0,0
10/4/2011 2:30,0,-0.247,0.07,0,0,0,0.032,0,0,0
10/4/2011 2:40,0,-0.248,0.068,0,0,0,0.022,0,0,0
10/4/2011 2:50,0,-0.251,0.066,0,0,0,0.031,0,0,0
10/4/2011 3:00,0,-0.259,0.063,0,0,0,0.029,0,0,0
10/4/2011 3:10,0,-0.264,0.06,0,0,0,0.038,0,0,0
10/4/2011 3:20,0,-0.264,0.059,0,0,0,0.041,0,0,0
10/4/2011 3:30,0,-0.265,0.057,0,0,0,0.044,0,0,0
10/4/2011 3:40,0,-0.268,0.055,0,0,0,0.045,0,0,0
10/4/2011 3:50,0,-0.272,0.053,0,0,0,0.048,0,0,0
10/4/2011 4:00,0,-0.276,0.051,0,0,0,0.05,0,0,0
10/4/2011 4:10,0,-0.284,0.048,0,0,0,0.055,0,0,0
10/4/2011 4:20,0,-0.293,0.044,0,0,0,0.057,0,0,0
10/4/2011 4:30,0,-0.297,0.04,0,0,0,0.068,0,0,0
10/4/2011 4:40,0,-0.298,0.037,0,0,0,0.065,0,0,0
10/4/2011 4:50,0,-0.297,0.035,0,0,0,0.078,0,0,0
10/4/2011 5:00,0,-0.298,0.033,0,0,0,0.068,0,0,0
10/4/2011 5:10,0,-0.298,0.031,0,0,0,0.078,0,0,0
10/4/2011 5:20,0,-0.296,0.03,0,0,0,0.072,0,0,0
10/4/2011 5:30,0,-0.294,0.028,0,0,0,0.073,0,0,0
10/4/2011 5:40,0,-0.291,0.027,0,0,0,0.077,0,0,0
10/4/2011 5:50,0.002,-0.291,0.027,0,0,0,0.068,0,0,0
10/4/2011 6:00,0.004,-0.29,0.026,0,0,0,0.075,0,0,0
10/4/2011 6:10,0.008,-0.29,0.025,0,0,0,0.066,0,0,0
10/4/2011 6:20,0.014,-0.291,0.024,0,0,0,0.069,0,0,0
10/4/2011 6:30,0.019,-0.295,0.021,0,0,0,0.071,0,0,0
10/4/2011 6:40,0.024,-0.3,0.019,0,0,0,0.067,0,0,0
10/4/2011 6:50,0.029,-0.302,0.015,0,0,0,0.076,0,0,0
10/4/2011 7:00,0.029,-0.302,0.012,0,0,0,0.07,0,0,0
10/4/2011 7:10,0.033,-0.303,0.009,0,0,0,0.07,0,0,0
10/4/2011 7:20,0.039,-0.305,0.006,0,0,0,0.072,0,0,0
10/4/2011 7:30,0.044,-0.31,0.002,0,0,0,0.065,0,0,0
10/4/2011 7:40,0.046,-0.313,0,0,0,0,0.064,0,0,0
10/4/2011 7:50,0.046,-0.316,0,0,0,0,0.069,0,0,0
10/4/2011 8:00,0.054,-0.319,0,0,0,0,0.067,0,0,0
10/4/2011 8:10,0.069,-0.326,0,0,0,0,0.068,0,0,0
10/4/2011 8:20,0.137,-0.327,0,0,0,0,0.07,0,0,0
10/4/2011 8:30,0.071,-0.325,0,0,0,0,0.07,0,0,0
10/4/2011 8:40,0.065,-0.327,0,0,0,0,0.067,0,0,0
10/4/2011 8:50,0.075,-0.324,0,0,0,0,0.067,0,0,0
10/4/2011 9:00,0.081,-0.315,0,0,0,0,0.066,0,0,0
10/4/2011 9:10,0.086,-0.31,0,0,0,0,0.065,0,0,0
10/4/2011 9:20,0.087,-0.308,0,0,0,0,0.065,0,0,0
10/4/2011 9:30,0.086,-0.306,0,0,0,0,0.066,0,0,0
10/4/2011 9:40,0.102,-0.299,0,0,0,0,0.062,0,0,0
10/4/2011 9:50,0.112,-0.295,0,0,0,0,0.064,0,0,0
10/4/2011 10:00,0.378,-0.294,0,0,0,0,0.064,0,0,0
10/4/2011 10:10,0.429,-0.293,0,0,0,0,0.064,0,0,0
10/4/2011 10:20,0.438,-0.29,0,0,0,0,0.063,0,0,0
10/4/2011 10:30,0.448,-0.29,0,0,0,0,0.06,0,0,0
10/4/2011 10:40,0.458,-0.293,0,0,0,0,0.063,0,0,0
10/4/2011 10:50,0.464,-0.296,0,0,0,0,0.059,0,0,0
10/4/2011 11:00,0.474,-0.277,0,0,0,0,0.047,0,0,0
10/4/2011 11:10,0.481,-0.241,0,0,0,0,0.029,0,0,0
10/4/2011 11:20,0.487,-0.207,0,0,0,0.042,0.004,0,0,0
10/4/2011 11:30,0.484,-0.172,0,0,0,0.125,0,0,0,0
10/4/2011 11:40,0.494,-0.142,0,0,0,0.208,0,0,0,0
10/4/2011 11:50,0.493,-0.126,0,0,0,0.269,0,0,0,0
10/4/2011 12:00,0.487,-0.118,0.002,0,0,0.305,0,0,0,0
10/4/2011 12:10,0.48,-0.115,0.02,0,0,0.324,0,0,0,0
10/4/2011 12:20,0.437,-0.117,0.035,0,0,0.335,0,0,0,0
10/4/2011 12:30,0.312,-0.128,0.045,0,0,0.339,0,0,0,0
10/4/2011 12:40,0.25,-0.137,0.052,0,0,0.333,0,0,0,0
10/4/2011 12:50,0.467,-0.129,0.059,0,0,0.339,0,0,0,0
10/4/2011 13:00,0.297,-0.139,0.061,0,0,0.335,0,0,0,0
10/4/2011 13:10,0.308,-0.142,0.06,0,0,0.339,0,0,0,0
10/4/2011 13:20,0.38,-0.138,0.063,0,0,0.342,0,0,0,0
10/4/2011 13:30,0.444,-0.136,0.064,0,0,0.345,0,0,0,0
10/4/2011 13:40,0.41,-0.139,0.064,0,0,0.349,0,0,0,0
10/4/2011 13:50,0.399,-0.139,0.063,0,0,0.352,0,0,0,0
10/4/2011 14:00,0.398,-0.139,0.061,0,0,0.355,0,0,0,0
10/4/2011 14:10,0.299,-0.142,0.059,0,0,0.353,0,0,0,0
10/4/2011 14:20,0.322,-0.141,0.058,0,0,0.355,0,0,0,0
10/4/2011 14:30,0.305,-0.142,0.056,0,0,0.353,0,0,0,0
10/4/2011 14:40,0.29,-0.14,0.054,0,0,0.354,0,0,0,0
10/4/2011 14:50,0.278,-0.139,0.053,0,0,0.355,0,0,0,0
10/4/2011 15:00,0.261,-0.138,0.051,0,0,0.354,0,0,0,0
10/4/2011 15:10,0.239,-0.137,0.05,0,0,0.353,0,0,0,0
10/4/2011 15:20,0.217,-0.136,0.048,0,0,0.352,0,0,0,0
10/4/2011 15:30,0.195,-0.136,0.047,0,0,0.351,0,0,0,0
10/4/2011 15:40,0.176,-0.138,0.046,0,0,0.352,0,0,0,0
10/4/2011 15:50,0.153,-0.139,0.045,0,0,0.351,0,0,0,0
10/4/2011 16:00,0.124,-0.137,0.046,0,0,0.348,0,0,0,0
10/4/2011 16:10,0.079,-0.136,0.047,0,0,0.343,0,0,0,0
10/4/2011 16:20,0.059,-0.137,0.058,0,0,0.347,0,0,0,0
10/4/2011 16:30,0.087,-0.134,0.066,0,0,0.347,0,0,0,0
10/4/2011 16:40,0.042,-0.132,0.072,0,0,0.345,0,0,0,0
10/4/2011 16:50,0.045,-0.127,0.08,0,0,0.339,0.001,0,0,0
10/4/2011 17:00,0.029,-0.123,0.088,0,0,0.342,0.074,0,0,0
10/4/2011 17:10,0.018,-0.12,0.095,0,0,0.334,0.082,0,0,0
10/4/2011 17:20,0.009,-0.117,0.1,0,0,0.325,0.085,0,0,0
10/4/2011 17:30,0.004,-0.116,0.102,0,0,0.241,0.083,0,0,0
10/4/2011 17:40,0.001,-0.115,0.103,0,0,0.292,0.085,0,0,0
10/4/2011 17:50,0,-0.114,0.106,0,0,0.285,0.084,0,0,0
10/4/2011 18:00,0,-0.114,0.109,0,0,0.276,0.081,0,0,0
10/4/2011 18:10,0,-0.115,0.108,0,0,0.271,0.078,0,0,0
10/4/2011 18:20,0,-0.114,0.102,0,0,0.27,0.074,0,0,0
10/4/2011 18:30,0,-0.113,0.1,0,0,0.271,0.078,0,0,0
10/4/2011 18:40,0,-0.113,0.098,0,0,0.266,0.077,0,0,0
10/4/2011 18:50,0,-0.112,0.098,0,0,0.259,0.075,0,0,0
10/4/2011 19:00,0,-0.113,0.096,0,0,0.252,0.071,0,0,0
10/4/2011 19:10,0,-0.113,0.095,0,0,0.246,0.067,0,0,0
10/4/2011 19:20,0,-0.113,0.094,0,0,0.241,0.064,0,0,0
10/4/2011 19:30,0,-0.113,0.093,0,0,0.234,0.062,0,0,0
10/4/2011 19:40,0,-0.114,0.092,0,0,0.229,0.059,0,0,0
10/4/2011 19:50,0,-0.116,0.092,0,0,0.22,0.055,0,0,0
10/4/2011 20:00,0,-0.117,0.091,0,0,0.213,0.051,0,0,0
10/4/2011 20:10,0,-0.12,0.09,0,0,0.204,0.046,0,0,0
10/4/2011 20:20,0,-0.122,0.089,0,0,0.199,0.046,0,0,0
10/4/2011 20:30,0,-0.123,0.087,0,0,0.193,0.043,0,0,0
10/4/2011 20:40,0,-0.125,0.086,0,0,0.187,0.039,0,0,0
10/4/2011 20:50,0,-0.128,0.085,0,0,0.181,0.035,0,0,0
10/4/2011 21:00,0,-0.129,0.083,0,0,0.177,0.03,0,0,0
10/4/2011 21:10,0,-0.131,0.082,0,0,0.175,0.029,0,0,0
10/4/2011 21:20,0,-0.132,0.081,0,0,0.169,0.028,0,0,0
10/4/2011 21:30,0,-0.136,0.08,0,0,0.162,0.025,0,0,0
10/4/2011 21:40,0,-0.138,0.078,0,0,0.158,0.022,0,0,0
10/4/2011 21:50,0,-0.14,0.076,0,0,0.156,0.018,0,0,0
10/4/2011 22:00,0,-0.139,0.076,0,0,0.155,0.016,0,0,0
10/4/2011 22:10,0,-0.14,0.076,0,0,0.154,0.016,0,0,0
10/4/2011 22:20,0,-0.144,0.076,0,0,0.147,0.014,0,0,0
10/4/2011 22:30,0,-0.147,0.075,0,0,0.139,0.011,0,0,0
10/4/2011 22:40,0,-0.153,0.074,0,0,0.128,0.007,0,0,0
10/4/2011 22:50,0,-0.159,0.071,0,0,0.118,0.002,0,0,0
10/4/2011 23:00,0,-0.165,0.069,0,0,0.109,0,0,0,0
10/4/2011 23:10,0,-0.171,0.066,0,0,0.101,0,0,0,0
10/4/2011 23:20,0,-0.174,0.064,0,0,0.097,0,0,0,0
10/4/2011 23:30,0,-0.176,0.061,0,0,0.095,0,0,0,0
10/4/2011 23:40,0,-0.177,0.06,0,0,0.092,0,0,0,0
10/4/2011 23:50,0,-0.18,0.058,0,0,0.089,0,0,0,0
10/5/2011 0:00,0,-0.182,0.056,0,0,0.087,0,0,0,0
10/5/2011 0:10,0,-0.182,0.055,0,0,0.09,0,0,0,0
10/5/2011 0:20,0,-0.178,0.054,0,0,0.098,0,0,0,0
10/5/2011 0:30,0,-0.177,0.055,0,0,0.096,0,0,0,0
10/5/2011 0:40,0,-0.186,0.056,0,0,0.078,0,0,0,0
10/5/2011 0:50,0,-0.196,0.054,0,0,0.064,0,0,0,0
10/5/2011 1:00,0,-0.201,0.052,0,0,0.056,0,0,0,0
10/5/2011 1:10,0,-0.202,0.05,0,0,0.059,0,0,0,0
10/5/2011 1:20,0,-0.201,0.05,0,0,0.062,0,0,0,0
10/5/2011 1:30,0,-0.198,0.05,0,0,0.069,0,0,0,0
10/5/2011 1:40,0,-0.193,0.052,0,0,0.077,0,0,0,0
10/5/2011 1:50,0,-0.192,0.053,0,0,0.08,0,0,0,0
10/5/2011 2:00,0,-0.194,0.055,0,0,0.078,0,0,0,0
10/5/2011 2:10,0,-0.196,0.056,0,0,0.077,0,0,0,0
10/5/2011 2:20,0,-0.195,0.058,0,0,0.077,0,0,0,0
10/5/2011 2:30,0,-0.196,0.059,0,0,0.077,0,0,0,0
10/5/2011 2:40,0,-0.201,0.06,0,0,0.066,0,0,0,0
10/5/2011 2:50,0,-0.224,0.06,0,0,0.027,0,0,0,0
10/5/2011 3:00,0,-0.26,0.055,0,0,0,0,0,0,0
10/5/2011 3:10,0,-0.291,0.046,0,0,0,0,0,0,0
10/5/2011 3:20,0,-0.308,0.037,0,0,0,0,0,0,0
10/5/2011 3:30,0,-0.31,0.028,0,0,0,0,0,0,0
10/5/2011 3:40,0,-0.306,0.02,0,0,0,0,0,0,0
10/5/2011 3:50,0,-0.302,0.013,0,0,0,0,0,0,0
10/5/2011 4:00,0,-0.296,0.008,0,0,0,0,0,0,0
10/5/2011 4:10,0,-0.3,0.004,0,0,0,0,0,0,0
10/5/2011 4:20,0,-0.302,0,0,0,0,0,0,0,0
10/5/2011 4:30,0,-0.305,0,0,0,0,0,0,0,0
10/5/2011 4:40,0,-0.31,0,0,0,0,0,0,0,0
10/5/2011 4:50,0,-0.312,0,0,0,0,0,0,0,0
10/5/2011 5:00,0,-0.31,0,0,0,0,0,0,0,0
10/5/2011 5:10,0,-0.305,0,0,0,0,0,0,0,0
10/5/2011 5:20,0,-0.301,0,0,0,0,0,0,0,0
10/5/2011 5:30,0,-0.3,0,0,0,0,0,0,0,0
10/5/2011 5:40,0.001,-0.297,0,0,0,0,0,0,0,0
10/5/2011 5:50,0.002,-0.296,0,0,0,0,0,0,0,0
10/5/2011 6:00,0.004,-0.292,0,0,0,0,0,0,0,0
10/5/2011 6:10,0.009,-0.291,0,0,0,0,0,0,0,0
10/5/2011 6:20,0.014,-0.288,0,0,0,0,0,0,0,0
10/5/2011 6:30,0.018,-0.286,0,0,0,0,0,0,0,0
10/5/2011 6:40,0.023,-0.284,0,0,0,0,0,0,0,0
10/5/2011 6:50,0.028,-0.28,0,0,0,0,0,0,0,0
10/5/2011 7:00,0.032,-0.275,0,0,0,0,0,0,0,0
10/5/2011 7:10,0.04,-0.268,0,0,0,0,0,0,0,0
10/5/2011 7:20,0.056,-0.26,0,0,0,0,0,0,0,0
10/5/2011 7:30,0.055,-0.251,0,0,0,0,0,0,0,0
10/5/2011 7:40,0.057,-0.241,0,0,0,0.011,0,0,0,0
10/5/2011 7:50,0.08,-0.231,0,0,0,0.03,0,0,0,0
10/5/2011 8:00,0.12,-0.221,0,0,0,0.048,0,0,0,0
10/5/2011 8:10,0.134,-0.214,0,0,0,0.06,0,0,0,0
10/5/2011 8:20,0.162,-0.204,0,0,0,0.081,0,0,0,0
10/5/2011 8:30,0.106,-0.194,0,0,0,0.103,0,0,0,0
10/5/2011 8:40,0.094,-0.186,0,0,0,0.11,0,0,0,0
10/5/2011 8:50,0.099,-0.177,0,0,0,0.12,0,0,0,0
10/5/2011 9:00,0.099,-0.166,0,0,0,0.135,0,0,0,0
10/5/2011 9:10,0.119,-0.157,0,0,0,0.153,0,0,0,0
10/5/2011 9:20,0.095,-0.15,0,0,0,0.167,0,0,0,0
10/5/2011 9:30,0.105,-0.146,0,0,0,0.182,0,0,0,0
10/5/2011 9:40,0.151,-0.142,0.001,0,0,0.206,0.003,0,0,0
10/5/2011 9:50,0.206,-0.138,0.004,0,0,0.218,0.017,0,0,0
10/5/2011 10:00,0.359,-0.136,0.007,0,0,0.224,0.022,0,0,0
10/5/2011 10:10,0.414,-0.13,0.009,0,0,0.24,0.027,0,0,0
10/5/2011 10:20,0.418,-0.126,0.012,0,0,0.254,0.029,0,0,0
10/5/2011 10:30,0.457,-0.121,0.016,0,0,0.268,0.033,0,0,0
10/5/2011 10:40,0.476,-0.118,0.019,0,0,0.278,0.035,0,0,0
10/5/2011 10:50,0.481,-0.116,0.02,0,0,0.285,0.036,0,0,0
10/5/2011 11:00,0.487,-0.111,0.021,0,0,0.303,0.039,0,0,0
10/5/2011 11:10,0.332,-0.117,0.021,0,0,0.3,0.026,0,0,0
10/5/2011 11:20,0.344,-0.114,0.025,0,0,0.312,0.028,0,0,0
10/5/2011 11:30,0.36,-0.112,0.028,0,0,0.318,0.03,0,0,0
10/5/2011 11:40,0.534,-0.103,0.031,0,0,0.335,0.045,0,0,0
10/5/2011 11:50,0.426,-0.106,0.031,0,0,0.33,0.04,0,0,0
10/5/2011 12:00,0.547,-0.104,0.03,0,0,0.345,0.045,0,0,0
10/5/2011 12:10,0.532,-0.104,0.032,0,0,0.349,0.044,0,0,0
10/5/2011 12:20,0.523,-0.105,0.032,0,0,0.356,0.044,0,0,0
10/5/2011 12:30,0.478,-0.105,0.033,0,0,0.358,0.041,0,0,0
10/5/2011 12:40,0.272,-0.116,0.029,0,0,0.344,0.025,0,0,0
10/5/2011 12:50,0.437,-0.107,0.031,0,0,0.361,0.042,0,0,0
10/5/2011 13:00,0.558,-0.102,0.032,0,0,0.372,0.053,0,0,0
10/5/2011 13:10,0.513,-0.103,0.031,0,0,0.371,0.052,0,0,0
10/5/2011 13:20,0.275,-0.114,0.025,0,0,0.349,0.032,0,0,0
10/5/2011 13:30,0.219,-0.118,0.021,0,0,0.345,0.028,0,0,0
10/5/2011 13:40,0.411,-0.107,0.023,0,0,0.366,0.048,0,0,0
10/5/2011 13:50,0.479,-0.103,0.025,0,0,0.373,0.055,0,0,0
10/5/2011 14:00,0.339,-0.109,0.022,0,0,0.357,0.045,0,0,0
10/5/2011 14:10,0.285,-0.111,0.021,0,0,0.353,0.043,0,0,0
10/5/2011 14:20,0.217,-0.114,0.02,0,0,0.345,0.04,0,0,0
10/5/2011 14:30,0.204,-0.113,0.019,0,0,0.345,0.043,0,0,0
10/5/2011 14:40,0.131,-0.115,0.019,0,0,0.34,0.043,0,0,0
10/5/2011 14:50,0.104,-0.115,0.02,0,0,0.338,0.046,0,0,0
10/5/2011 15:00,0.164,-0.111,0.022,0,0,0.344,0.059,0,0,0
10/5/2011 15:10,0.13,-0.113,0.024,0,0,0.344,0.055,0,0,0
10/5/2011 15:20,0.118,-0.113,0.03,0,0,0.336,0.06,0,0,0
10/5/2011 15:30,0.122,-0.113,0.032,0,0,0.337,0.064,0,0,0
10/5/2011 15:40,0.092,-0.114,0.036,0,0,0.33,0.067,0,0,0
10/5/2011 15:50,0.11,-0.113,0.041,0,0,0.324,0.076,0,0,0
10/5/2011 16:00,0.078,-0.114,0.048,0,0,0.318,0.077,0,0,0
10/5/2011 16:10,0.057,-0.086,0.043,0,0,0.307,0.079,0,0,0
10/5/2011 16:20,0.054,-0.113,0.056,0,0,0.299,0.079,0,0,0
10/5/2011 16:30,0.041,-0.113,0.058,0,0,0.291,0.077,0,0,0
10/5/2011 16:40,0.026,-0.113,0.061,0,0,0.279,0.075,0,0,0
10/5/2011 16:50,0.018,-0.113,0.065,0,0,0.267,0.075,0,0,0
10/5/2011 17:00,0.012,-0.113,0.069,0,0,0.256,0.073,0,0,0
10/5/2011 17:10,0.008,-0.115,0.072,0,0,0.242,0.07,0,0,0
10/5/2011 17:20,0.004,-0.115,0.075,0.072,0.001,0.225,0.063,0,0,0
10/5/2011 17:30,0.002,-0.118,0.076,0.103,0,0.209,0.057,0,0,0
10/5/2011 17:40,0,NAN,0.087,0.127,0,0.188,0.053,0,0,0
10/5/2011 17:50,0,0,0.084,0.124,0,0.151,0.043,0,0,0
10/5/2011 18:00,0,0,0.084,0,0,0.111,0.031,0,0,0
10/5/2011 18:10,0,0,0.075,0,0,0.078,0.023,0,0,0
10/5/2011 18:20,0,0,0.067,0,0,0.085,0.022,0,0,0
10/5/2011 18:30,0,0,0.061,0,0,0.107,0.026,0,0,0
10/5/2011 18:40,0,0,0.059,0,0,0.127,0.029,0,0,0
10/5/2011 18:50,0,0,0.06,0,0,0.138,0.03,0,0,0
10/5/2011 19:00,0,0,0.062,0,0,0.124,0.023,0,0,0
10/5/2011 19:10,0,0,0.062,0,0,0.111,0.017,0,0,0
10/5/2011 19:20,0,0,0.061,0,0,0.107,0.016,0,0,0
10/5/2011 19:30,0,0,0.059,0,0,0.109,0.016,0,0,0
10/5/2011 19:40,0,0,0.056,0,0,0.115,0.018,0,0,0
10/5/2011 19:50,0,0,0.056,0,0,0.119,0.019,0,0,0
10/5/2011 20:00,0,0,0.056,0,0,0.121,0.019,0,0,0
10/5/2011 20:10,0,0,0.057,0,0,0.119,0.017,0,0,0
10/5/2011 20:20,0,0,0.057,0,0,0.118,0.015,0,0,0
10/5/2011 20:30,0,0,0.058,0,0,0.118,0.014,0,0,0
10/5/2011 20:40,0,0,0.059,0,0,0.116,0.015,0,0,0
10/5/2011 20:50,0,0,0.059,0,0,0.114,0.014,0,0,0
10/5/2011 21:00,0,0,0.058,0,0,0.112,0.015,0,0,0
10/5/2011 21:10,0,0,0.059,0,0,0.106,0.014,0,0,0
10/5/2011 21:20,0,0,0.059,0,0,0.105,0.014,0,0,0
10/5/2011 21:30,0,0,0.059,0,0,0.107,0.016,0,0,0
10/5/2011 21:40,0,0,0.059,0,0,0.11,0.017,0,0,0
10/5/2011 21:50,0,0,0.06,0,0,0.109,0.015,0,0,0
10/5/2011 22:00,0,0,0.061,0,0,0.105,0.014,0,0,0
10/5/2011 22:10,0,0,0.061,0,0,0.098,0.01,0,0,0
10/5/2011 22:20,0,0,0.062,0,0,0.092,0.007,0,0,0
10/5/2011 22:30,0,0,0.061,0,0,0.087,0.005,0,0,0
10/5/2011 22:40,0,0,0.061,0,0,0.087,0.004,0,0,0
10/5/2011 22:50,0,0,0.06,0,0,0.085,0.004,0,0,0
10/5/2011 23:00,0,0,0.061,0,0,0.077,0.001,0,0,0
10/5/2011 23:10,0,0,0.06,0,0,0.07,0,0,0,0
10/5/2011 23:20,0,0,0.059,0,0,0.073,0.001,0,0,0
10/5/2011 23:30,0,0,0.059,0,0,0.075,0.002,0,0,0
10/5/2011 23:40,0,0,0.059,0,0,0.074,0.001,0,0,0
10/5/2011 23:50,0,0,0.058,0,0,0.072,0,0,0,0
10/6/2011 0:00,0,0,0.057,0,0,0.073,0.001,0,0,0
10/6/2011 0:10,0,0,0.057,0,0,0.072,0,0,0,0
10/6/2011 0:20,0,0,0.057,0,0,0.071,0,0,0,0
10/6/2011 0:30,0,0,0.057,0,0,0.067,0,0,0,0
10/6/2011 0:40,0,0,0.057,0,0,0.067,0,0,0,0
10/6/2011 0:50,0,0,0.056,0,0,0.067,0,0,0,0
10/6/2011 1:00,0,0,0.056,0,0,0.065,0,0,0,0
10/6/2011 1:10,0,0,0.056,0,0,0.066,0,0,0,0
10/6/2011 1:20,0,0,0.056,0,0,0.066,0,0,0,0
10/6/2011 1:30,0,0,0.057,0,0,0.059,0,0,0,0
10/6/2011 1:40,0,0,0.055,0,0,0.051,0,0,0,0
10/6/2011 1:50,0,0,0.054,0,0,0.045,0,0,0,0
10/6/2011 2:00,0,0,0.053,0,0,0.037,0,0,0,0
10/6/2011 2:10,0,0,0.049,0,0,0.032,0,0,0,0
10/6/2011 2:20,0,0,0.046,0,0,0.037,0,0,0,0
10/6/2011 2:30,0,0,0.045,0,0,0.033,0,0,0,0
10/6/2011 2:40,0,0,0.043,0,0,0.002,0,0,0,0
10/6/2011 2:50,0,0,0.038,0,0,0,0,0,0,0
10/6/2011 3:00,0,0,0.033,0,0,0,0,0,0,0
10/6/2011 3:10,0,0,0.029,0,0,0,0,0,0,0
10/6/2011 3:20,0,0,0.025,0,0,0,0,0,0,0
10/6/2011 3:30,0,0,0.023,0,0,0,0,0,0,0
10/6/2011 3:40,0,0,0.021,0,0,0,0,0,0,0
10/6/2011 3:50,0,0,0.018,0,0,0,0,0,0,0
10/6/2011 4:00,0,0,0.016,0,0,0,0,0,0,0
10/6/2011 4:10,0,0,0.014,0,0,0,0,0,0,0
10/6/2011 4:20,0,0,0.013,0,0,0,0,0,0,0
10/6/2011 4:30,0,0,0.012,0,0,0,0,0,0,0
10/6/2011 4:40,0,0,0.012,0,0,0,0,0,0,0
10/6/2011 4:50,0,0,0.01,0,0,0,0,0,0,0
10/6/2011 5:00,0,0,0.009,0,0,0,0,0,0,0
10/6/2011 5:10,0,0,0.008,0,0,0,0,0,0,0
10/6/2011 5:20,0,0,0.007,0,0,0,0,0,0,0
10/6/2011 5:30,0,0,0.006,0,0,0,0,0,0,0
10/6/2011 5:40,0,0,0.005,0,0,0,0,0,0,0
10/6/2011 5:50,0.001,0,0.005,0,0,0,0,0,0,0
10/6/2011 6:00,0.003,0,0.006,0,0,0,0,0,0,0
10/6/2011 6:10,0.008,0,0.005,0.001,0,0,0,0,0,0
10/6/2011 6:20,0.017,0.001,0.005,0.001,0,0,0,0,0,0
10/6/2011 6:30,0.027,0.002,0.005,0.002,0,0,0,0,0,0
10/6/2011 6:40,0.03,0.002,0.005,0.002,0,0,0,0,0,0
10/6/2011 6:50,0.042,0.002,0.005,0.003,0,0,0,0,0,0
10/6/2011 7:00,0.051,0.003,0.005,0.004,0,0,0,0,0,0
10/6/2011 7:10,0.052,0.003,0.005,0.004,0,0,0,0,0,0
10/6/2011 7:20,0.063,0.004,0.005,0.005,0,0,0,0,0,0
10/6/2011 7:30,0.072,0.005,0.004,0.006,0,0,0,0,0,0
10/6/2011 7:40,0.081,0.006,0.003,0.007,0,0,0,0,0,0
10/6/2011 7:50,0.09,0.006,0.002,0.008,0,0,0,0,0,0
10/6/2011 8:00,0.105,0.007,0.002,0.009,0,0,0,0,0,0
10/6/2011 8:10,0.119,0.007,0.001,0.009,0,0,0,0,0,0
10/6/2011 8:20,0.159,0.008,0,0.011,0,0,0,0,0,0
10/6/2011 8:30,0.148,0.008,0,0.011,0,0,0,0,0,0
10/6/2011 8:40,0.121,0.008,0,0.01,0,0,0,0,0,0
10/6/2011 8:50,0.119,0.008,0,0.01,0,0,0,0,0,0
10/6/2011 9:00,0.126,0.008,0,0.011,0,0,0,0,0,0
10/6/2011 9:10,0.146,0.008,0,0.011,0,0,0,0,0,0
10/6/2011 9:20,0.135,0.008,0,0.011,0,0,0,0,0,0
10/6/2011 9:30,0.136,0.009,0,0.012,0,0,0,0,0,0
10/6/2011 9:40,0.142,0.009,0,0.014,0,0,0,0,0,0
10/6/2011 9:50,0.209,0.021,0,0.015,0,0,0,0,0,0
10/6/2011 10:00,0.344,0.038,0,0.016,0,0.003,0,0,0,0
10/6/2011 10:10,0.374,0.039,0,0.019,0,0.024,0,0,0,0
10/6/2011 10:20,0.386,0.041,0,0.022,0,0.052,0,0,0,0
10/6/2011 10:30,0.35,0.041,0,0.02,0,0.078,0,0,0,0
10/6/2011 10:40,0.364,0.041,0,0.021,0,0.111,0,0,0,0
10/6/2011 10:50,0.403,0.047,0,0.024,0,0.16,0.005,0,0,0
10/6/2011 11:00,0.398,0.043,0,0.024,0,0.189,0.004,0,0,0
10/6/2011 11:10,0.36,0.048,0,0.022,0,0.215,0.003,0,0,0
10/6/2011 11:20,0.348,0.044,0.004,0.022,0,0.241,0.004,0,0,0
10/6/2011 11:30,0.4,0.059,0.013,0.026,0,0.264,0.009,0,0,0
10/6/2011 11:40,0.405,0.065,0.019,0.027,0,0.278,0.011,0,0,0
10/6/2011 11:50,0.455,0.076,0.027,0.031,0,0.296,0.016,0,0,0
10/6/2011 12:00,0.42,0.081,0.031,0.03,0,0.305,0.014,0,0,0
10/6/2011 12:10,0.436,0.081,0.035,0.032,0,0.317,0.016,0,0,0
10/6/2011 12:20,0.443,0.082,0.037,0.034,0,0.327,0.013,0,0,0
10/6/2011 12:30,0.413,0.079,0.039,0.034,0,0.336,0.01,0,0,0
10/6/2011 12:40,0.47,0.09,0.044,0.043,0,0.347,0.015,0,0,0
10/6/2011 12:50,0.442,0.092,0.046,0.044,0,0.351,0.014,0,0,0
10/6/2011 13:00,0.417,0.09,0.048,0.046,0,0.35,0.015,0,0,0
10/6/2011 13:10,0.336,0.074,0.046,0.038,0,0.351,0.01,0,0,0
10/6/2011 13:20,0.364,0.083,0.045,0.044,0,0.356,0.013,0,0,0
10/6/2011 13:30,0.396,0.099,0.045,0.054,0,0.362,0.02,0,0,0
10/6/2011 13:40,0.342,0.086,0.041,0.048,0,0.358,0.014,0,0,0
10/6/2011 13:50,0.383,0.098,0.041,0.058,0,0.366,0.018,0,0,0
10/6/2011 14:00,0.353,0.095,0.038,0.057,0,0.368,0.017,0,0,0
10/6/2011 14:10,0.301,0.083,0.035,0.051,0,0.361,0.016,0,0,0
10/6/2011 14:20,0.348,0.098,0.034,0.064,0,0.365,0.021,0,0,0
10/6/2011 14:30,0.32,0.095,0.03,0.064,0,0.365,0.022,0,0,0
10/6/2011 14:40,0.288,0.092,0.027,0.063,0,0.362,0.021,0,0,0
10/6/2011 14:50,0.265,0.09,0.025,0.063,0,0.361,0.022,0,0,0
10/6/2011 15:00,0.254,0.091,0.023,0.067,0,0.367,0.022,0,0,0
10/6/2011 15:10,0.237,0.09,0.02,0.069,0,0.388,0.005,0,0,0
10/6/2011 15:20,0.215,0.087,0.026,0.071,0,0.393,0,0,0,0
10/6/2011 15:30,0.192,0.083,0.03,0.074,0,0.386,0,0,0,0
10/6/2011 15:40,0.175,0.077,0.03,0.08,0,0.376,0.001,0,0,0
10/6/2011 15:50,0.153,0.068,0.078,0.085,0,0.375,0.014,0,0,0
10/6/2011 16:00,0.132,0.038,0.148,0.092,0,0.375,0.008,0,0,0
10/6/2011 16:10,0.112,0.023,0.058,0.074,0,0.368,0.013,0,0,0
10/6/2011 16:20,0.092,0.024,0.014,0.011,NAN,0.372,0.055,0,0,0
10/6/2011 16:30,0.053,0.035,0.015,0.007,0.017,0.359,0.041,0,0,0
10/6/2011 16:40,0.04,0.037,0.016,0.005,0.01,0.345,0.067,0,0,0
10/6/2011 16:50,0.027,0.014,0.008,0.006,0.007,0.015,0.077,0,0,0
10/6/2011 17:00,0.019,0.006,0.005,0.003,0.006,0.01,0.076,0,0,0
10/6/2011 17:10,0.011,0.003,0.003,0.002,0.003,0.006,0.087,0,0,0
10/6/2011 17:20,0.005,0.002,0.002,0.001,0.002,0.003,0.089,0,0,0
10/6/2011 17:30,0.002,0.001,0.001,0,0.001,0.001,0.084,0,0,0
10/6/2011 17:40,0,0,0,0,0,0,0.077,0,0,0
10/6/2011 17:50,0,0,0,0,0,0,0.076,0,0,0
10/6/2011 18:00,0,0,0,0,0,0,0.078,0,0,0
10/6/2011 18:10,0,0,0,0,0,0,0.079,0,0,0
10/6/2011 18:20,0,0,0,0,0,0,0.079,0,0,0
10/6/2011 18:30,0,0,0,0,0,0,0.08,0,0,0
10/6/2011 18:40,0,0,0,0,0,0,0.079,0,0,0
10/6/2011 18:50,0,0,0,0,0,0,0.078,0,0,0
10/6/2011 19:00,0,0,0,0,0,0,0.075,0,0,0
10/6/2011 19:10,0,0,0,0,0,0,0.071,0,0,0
10/6/2011 19:20,0,0,0,0,0,0,0.065,0,0,0
10/6/2011 19:30,0,0,0,0,0,0,0.058,0,0,0
10/6/2011 19:40,0,0,0,0,0,0,0.052,0,0,0
10/6/2011 19:50,0,0,0,0,0,0,0.05,0,0,0
10/6/2011 20:00,0,0,0,0,0,0,0.048,0,0,0
10/6/2011 20:10,0,0,0,0,0,0,0.043,0,0,0
10/6/2011 20:20,0,0,0,0,0,0,0.038,0,0,0
10/6/2011 20:30,0,0,0,0,0,0,0.033,0,0,0
10/6/2011 20:40,0,0,0,0,0,0,0.032,0,0,0
10/6/2011 20:50,0,0,0,0,0,0,0.031,0,0,0
10/6/2011 21:00,0,0,0,0,0,0,0.03,0,0,0
10/6/2011 21:10,0,0,0,0,0,0,0.028,0,0,0
10/6/2011 21:20,0,0,0,0,0,0,0.027,0,0,0
10/6/2011 21:30,0,0,0,0,0,0,0.023,0,0,0
10/6/2011 21:40,0,0,0,0,0,0,0.018,0,0,0
10/6/2011 21:50,0,0,0,0,0,0,0.011,0,0,0
10/6/2011 22:00,0,0,0,0,0,0,0.006,0,0,0
10/6/2011 22:10,0,0,0,0,0,0,0.004,0,0,0
10/6/2011 22:20,0,0,0,0,0,0,0.002,0,0,0
10/6/2011 22:30,0,0,0,0,0,0,0.002,0,0,0
10/6/2011 22:40,0,0,0,0,0,0,0.002,0,0,0
10/6/2011 22:50,0,0,0,0,0,0,0.003,0,0,0
10/6/2011 23:00,0,0,0,0,0,0,0.002,0,0,0
10/6/2011 23:10,0,0,0,0,0,0,0.003,0,0,0
10/6/2011 23:20,0,0,0,0,0,0,0.002,0,0,0
10/6/2011 23:30,0,0,0,0,0,0,0,0,0,0
10/6/2011 23:40,0,0,0,0,0,0,0,0,0,0
10/6/2011 23:50,0,0,0,0,0,0,0,0,0,0
10/7/2011 0:00,0,0,0,0,0,0,0.001,0,0,0
10/7/2011 0:10,0,0,0,0,0,0,0,0,0,0
10/7/2011 0:20,0,0,0,0,0,0,0,0,0,0
10/7/2011 0:30,0,0,0,0,0,0,0,0,0,0
10/7/2011 0:40,0,0,0,0,0,0,0,0,0,0
10/7/2011 0:50,0,0,0,0,0,0,0,0,0,0
10/7/2011 1:00,0,0,0,0,0,0,0,0,0,0
10/7/2011 1:10,0,0,0,0,0,0,0,0,0,0
10/7/2011 1:20,0,0,0,0,0,0,0,0,0,0
10/7/2011 1:30,0,0,0,0,0,0,0,0,0,0
10/7/2011 1:40,0,0,0,0,0,0,0,0,0,0
10/7/2011 1:50,0,0,0,0,0,0,0,0,0,0
10/7/2011 2:00,0,0,0,0,0,0,0,0,0,0
10/7/2011 2:10,0,0,0,0,0,0,0,0,0,0
10/7/2011 2:20,0,0,0,0,0,0,0,0,0,0
10/7/2011 2:30,0,0,0,0,0,0,0,0,0,0
10/7/2011 2:40,0,0,0,0,0,0,0,0,0,0
10/7/2011 2:50,0,0,0,0,0,0,0,0,0,0
10/7/2011 3:00,0,0,0,0,0,0,0,0,0,0
10/7/2011 3:10,0,0,0,0,0,0,0,0,0,0
10/7/2011 3:20,0,0,0,0,0,0,0,0,0,0
10/7/2011 3:30,0,0,0,0,0,0,0,0,0,0
10/7/2011 3:40,0,0,0,0,0,0,0,0,0,0
10/7/2011 3:50,0,0,0,0,0,0,0,0,0,0
10/7/2011 4:00,0,0,0,0,0,0,0,0,0,0
10/7/2011 4:10,0,0,0,0,0,0,0,0,0,0
10/7/2011 4:20,0,0,0,0,0,0,0,0,0,0
10/7/2011 4:30,0,0,0,0,0,0,0,0,0,0
10/7/2011 4:40,0,0,0,0,0,0,0,0,0,0
10/7/2011 4:50,0,0,0,0,0,0,0,0,0,0
10/7/2011 5:00,0,0,0,0,0,0,0,0,0,0
10/7/2011 5:10,0,0,0,0,0,0,0,0,0,0
10/7/2011 5:20,0,0,0,0,0,0,0,0,0,0
10/7/2011 5:30,0,0,0,0,0,0,0,0,0,0
10/7/2011 5:40,0,0,0,0,0,0,0,0,0,0
10/7/2011 5:50,0,0,0,0,0,0,0,0,0,0
10/7/2011 6:00,0,0,0,0,0,0,0,0,0,0
10/7/2011 6:10,0.001,0,0,0,0,0,0,0,0,0
10/7/2011 6:20,0.002,0,0,0,0,0,0,0,0,0
10/7/2011 6:30,0.002,0,0,0,0,0,0,0,0,0
10/7/2011 6:40,0.002,0,0,0,0,0,0,0,0,0
10/7/2011 6:50,0.004,0.001,0,0,0.001,0.001,0,0,0,0
10/7/2011 7:00,0.005,0.001,0,0,0.001,0.001,0,0,0,0
10/7/2011 7:10,0.009,0.002,0.001,0.001,0.002,0.002,0,0,0,0
10/7/2011 7:20,0.012,0.002,0.001,0.001,0.002,0.002,0,0,0,0
10/7/2011 7:30,0.014,0.003,0.002,0.001,0.003,0.003,0,0,0,0
10/7/2011 7:40,0.014,0.003,0.001,0.001,0.003,0.003,0,0,0,0
10/7/2011 7:50,0.014,0.002,0.001,0.001,0.002,0.003,0,0,0,0
10/7/2011 8:00,0.014,0.002,0.001,0.001,0.002,0.003,0,0,0,0
10/7/2011 8:10,0.013,0.002,0.001,0.001,0.002,0.002,0,0,0,0
10/7/2011 8:20,0.011,0.002,0.001,0.001,0.002,0.002,0,0,0,0
10/7/2011 8:30,0.009,0.002,0.001,0,0.002,0.002,0,0,0,0
10/7/2011 8:40,0.012,0.002,0.001,0.001,0.002,0.002,0,0,0,0
10/7/2011 8:50,0.014,0.003,0.001,0.001,0.002,0.003,0,0,0,0
10/7/2011 9:00,0.016,0.003,0.002,0.001,0.003,0.003,0,0,0,0
10/7/2011 9:10,0.021,0.004,0.002,0.001,0.004,0.004,0,0,0,0
10/7/2011 9:20,0.024,0.005,0.002,0.001,0.005,0.005,0,0,0,0
10/7/2011 9:30,0.033,0.007,0.003,0.002,0.007,0.007,0,0,0,0
10/7/2011 9:40,0.037,0.008,0.004,0.002,0.007,0.008,0,0,0,0
10/7/2011 9:50,0.039,0.008,0.004,0.002,0.007,0.008,0,0,0,0
10/7/2011 10:00,0.051,0.011,0.005,0.003,0.01,0.011,0,0,0,0
10/7/2011 10:10,0.054,0.011,0.006,0.003,0.01,0.011,0,0,0,0
10/7/2011 10:20,0.054,0.011,0.006,0.003,0.01,0.011,0,0,0,0
10/7/2011 10:30,0.059,0.012,0.006,0.003,0.011,0.012,0,0,0,0
10/7/2011 10:40,0.07,0.015,0.007,0.004,0.014,0.014,0.002,0,0,0
