2011/11/05 00:10:00,0,0,0,0,0,0,0,0,0,0,0,0,0,0,0,0,7.845,96.2,7.246,98.9,0.148,0.29,232.7
2011/11/05 00:20:00,0,0,0,0,0,0,0,0,0,0,0,0,0,0,0,0,8.38,94.2,7.855,96.7,0.278,0.4,318.1
2011/11/05 00:30:00,0,0,0,0,0,0,0,0,0,0,0,0,0,0,0,0,8.75,92.7,8.32,94.7,0.222,0.3,285.9
2011/11/05 00:40:00,0,0,0,0,0,0,0,0,0,0,0,0,0,0,0,0,8.93,92,8.5,94.2,0.328,0.46,321.8
2011/11/05 00:50:00,0,0,0,0,0,0,0,0,0,0,0,0,0,0,0,0,9.1,91.6,8.66,93.8,0.31,0.52,274.6
2011/11/05 01:00:00,0,0,0,0,0,0,0,0,0,0,0,0,0,0,0,0,9.2,90.9,8.76,93.2,0.356,0.6,316.1
2011/11/05 01:10:00,0,0,0,0,0,0,0,0,0,0,0,0,0,0,0,0,9.31,90,8.89,92.1,0.404,0.57,337.1
2011/11/05 01:20:00,0,0,0,0,0,0,0,0,0,0,0,0,0,0,0,0,9.33,89.5,8.94,91.5,0.374,0.49,297.2
2011/11/05 01:30:00,0,0,0,0,0,0,0,0,0,0,0,0,0,0,0,0,9.3,89.5,8.94,91.3,0.216,0.46,337
2011/11/05 01:40:00,0,0,0,0,0,0,0,0,0,0,0,0,0,0,0,0,9.3,89.6,8.95,91.2,0.406,0.61,313.4
2011/11/05 01:50:00,0,0,0,0,0,0,0,0,0,0,0,0,0,0,0,0,9.32,89.7,8.94,91.3,0.324,0.78,292.1
2011/11/05 02:00:00,0,0,0,0,0,0,0,0,0,0,0,0,0,0,0,0,9.33,89.5,8.98,91.1,0.262,0.35,304.2
2011/11/05 02:10:00,0,0,0,0,0,0,0,0,0,0,0,0,0,0,0,0,9.31,89.9,8.96,91.4,0.204,0.32,281
2011/11/05 02:20:00,0,0,0,0,0,0,0,0,0,0,0,0,0,0,0,0,9.27,90.2,8.91,92,0.31,0.65,318.8
2011/11/05 02:30:00,0,0,0,0,0,0,0,0,0,0,0,0,0,0,0,0,9.32,89.8,8.96,91.5,0.358,0.53,319.9
2011/11/05 02:40:00,0,0,0,0,0,0,0,0,0,0,0,0,0,0,0,0,9.41,89.4,9.06,90.8,0.348,0.67,292.3
2011/11/05 02:50:00,0,0,0,0,0,0,0,0,0,0,0,0,0,0,0,0,9.42,89.3,9.07,90.6,0.38,0.49,311.1
2011/11/05 03:00:00,0,0,0,0,0,0,0,0,0,0,0,0,0,0,0,0,9.41,89.1,9.07,90.7,0.36,0.52,321.1
2011/11/05 03:10:00,0,0,0,0,0,0,0,0,0,0,0,0,0,0,0,0,9.36,89.6,9.02,91.2,0.36,0.62,285.5
2011/11/05 03:20:00,0,0,0,0,0,0,0,0,0,0,0,0,0,0,0,0,9.32,89.7,8.98,91,0.276,0.53,224.1
2011/11/05 03:30:00,0,0,0,0,0,0,0,0,0,0,0,0,0,0,0,0,9.3,89.9,8.96,91.2,0.286,0.55,285.7
2011/11/05 03:40:00,0,0,0,0,0,0,0,0,0,0,0,0,0,0,0,0,9.3,89.8,8.96,91.1,0.34,0.5,318.2
2011/11/05 03:50:00,0,0,0,0,0,0,0,0,0,0,0,0,0,0,0,0,9.33,89.5,9,90.8,0.296,0.36,327.1
2011/11/05 04:00:00,0,0,0,0,0,0,0,0,0,0,0,0,0,0,0,0,9.33,89.4,9,91,0.32,0.48,304.6
2011/11/05 04:10:00,0,0,0,0,0,0,0,0,0,0,0,0,0,0,0,0,9.33,89.2,8.99,90.8,0.276,0.57,304.4
2011/11/05 04:20:00,0,0,0,0,0,0,0,0,0,0,0,0,0,0,0,0,9.32,89.5,8.97,91.2,0.324,0.68,261.5
2011/11/05 04:30:00,0,0,0,0,0,0,0,0,0,0,0,0,0,0,0,0,9.32,89.3,9,90.6,0.238,0.42,151.5
2011/11/05 04:40:00,0,0,0,0,0,0,0,0,0,0,0,0,0,0,0,0,9.33,89.4,9,91.1,0.228,0.54,296.9
2011/11/05 04:50:00,0,0,0,0,0,0,0,0,0,0,0,0,0,0,0,0,9.37,89.3,9.03,90.7,0.276,0.37,311.9
2011/11/05 05:00:00,0,0,0,0,0,0,0,0,0,0,0,0,0,0,0,0,9.38,89.3,9.04,90.9,0.232,0.55,262.6
2011/11/05 05:10:00,0,0,0,0,0,0,0,0,0,0,0,0,0,0,0,0,9.43,89.2,9.07,90.8,0.25,0.31,321.7
2011/11/05 05:20:00,0,0,0,0,0,0,0,0,0,0,0,0,0,0,0,0,9.43,89,9.09,90.6,0.47,0.61,329.1
2011/11/05 05:30:00,0,0,0,0,0,0,0,0,0,0,0,0,0,0,0,0,9.46,89.1,9.11,90.6,0.388,0.46,331.6
2011/11/05 05:40:00,0,0,0,0,0,0,0,0,0,0,0,0,0,0,0,0,9.46,89.2,9.1,90.7,0.194,0.31,262.8
2011/11/05 05:50:00,0,0,0,0,0,0,0,0,0,0,0,0,0,0,0,0,9.46,89.3,9.11,90.7,0.336,0.5,321
2011/11/05 06:00:00,0,0,0,0,0,0,0,0,0,0,0,0,0,0,0,0,9.47,89.4,9.11,90.8,0.332,0.48,309.1
2011/11/05 06:10:00,0,0,0,0,0,0,0,0,0,0,0,0,0,0,0,0,9.47,89.8,9.13,91,0.284,0.41,317.3
2011/11/05 06:20:00,0,0,0,0,0,0,0,0,0,0,0,0,0,0,0,0,9.45,90,9.11,91.4,0.178,0.22,233.3
2011/11/05 06:30:00,0,0,0,0,0,0,0,0,0,0,0,0,0,0,0,0,9.46,90.2,9.12,91.3,0.39,0.65,285.8
2011/11/05 06:40:00,0,0,0,0,0,0,0,0,0,0.002,0,0,0,0,0,0,9.48,90,9.16,91.2,0.298,0.63,292.7
2011/11/05 06:50:00,0,0,0,0,0,0,0,0,0,0.003,0.001,0.001,0.001,0.001,0.001,0,9.53,89.9,9.21,91.2,0.334,0.56,318.7
2011/11/05 07:00:00,0.001,0.001,0.001,0.001,0.001,0.001,0.001,0.001,0,0.004,0.001,0.001,0.001,0.001,0.001,0,9.55,90.1,9.22,91.5,0.216,0.49,238
2011/11/05 07:10:00,0.001,0.001,0.001,0.001,0.001,0.001,0.001,0.001,0,0.007,0.002,0.002,0.002,0.002,0.002,0,9.59,89.9,9.26,91.2,0.256,0.5,305.9
2011/11/05 07:20:00,0.001,0.001,0.001,0.001,0.001,0.001,0.001,0.001,0,0.008,0.002,0.002,0.002,0.002,0.002,0,9.67,89.8,9.34,91.1,0.38,0.46,281.7
2011/11/05 07:30:00,0.002,0.001,0.002,0.002,0.002,0.002,0.002,0.002,0.001,0.011,0.003,0.003,0.003,0.003,0.003,0,9.71,89.7,9.38,90.9,0.306,0.5,309.5
2011/11/05 07:40:00,0.002,0.002,0.002,0.002,0.002,0.002,0.002,0.002,0.001,0.012,0.003,0.003,0.003,0.003,0.003,0,9.79,89.5,9.47,90.6,0.326,0.49,297.1
2011/11/05 07:50:00,0.003,0.002,0.003,0.003,0.003,0.004,0.004,0.003,0.001,0.022,0.007,0.007,0.006,0.006,0.006,0,9.91,89.3,9.58,90.6,0.468,0.96,282.3
2011/11/05 08:00:00,0.004,0.003,0.004,0.004,0.004,0.005,0.005,0.004,0.002,0.029,0.008,0.008,0.008,0.008,0.007,0,10.03,88.9,9.71,90.1,0.38,0.72,223.6
2011/11/05 08:10:00,0.005,0.004,0.005,0.005,0.005,0.005,0.006,0.004,0.002,0.033,0.01,0.01,0.01,0.009,0.009,0,10.14,88.9,9.83,90.1,0.338,0.51,349.3
2011/11/05 08:20:00,0.006,0.004,0.006,0.006,0.005,0.006,0.007,0.005,0.002,0.038,0.011,0.011,0.011,0.01,0.01,0,10.23,88.7,9.93,89.7,0.354,0.61,301.5
2011/11/05 08:30:00,0.007,0.005,0.007,0.007,0.006,0.007,0.008,0.006,0.002,0.044,0.013,0.013,0.013,0.012,0.011,0,10.35,88.5,10.06,89.7,0.332,0.46,281.2
2011/11/05 08:40:00,0.008,0.006,0.008,0.008,0.007,0.009,0.009,0.007,0.002,0.051,0.015,0.015,0.015,0.014,0.013,0,10.49,88.4,10.2,89.5,0.368,0.58,312.8
2011/11/05 08:50:00,0.009,0.007,0.01,0.01,0.009,0.01,0.011,0.008,0.003,0.06,0.019,0.019,0.018,0.017,0.016,0,10.7,88.4,10.39,89.4,0.168,0.3,292.7
2011/11/05 09:00:00,0.011,0.008,0.011,0.011,0.01,0.012,0.012,0.01,0.003,0.07,0.021,0.021,0.02,0.019,0.018,0,10.87,87.3,10.58,88.5,0.346,0.5,320.8
2011/11/05 09:10:00,0.012,0.009,0.012,0.012,0.011,0.013,0.013,0.011,0.004,0.075,0.023,0.023,0.022,0.021,0.02,0,11.05,86.9,10.74,88.1,0.516,1.02,328.6
2011/11/05 09:20:00,0.012,0.01,0.012,0.012,0.011,0.013,0.014,0.011,0.004,0.077,0.023,0.023,0.023,0.022,0.02,0,11.19,86.4,10.9,87.3,0.196,0.39,193.7
2011/11/05 09:30:00,0.013,0.01,0.013,0.014,0.012,0.015,0.015,0.012,0.004,0.084,0.025,0.025,0.025,0.024,0.022,0,11.3,86.4,11,87.2,0.346,0.57,212.6
2011/11/05 09:40:00,0.014,0.011,0.014,0.015,0.013,0.016,0.016,0.013,0.005,0.09,0.027,0.027,0.026,0.025,0.023,0,11.52,85.3,11.22,86.3,0.376,0.65,331.7
2011/11/05 09:50:00,0.016,0.013,0.017,0.017,0.015,0.018,0.018,0.014,0.005,0.102,0.03,0.03,0.029,0.028,0.026,0,11.75,84.7,11.46,85.3,0.342,0.48,301.8
2011/11/05 10:00:00,0.017,0.013,0.017,0.017,0.016,0.019,0.019,0.015,0.005,0.105,0.032,0.032,0.031,0.029,0.028,0,12.04,83.7,11.66,84.9,0.248,0.47,308.9
2011/11/05 10:10:00,0.018,0.014,0.018,0.019,0.017,0.02,0.02,0.016,0.006,0.113,0.033,0.033,0.032,0.031,0.029,0,12.29,83,11.88,84.2,0.276,0.73,12.89
2011/11/05 10:20:00,0.018,0.015,0.019,0.019,0.018,0.021,0.021,0.016,0.006,0.116,0.033,0.034,0.032,0.031,0.029,0,12.42,82.8,12.08,84,0.378,0.47,324.4
2011/11/05 10:30:00,0.02,0.016,0.021,0.021,0.019,0.022,0.023,0.018,0.007,0.125,0.037,0.037,0.035,0.034,0.032,0,12.7,82.1,12.45,82.9,0.296,0.58,316
2011/11/05 10:40:00,0.02,0.016,0.021,0.021,0.019,0.022,0.023,0.018,0.007,0.126,0.037,0.037,0.036,0.034,0.032,0,13.03,80.8,12.74,81.6,0.182,0.24,173.4
2011/11/05 10:50:00,0.021,0.017,0.022,0.022,0.02,0.024,0.024,0.019,0.007,0.133,0.04,0.04,0.038,0.036,0.034,0,13.37,80.1,13.03,81,0.394,0.63,323.3
2011/11/05 11:00:00,0.025,0.02,0.026,0.026,0.024,0.028,0.028,0.022,0.008,0.156,0.045,0.045,0.044,0.041,0.039,0,13.74,79.49,13.45,80.4,0.226,0.57,189.9
2011/11/05 11:10:00,0.033,0.026,0.034,0.034,0.031,0.037,0.037,0.029,0.011,0.201,0.059,0.058,0.056,0.053,0.051,0,14.3,78.11,13.97,79.17,0.248,0.5,201.3
2011/11/05 11:20:00,0.045,0.037,0.047,0.048,0.043,0.051,0.052,0.042,0.015,0.273,0.077,0.074,0.073,0.068,0.067,0,15.04,76.63,14.82,77.35,0.236,0.5,88.4
2011/11/05 11:30:00,0.058,0.046,0.06,0.061,0.055,0.064,0.065,0.053,0.02,0.34,0.086,0.082,0.082,0.078,0.076,0.005,16.02,72.79,16.01,73.21,0.286,0.42,198.8
2011/11/05 11:40:00,0.058,0.046,0.06,0.061,0.055,0.064,0.065,0.054,0.019,0.336,0.075,0.07,0.071,0.068,0.067,0.003,16.18,73.18,16.46,71.46,0.754,1.54,133.7
2011/11/05 11:50:00,0.039,0.032,0.042,0.043,0.04,0.047,0.048,0.04,0.014,0.252,0.058,0.052,0.053,0.049,0.049,0,16.54,72.89,16.78,72.23,0.212,0.51,147.2
2011/11/05 12:00:00,0.052,0.041,0.053,0.054,0.049,0.057,0.058,0.048,0.017,0.294,0.067,0.06,0.062,0.057,0.058,0,17.24,71.04,17.32,71.09,0.386,1.04,142.4
2011/11/05 12:10:00,0.063,0.05,0.064,0.065,0.058,0.068,0.069,0.057,0.021,0.35,0.076,0.068,0.07,0.066,0.068,0,18.44,67.39,18.42,67.49,0.258,0.44,202
2011/11/05 12:20:00,0.075,0.059,0.075,0.077,0.069,0.081,0.082,0.068,0.025,0.415,0.09,0.081,0.084,0.079,0.081,0,18.43,65.93,18.89,63.98,0.478,1.16,178.8
2011/11/05 12:30:00,0.074,0.058,0.074,0.076,0.068,0.08,0.081,0.067,0.024,0.404,0.088,0.079,0.082,0.077,0.079,0,19.23,65.6,19.78,63.81,0.698,1.71,208.4
2011/11/05 12:40:00,0.066,0.052,0.067,0.068,0.061,0.072,0.073,0.06,0.022,0.356,0.082,0.072,0.076,0.07,0.073,0,20.2,61.25,20.45,60.88,0.848,1.67,79.33
2011/11/05 12:50:00,0.061,0.05,0.065,0.065,0.059,0.069,0.07,0.058,0.021,0.339,0.083,0.072,0.077,0.069,0.072,0,19.3,63.49,19.6,62.26,0.62,1.07,228.5
2011/11/05 13:00:00,0.051,0.045,0.058,0.059,0.054,0.062,0.063,0.053,0.019,0.301,0.08,0.068,0.074,0.064,0.068,0,19,65.66,19.66,62.88,0.612,0.9,149.6
2011/11/05 13:10:00,0.045,0.044,0.057,0.058,0.052,0.061,0.062,0.052,0.018,0.291,0.082,0.07,0.076,0.065,0.07,0,18.96,66.36,19.32,64.81,0.638,1.23,166.9
2011/11/05 13:20:00,0.036,0.039,0.051,0.051,0.046,0.054,0.055,0.046,0.016,0.255,0.077,0.067,0.073,0.06,0.066,0,19.69,64.66,20.31,61.96,0.366,0.94,173.4
2011/11/05 13:30:00,0.029,0.032,0.042,0.042,0.038,0.045,0.045,0.038,0.013,0.21,0.071,0.062,0.067,0.055,0.061,0,19.68,65.02,20.05,63.72,0.67,1.03,152
2011/11/05 13:40:00,0.021,0.031,0.04,0.04,0.037,0.043,0.044,0.037,0.013,0.201,0.072,0.063,0.067,0.055,0.061,0,18.57,68.32,18.77,67.47,0.606,0.94,154.4
2011/11/05 13:50:00,0.015,0.027,0.036,0.036,0.033,0.038,0.039,0.032,0.012,0.178,0.069,0.06,0.065,0.053,0.059,0,18.49,68.85,18.55,68.03,0.626,1.22,138.2
2011/11/05 14:00:00,0.011,0.019,0.024,0.024,0.022,0.026,0.027,0.022,0.008,0.116,0.061,0.049,0.054,0.042,0.048,0,18.26,69.51,18.18,69.25,0.876,1.32,150.2
2011/11/05 14:10:00,0.013,0.016,0.021,0.02,0.019,0.022,0.022,0.019,0.006,0.1,0.068,0.047,0.056,0.04,0.046,0,17.53,71.58,17.35,71.4,0.582,1.06,164.2
2011/11/05 14:20:00,0.023,0.02,0.027,0.026,0.024,0.028,0.029,0.024,0.008,0.125,0.115,0.058,0.086,0.05,0.058,0,16.82,73.57,16.74,73.12,0.924,1.2,147.7
2011/11/05 14:30:00,0.017,0.014,0.018,0.018,0.017,0.019,0.019,0.016,0.005,0.082,0.109,0.05,0.086,0.04,0.052,0,16.34,75.51,16.12,75.5,0.472,0.94,155.6
2011/11/05 14:40:00,0.011,0.009,0.012,0.012,0.011,0.011,0.013,0.011,0.003,0.062,0.09,0.043,0.076,0.033,0.044,0,15.4,78.62,15.16,78.35,0.878,1.56,140.5
2011/11/05 14:50:00,0.009,0.008,0.01,0.01,0.007,0.009,0.009,0.007,0.002,0.052,0.092,0.048,0.081,0.033,0.036,0,14.51,82.1,14.29,82,0.592,0.93,152.8
2011/11/05 15:00:00,0.009,0.01,0.013,0.012,0.008,0.011,0.01,0.007,0.002,0.065,0.15,0.08,0.133,0.046,0.044,0,14.48,82.4,14.19,82.6,0.7,1.07,144.6
2011/11/05 15:10:00,0.007,0.009,0.011,0.007,0.007,0.008,0.011,0.006,0.002,0.056,0.143,0.072,0.13,0.053,0.043,0,14.29,83.2,13.99,83.3,0.59,0.71,149.2
2011/11/05 15:20:00,0.007,0.009,0.013,0.008,0.009,0.008,0.009,0.007,0.002,0.067,0.205,0.089,0.187,0.084,0.063,0,14.46,82.9,14.13,82.9,0.42,0.77,158.8
2011/11/05 15:30:00,0.004,0.003,0.004,0.004,0.004,0.005,0.005,0.004,0.001,0.027,0.033,0.029,0.032,0.024,0.029,0,13.86,84.9,13.58,84.9,0.34,0.67,157.1
2011/11/05 15:40:00,0.003,0.003,0.003,0.003,0.003,0.004,0.004,0.003,0.001,0.022,0.024,0.022,0.026,0.023,0.03,0,13.26,87.1,12.95,87.3,0.162,0.28,169.1
2011/11/05 15:50:00,0.002,0.002,0.003,0.003,0.002,0.003,0.003,0.002,0.001,0.017,0.018,0.016,0.016,0.014,0.016,0,12.91,88.6,12.56,89,0.26,0.4,153.1
2011/11/05 16:00:00,0.002,0.002,0.002,0.002,0.002,0.002,0.002,0.002,0.001,0.013,0.013,0.012,0.012,0.011,0.012,0,12.55,89.6,12.18,90.1,0.264,0.57,143.8
2011/11/05 16:10:00,0.001,0.001,0.002,0.002,0.001,0.002,0.002,0.001,0,0.009,0.009,0.009,0.009,0.008,0.008,0,12.1,91.1,11.65,91.9,0.22,0.35,328.8
2011/11/05 16:20:00,0.001,0.001,0.001,0.001,0.001,0.001,0.001,0.001,0,0.006,0.006,0.005,0.005,0.005,0.005,0,11.56,93.4,11.08,93.6,0.098,0.23,171.3
2011/11/05 16:30:00,0,0,0,0,0,0,0,0,0,0.002,0.002,0.002,0.002,0.002,0.002,0,11.01,94.9,10.45,94.8,0.114,0.29,330.3
2011/11/05 16:40:00,0,0,0,0,0,0,0,0,0,0.001,0.001,0.001,0.001,0.001,0,0,10.5,97.2,9.88,97,0.17,0.24,151.4
2011/11/05 16:50:00,0,0,0,0,0,0,0,0,0,0,0,0,0,0,0,0,10.35,98.5,9.47,98.3,0.208,0.28,9.85
2011/11/05 17:00:00,0,0,0,0,0,0,0,0,0,0,0,0,0,0,0,0,9.99,98.3,9.02,98.7,0.12,0.32,48.91
2011/11/05 17:10:00,0,0,0,0,0,0,0,0,0,0,0,0,0,0,0,0,9.52,98.7,8.58,98.6,0.1,0.14,183.8
2011/11/05 17:20:00,0,0,0,0,0,0,0,0,0,0,0,0,0,0,0,0,9.59,99.7,8.71,99.9,0.182,0.24,194.4
2011/11/05 17:30:00,0,0,0,0,0,0,0,0,0,0,0,0,0,0,0,0,11.49,97.7,10.3,100,0.54,0.85,178.9
2011/11/05 17:40:00,0,0,0,0,0,0,0,0,0,0,0,0,0,0,0,0,13.29,88.4,11.92,94.4,0.422,0.66,122.5
2011/11/05 17:50:00,0,0,0,0,0,0,0,0,0,0,0,0,0,0,0,0,13.94,84.7,12.83,89.3,0.492,0.98,167.4
2011/11/05 18:00:00,0,0,0,0,0,0,0,0,0,0,0,0,0,0,0,0,14.45,81.6,13.57,85.1,0.328,0.59,64.83
2011/11/05 18:10:00,0,0,0,0,0,0,0,0,0,0,0,0,0,0,0,0.001,14.54,80.6,13.78,83.6,0.49,1.26,244.8
2011/11/05 18:20:00,0,0,0,0,0,0,0,0,0,0,0,0,0,0,0,0.007,14.47,80.1,13.78,82.7,0.478,0.95,16.76
2011/11/05 18:30:00,0,0,0,0,0,0,0,0,0,0,0,0,0,0,0,0.012,14.36,79.51,13.66,82.2,0.286,0.47,256.1
2011/11/05 18:40:00,0,0,0,0,0,0,0,0,0,0,0,0,0,0,0,0.016,14.23,79.1,13.57,81.7,0.634,1,238.3
2011/11/05 18:50:00,0,0,0,0,0,0,0,0,0,0,0,0,0,0,0,0.017,14.21,77.98,13.6,80.4,0.426,0.62,307.6
2011/11/05 19:00:00,0,0,0,0,0,0,0,0,0,0,0,0,0,0,0,0.016,14.17,77.26,13.57,79.63,0.484,0.96,31.01
2011/11/05 19:10:00,0,0,0,0,0,0,0,0,0,0,0,0,0,0,0,0.014,14.17,76.7,13.57,78.96,0.846,1.01,87.4
2011/11/05 19:20:00,0,0,0,0,0,0,0,0,0,0,0,0,0,0,0,0.013,14.05,76.81,13.45,79.11,0.532,1.14,145
2011/11/05 19:30:00,0,0,0,0,0,0,0,0,0,0,0,0,0,0,0,0.012,13.97,76.56,13.38,78.82,0.534,0.7,86.6
2011/11/05 19:40:00,0,0,0,0,0,0,0,0,0,0,0,0,0,0,0,0.009,13.86,76.65,13.3,78.75,0.69,0.94,258.6
2011/11/05 19:50:00,0,0,0,0,0,0,0,0,0,0,0,0,0,0,0,0.006,13.78,76.75,13.19,78.95,0.548,1.46,309.7
2011/11/05 20:00:00,0,0,0,0,0,0,0,0,0,0,0,0,0,0,0,0.003,13.81,76.26,13.22,78.37,0.338,0.49,316.1
2011/11/05 20:10:00,0,0,0,0,0,0,0,0,0,0,0,0,0,0,0,0.002,13.75,75.98,13.17,78.21,1.316,1.76,87.7
2011/11/05 20:20:00,0,0,0,0,0,0,0,0,0,0,0,0,0,0,0,0,13.7,76.08,13.14,78.11,0.556,0.96,284.8
2011/11/05 20:30:00,0,0,0,0,0,0,0,0,0,0,0,0,0,0,0,0,13.16,77.78,12.63,79.56,0.652,0.85,349.4
2011/11/05 20:40:00,0,0,0,0,0,0,0,0,0,0,0,0,0,0,0,0,12.75,78.35,12.23,80.2,0.464,1.32,141.5
2011/11/05 20:50:00,0,0,0,0,0,0,0,0,0,0,0,0,0,0,0,0,12.56,78.99,12.01,80.9,0.632,1.13,235.3
2011/11/05 21:00:00,0,0,0,0,0,0,0,0,0,0,0,0,0,0,0,0,12.46,79.56,11.85,81.7,0.622,1.04,328.7
2011/11/05 21:10:00,0,0,0,0,0,0,0,0,0,0,0,0,0,0,0,0,12.55,79.29,11.97,81.4,0.446,0.76,61.78
2011/11/05 21:20:00,0,0,0,0,0,0,0,0,0,0,0,0,0,0,0,0,12.74,78.37,12.17,80.4,0.684,1.01,4.694
2011/11/05 21:30:00,0,0,0,0,0,0,0,0,0,0,0,0,0,0,0,0,12.9,77.51,12.36,79.38,0.474,0.65,94
2011/11/05 21:40:00,0,0,0,0,0,0,0,0,0,0,0,0,0,0,0,0,12.87,77.39,12.32,79.26,0.568,1.06,234.3
2011/11/05 21:50:00,0,0,0,0,0,0,0,0,0,0,0,0,0,0,0,0,12.7,77.41,12.2,79.17,0.68,1.87,215.3
2011/11/05 22:00:00,0,0,0,0,0,0,0,0,0,0,0,0,0,0,0,0,12.45,77.81,11.97,79.68,0.668,1.31,5.176
2011/11/05 22:10:00,0,0,0,0,0,0,0,0,0,0,0,0,0,0,0,0,12.34,77.79,11.82,79.68,0.8,1.33,359.2
2011/11/05 22:20:00,0,0,0,0,0,0,0,0,0,0,0,0,0,0,0,0,12.27,77.66,11.74,79.61,0.544,0.89,161.8
2011/11/05 22:30:00,0,0,0,0,0,0,0,0,0,0,0,0,0,0,0,0,12.22,77.52,11.63,79.71,1.04,1.82,323.7
2011/11/05 22:40:00,0,0,0,0,0,0,0,0,0,0,0,0,0,0,0,0,12.28,76.57,11.75,78.66,0.598,1.27,98.3
2011/11/05 22:50:00,0,0,0,0,0,0,0,0,0,0,0,0,0,0,0,0,12.08,76.92,11.59,78.96,0.486,1.07,202.5
2011/11/05 23:00:00,0,0,0,0,0,0,0,0,0,0,0,0,0,0,0,0,12.06,76.46,11.57,78.41,0.524,0.66,240.1
2011/11/05 23:10:00,0,0,0,0,0,0,0,0,0,0,0,0,0,0,0,0,12.09,75.95,11.61,77.89,0.692,1.02,286.7
2011/11/05 23:20:00,0,0,0,0,0,0,0,0,0,0,0,0,0,0,0,0,12.03,75.77,11.6,77.55,0.37,0.53,174.4
2011/11/05 23:30:00,0,0,0,0,0,0,0,0,0,0,0,0,0,0,0,0,11.95,75.63,11.51,77.49,0.958,1.4,52.9
2011/11/05 23:40:00,0,0,0,0,0,0,0,0,0,0,0,0,0,0,0,0,11.82,76.02,11.34,77.79,0.474,0.76,318.2
2011/11/05 23:50:00,0,0,0,0,0,0,0,0,0,0,0,0,0,0,0,0,11.6,76.71,11.13,78.52,0.772,1.51,292.2
2011/11/06,0,0,0,0,0,0,0,0,0,0,0,0,0,0,0,0,11.54,76.42,11.06,78.28,0.678,1.34,91.3
2011/11/06 00:10:00,0,0,0,0,0,0,0,0,0,0,0,0,0,0,0,0,11.39,76.46,10.91,78.39,0.618,1.13,294.2
2011/11/06 00:20:00,0,0,0,0,0,0,0,0,0,0,0,0,0,0,0,0,11.21,76.78,10.68,78.69,0.474,0.78,26.65
2011/11/06 00:30:00,0,0,0,0,0,0,0,0,0,0,0,0,0,0,0,0,10.87,77.51,10.27,79.65,0.468,0.84,354.4
2011/11/06 00:40:00,0,0,0,0,0,0,0,0,0,0,0,0,0,0,0,0,10.74,77.45,10.18,79.5,0.42,0.9,266.1
2011/11/06 00:50:00,0,0,0,0,0,0,0,0,0,0,0,0,0,0,0,0,10.54,77.85,10,79.75,0.654,0.86,311.3
2011/11/06 01:00:00,0,0,0,0,0,0,0,0,0,0,0,0,0,0,0,0,10.46,77.81,9.88,79.95,0.432,0.8,313.9
2011/11/06 01:10:00,0,0,0,0,0,0,0,0,0,0,0,0,0,0,0,0,10.38,77.97,9.85,79.99,0.372,0.59,357.7
2011/11/06 01:20:00,0,0,0,0,0,0,0,0,0,0,0,0,0,0,0,0,10.44,77.3,9.86,79.67,0.756,1.1,32.82
2011/11/06 01:30:00,0,0,0,0,0,0,0,0,0,0,0,0,0,0,0,0,10.49,76.94,9.88,79.32,0.344,0.87,310.5
2011/11/06 01:40:00,0,0,0,0,0,0,0,0,0,0,0,0,0,0,0,0,10.5,76.55,9.91,78.86,0.86,1.1,143.9
2011/11/06 01:50:00,0,0,0,0,0,0,0,0,0,0,0,0,0,0,0,0,10.38,76.89,9.8,79.17,0.646,0.9,340.8
2011/11/06 02:00:00,0,0,0,0,0,0,0,0,0,0,0,0,0,0,0,0,10.22,77.46,9.61,79.76,0.432,0.86,82.6
2011/11/06 02:10:00,0,0,0,0,0,0,0,0,0,0,0,0,0,0,0,0,10.15,77.46,9.58,79.63,0.402,0.57,31.99
2011/11/06 02:20:00,0,0,0,0,0,0,0,0,0,0,0,0,0,0,0,0,9.97,77.95,9.36,80.4,0.426,0.77,288.5
2011/11/06 02:30:00,0,0,0,0,0,0,0,0,0,0,0,0,0,0,0,0,9.95,77.92,9.43,79.92,0.208,0.43,190.3
2011/11/06 02:40:00,0,0,0,0,0,0,0,0,0,0,0,0,0,0,0,0.001,9.59,79.53,9.11,81.4,0.37,0.74,221.5
2011/11/06 02:50:00,0,0,0,0,0,0,0,0,0,0,0,0,0,0,0,0.001,9.21,81.1,8.73,82.7,0.492,0.78,329.6
2011/11/06 03:00:00,0,0,0,0,0,0,0,0,0,0,0,0,0,0,0,0.002,8.84,82.6,8.3,84.5,0.356,0.58,300.5
2011/11/06 03:10:00,0,0,0,0,0,0,0,0,0,0,0,0,0,0,0,0.002,8.71,83,8.14,84.9,0.562,0.93,335.5
2011/11/06 03:20:00,0,0,0,0,0,0,0,0,0,0,0,0,0,0,0,0.002,8.4,84.1,7.747,86.3,0.406,0.77,263.4
2011/11/06 03:30:00,0,0,0,0,0,0,0,0,0,0,0,0,0,0,0,0.003,8.06,85.3,7.398,87.6,0.34,0.52,122.3
2011/11/06 03:40:00,0,0,0,0,0,0,0,0,0,0,0,0,0,0,0,0.004,8.07,84.6,7.355,87.3,0.464,0.65,193.6
2011/11/06 03:50:00,0,0,0,0,0,0,0,0,0,0,0,0,0,0,0,0.004,8.29,83,7.601,85.7,0.346,0.74,165.4
2011/11/06 04:00:00,0,0,0,0,0,0,0,0,0,0,0,0,0,0,0,0.006,8.36,82,7.75,84.4,0.542,0.94,332.7
2011/11/06 04:10:00,0,0,0,0,0,0,0,0,0,0,0,0,0,0,0,0.008,8.21,82.4,7.682,84.3,0.468,0.78,10.58
2011/11/06 04:20:00,0,0,0,0,0,0,0,0,0,0,0,0,0,0,0,0.009,7.991,83.2,7.48,84.9,0.658,0.79,347.2
2011/11/06 04:30:00,0,0,0,0,0,0,0,0,0,0,0,0,0,0,0,0.011,7.821,83.8,7.297,85.5,0.516,0.58,323
2011/11/06 04:40:00,0,0,0,0,0,0,0,0,0,0,0,0,0,0,0,0.012,7.789,83.9,7.194,86,0.472,0.93,252.9
2011/11/06 04:50:00,0,0,0,0,0,0,0,0,0,0,0,0,0,0,0,0.013,7.834,83.6,7.284,85.6,0.834,1.09,37.37
2011/11/06 05:00:00,0,0,0,0,0,0,0,0,0,0,0,0,0,0,0,0.015,7.86,83.3,7.311,85.4,0.244,0.4,296.4
2011/11/06 05:10:00,0,0,0,0,0,0,0,0,0,0,0,0,0,0,0,0.017,7.842,83.4,7.278,85.4,0.68,1.32,229.6
2011/11/06 05:20:00,0,0,0,0,0,0,0,0,0,0,0,0,0,0,0,0.019,7.838,83.3,7.292,85.2,0.638,0.98,292.2
2011/11/06 05:30:00,0,0,0,0,0,0,0,0,0,0,0,0,0,0,0,0.021,7.767,83.4,7.282,85.1,0.522,0.81,337.5
2011/11/06 05:40:00,0,0,0,0,0,0,0,0,0,0,0,0,0,0,0,0.022,7.664,83.8,7.15,85.6,0.424,0.9,309.3
2011/11/06 05:50:00,0,0,0,0,0,0,0,0,0,0,0,0,0,0,0,0.023,7.706,83.5,7.216,85.2,0.33,0.68,154.3
2011/11/06 06:00:00,0,0,0,0,0,0,0,0,0,0,0,0,0,0,0,0.023,7.67,83.4,7.181,85.2,0.686,0.92,0.316
2011/11/06 06:10:00,0,0,0,0,0,0,0,0,0,0,0,0,0,0,0,0.023,7.672,83.1,7.18,84.8,0.564,1.13,316.7
2011/11/06 06:20:00,0,0,0,0,0,0,0,0,0,0,0,0,0,0,0,0.023,7.684,82.8,7.162,84.7,0.64,1.1,310.8
2011/11/06 06:30:00,0,0,0,0,0,0,0,0,0,0.001,0,0,0,0,0,0.023,7.672,82.7,7.144,84.5,0.702,1.02,287.6
2011/11/06 06:40:00,0.001,0,0,0.001,0,0.001,0.001,0.001,0,0.003,0.001,0,0,0.001,0.001,0.023,7.553,83,7.048,84.8,0.508,0.92,254.6
2011/11/06 06:50:00,0.001,0.001,0.001,0.001,0.001,0.001,0.001,0.001,0,0.006,0.002,0.001,0.001,0.002,0.001,0.022,7.47,83.4,6.978,85.1,0.396,0.74,298.7
2011/11/06 07:00:00,0.002,0.002,0.002,0.002,0.002,0.002,0.002,0.002,0.001,0.013,0.005,0.002,0.002,0.004,0.002,0.023,7.402,83.8,6.877,85.5,0.386,0.75,303.8
2011/11/06 07:10:00,0.003,0.003,0.002,0.004,0.003,0.004,0.004,0.003,0.001,0.023,0.008,0.003,0.002,0.007,0.004,0.023,7.402,83.9,6.931,85.4,0.354,0.53,3.135
2011/11/06 07:20:00,0.004,0.003,0.003,0.005,0.004,0.005,0.005,0.004,0.002,0.03,0.01,0.003,0.003,0.008,0.005,0.023,7.452,83.9,6.974,85.5,0.538,0.79,338.8
2011/11/06 07:30:00,0.005,0.004,0.004,0.006,0.004,0.006,0.006,0.005,0.002,0.034,0.012,0.004,0.004,0.01,0.006,0.022,7.577,83.1,7.135,84.6,0.36,0.46,140.5
2011/11/06 07:40:00,0.007,0.006,0.005,0.008,0.006,0.008,0.008,0.006,0.002,0.046,0.015,0.006,0.005,0.013,0.008,0.023,7.658,83.1,7.216,84.6,0.304,0.55,298.3
2011/11/06 07:50:00,0.008,0.006,0.006,0.008,0.007,0.009,0.009,0.007,0.003,0.051,0.017,0.006,0.006,0.014,0.009,0.023,7.773,82.2,7.339,83.7,0.76,1.45,124.6
2011/11/06 08:00:00,0.009,0.007,0.007,0.009,0.007,0.01,0.01,0.008,0.003,0.057,0.019,0.007,0.006,0.016,0.01,0.023,7.819,81.8,7.386,83.2,0.696,1.03,168.8
2011/11/06 08:10:00,0.01,0.008,0.008,0.011,0.009,0.011,0.011,0.009,0.003,0.064,0.021,0.008,0.007,0.018,0.011,0.023,7.902,81.4,7.462,83,0.442,0.89,102.9
2011/11/06 08:20:00,0.012,0.009,0.009,0.012,0.01,0.013,0.013,0.011,0.004,0.073,0.024,0.009,0.008,0.022,0.013,0.024,8.09,81,7.589,82.7,0.508,1.07,299.7
2011/11/06 08:30:00,0.013,0.011,0.01,0.015,0.01,0.014,0.014,0.013,0.004,0.08,0.026,0.01,0.009,0.023,0.014,0.024,8.27,80.3,7.799,82.1,0.48,0.95,111.8
2011/11/06 08:40:00,0.013,0.012,0.01,0.017,0.011,0.015,0.015,0.014,0.004,0.083,0.027,0.01,0.009,0.024,0.015,0.025,8.49,79.27,8.02,80.9,0.764,1.09,103.4
2011/11/06 08:50:00,0.016,0.013,0.011,0.019,0.012,0.016,0.016,0.014,0.005,0.087,0.03,0.011,0.01,0.027,0.016,0.025,8.73,78.42,8.25,79.99,0.432,1.04,281.2
2011/11/06 09:00:00,0.018,0.016,0.012,0.021,0.014,0.018,0.018,0.015,0.006,0.103,0.034,0.013,0.012,0.03,0.017,0.025,8.96,77.92,8.47,79.27,0.206,0.42,82
2011/11/06 09:10:00,0.034,0.033,0.019,0.037,0.018,0.021,0.022,0.016,0.006,0.123,0.037,0.017,0.016,0.033,0.023,0.026,9.21,77.39,8.65,78.87,0.41,0.78,89.9
2011/11/06 09:20:00,0.065,0.062,0.051,0.067,0.082,0.075,0.063,0.059,0.052,0.191,0.041,0.081,0.078,0.039,0.059,0.042,9.48,76.62,8.92,78.2,0.472,1.14,64.95
2011/11/06 09:30:00,0.07,0.07,0.062,0.088,0.097,0.098,0.104,0.082,0.082,0.223,0.044,0.096,0.137,0.043,0.07,0.056,10.1,74.51,9.39,76.97,0.696,1.05,328.1
2011/11/06 09:40:00,0.075,0.076,0.075,0.098,0.104,0.101,0.109,0.095,0.087,0.227,0.06,0.101,0.1,0.044,0.084,0.097,10.74,71.54,9.87,75.05,0.448,0.79,69.2
2011/11/06 09:50:00,0.08,0.088,0.09,0.109,0.112,0.108,0.117,0.112,0.092,0.242,0.087,0.107,0.107,0.048,0.101,0.109,11.02,70.66,10.14,74.21,0.38,0.77,223
2011/11/06 10:00:00,0.086,0.097,0.126,0.132,0.135,0.13,0.142,0.144,0.122,0.294,0.098,0.13,0.129,0.057,0.143,0.131,11.45,69.21,10.54,72.89,0.524,0.92,120.7
2011/11/06 10:10:00,0.106,0.078,0.113,0.112,0.122,0.097,0.121,0.114,0.121,0.257,0.095,0.118,0.113,0.054,0.13,0.119,11.85,67.71,10.84,71.35,0.654,0.88,96.8
2011/11/06 10:20:00,0.13,0.096,0.121,0.13,0.13,0.12,0.129,0.139,0.131,0.275,0.099,0.127,0.12,0.057,0.139,0.13,11.96,67.77,11.21,70.54,0.544,0.86,351.9
2011/11/06 10:30:00,0.16,0.142,0.148,0.16,0.16,0.147,0.158,0.171,0.16,0.337,0.112,0.155,0.148,0.066,0.17,0.16,12.52,66.92,11.93,68.91,0.38,0.61,350.3
2011/11/06 10:40:00,0.181,0.162,0.167,0.181,0.182,0.167,0.179,0.195,0.181,0.381,0.124,0.176,0.169,0.073,0.192,0.182,13.14,64.09,12.8,65.8,0.466,1.06,318.1
2011/11/06 10:50:00,0.183,0.163,0.167,0.182,0.183,0.167,0.18,0.196,0.182,0.364,0.13,0.176,0.17,0.074,0.191,0.183,13.68,62.12,13.4,63.36,1.044,1.35,342.6
2011/11/06 11:00:00,0.178,0.159,0.165,0.146,0.178,0.163,0.175,0.188,0.177,0.354,0.129,0.172,0.165,0.073,0.189,0.151,14.04,61.16,13.86,61.69,0.62,0.8,153.1
2011/11/06 11:10:00,0.161,0.144,0.15,0.161,0.162,0.149,0.16,0.166,0.161,0.333,0.121,0.156,0.15,0.069,0.172,0.169,14.19,59.44,14.07,60.03,0.326,0.96,338.9
2011/11/06 11:20:00,0.159,0.142,0.148,0.159,0.16,0.147,0.158,0.165,0.16,0.329,0.122,0.155,0.149,0.07,0.171,0.168,14.26,60.01,14.16,60.3,0.318,0.5,245.9
2011/11/06 11:30:00,0.147,0.131,0.137,0.147,0.148,0.136,0.146,0.159,0.148,0.301,0.143,0.143,0.138,0.065,0.158,0.155,14.48,58.63,14.52,58.77,0.596,0.78,109.3
2011/11/06 11:40:00,0.098,0.087,0.091,0.097,0.098,0.091,0.097,0.105,0.099,0.198,0.11,0.096,0.092,0.046,0.105,0.102,13.72,60.26,13.73,59.99,0.604,0.93,268.7
2011/11/06 11:50:00,0.051,0.046,0.048,0.051,0.052,0.049,0.051,0.055,0.052,0.098,0.072,0.051,0.049,0.028,0.056,0.053,12.79,63.62,12.67,63.85,0.464,0.76,306.4
2011/11/06 12:00:00,0.069,0.063,0.066,0.07,0.071,0.066,0.07,0.076,0.071,0.126,0.096,0.069,0.066,0.034,0.076,0.074,12.32,65.68,12.1,66.05,0.56,0.91,96.7
2011/11/06 12:10:00,0.098,0.088,0.093,0.099,0.1,0.092,0.099,0.107,0.1,0.199,0.135,0.096,0.093,0.045,0.107,0.104,12.99,64.36,12.79,64.97,0.508,1.14,265.2
2011/11/06 12:20:00,0.114,0.102,0.108,0.115,0.116,0.107,0.114,0.124,0.115,0.229,0.165,0.111,0.108,0.051,0.125,0.121,13.51,62.95,13.32,63.78,0.39,0.87,21.17
2011/11/06 12:30:00,0.114,0.101,0.108,0.114,0.115,0.107,0.114,0.123,0.116,0.228,0.169,0.111,0.108,0.05,0.125,0.12,14.1,60.68,13.86,61.63,0.56,0.96,281
2011/11/06 12:40:00,0.097,0.086,0.092,0.097,0.098,0.092,0.098,0.105,0.099,0.196,0.148,0.095,0.092,0.045,0.107,0.102,14.27,59.67,14.02,60.4,0.39,0.6,78.85
2011/11/06 12:50:00,0.121,0.108,0.116,0.122,0.124,0.115,0.123,0.132,0.124,0.237,0.206,0.12,0.116,0.056,0.134,0.129,14.39,60.2,14.14,61.07,0.568,0.75,151.4
2011/11/06 13:00:00,0.131,0.118,0.127,0.134,0.135,0.126,0.135,0.145,0.135,0.235,0.25,0.131,0.127,0.063,0.148,0.141,14.97,57.99,14.74,59.22,0.764,1.33,120.5
2011/11/06 13:10:00,0.101,0.091,0.098,0.103,0.104,0.097,0.103,0.111,0.104,0.205,0.201,0.1,0.097,0.053,0.114,0.108,15.24,56.95,14.98,58.33,0.428,0.7,130.8
2011/11/06 13:20:00,0.098,0.088,0.094,0.099,0.1,0.094,0.1,0.107,0.101,0.197,0.201,0.097,0.094,0.053,0.11,0.104,15.23,56.81,14.94,58.06,0.308,0.54,194.3
2011/11/06 13:30:00,0.087,0.078,0.083,0.088,0.089,0.083,0.089,0.095,0.089,0.176,0.183,0.086,0.083,0.05,0.098,0.092,14.92,58.26,14.55,59.46,0.62,0.86,316.5
2011/11/06 13:40:00,0.125,0.133,0.142,0.15,0.151,0.14,0.15,0.162,0.15,0.292,0.397,0.145,0.141,0.073,0.166,0.159,15.8,56.18,15.49,57.75,0.41,0.78,328.7
2011/11/06 13:50:00,0.091,0.097,0.104,0.11,0.111,0.104,0.111,0.118,0.111,0.217,0.27,0.107,0.104,0.058,0.122,0.116,16.54,52.88,16.39,53.63,0.77,1.08,7.827
2011/11/06 14:00:00,0.064,0.058,0.061,0.064,0.065,0.061,0.066,0.069,0.066,0.132,0.116,0.064,0.061,0.04,0.072,0.067,15.28,57.04,15.04,57.82,0.496,0.78,196.1
2011/11/06 14:10:00,0.064,0.058,0.061,0.064,0.066,0.06,0.065,0.07,0.066,0.132,0.125,0.064,0.062,0.039,0.072,0.067,14.85,58.52,14.48,59.85,0.368,0.59,284.8
2011/11/06 14:20:00,0.084,0.075,0.08,0.083,0.085,0.078,0.084,0.09,0.084,0.165,0.235,0.082,0.079,0.047,0.094,0.088,14.79,58.41,14.42,59.67,0.71,0.96,96.8
2011/11/06 14:30:00,0.082,0.073,0.078,0.081,0.083,0.076,0.081,0.087,0.082,0.161,0.251,0.08,0.077,0.047,0.092,0.086,15.42,57.4,15.01,58.64,0.39,0.85,199.1
2011/11/06 14:40:00,0.063,0.057,0.061,0.064,0.065,0.056,0.064,0.068,0.061,0.127,0.201,0.063,0.061,0.039,0.072,0.067,15.28,57.41,14.92,58.41,0.49,0.88,344.5
2011/11/06 14:50:00,0.059,0.066,0.072,0.075,0.075,0.056,0.065,0.07,0.055,0.145,0.343,0.072,0.071,0.048,0.086,0.08,15.21,57.63,14.75,59.57,0.546,1.26,185.5
2011/11/06 15:00:00,0.05,0.069,0.075,0.077,0.06,0.065,0.061,0.064,0.056,0.15,0.419,0.058,0.057,0.055,0.09,0.082,15.86,55.83,15.4,57.48,0.46,0.98,310.9
2011/11/06 15:10:00,0.041,0.05,0.055,0.043,0.044,0.044,0.054,0.045,0.049,0.111,0.305,0.051,0.041,0.045,0.066,0.045,15.5,55.76,15.04,57.18,0.436,0.7,121.3
2011/11/06 15:20:00,0.03,0.03,0.034,0.031,0.031,0.029,0.032,0.032,0.031,0.071,0.156,0.027,0.014,0.03,0.04,0.021,15.08,56.93,14.65,58.46,0.398,0.83,352.1
2011/11/06 15:30:00,0.014,0.012,0.014,0.014,0.014,0.019,0.016,0.017,0.015,0.045,0.048,0.012,0.006,0.018,0.024,0.005,14.09,60.38,13.73,61.39,0.514,0.74,213.6
2011/11/06 15:40:00,0.006,0.005,0.006,0.006,0.006,0.007,0.007,0.006,0.002,0.037,0.039,0.01,0.005,0.014,0.024,0.003,13.36,62.45,12.98,64.48,0.358,0.81,325.7
2011/11/06 15:50:00,0.004,0.003,0.005,0.004,0.004,0.005,0.005,0.004,0.002,0.027,0.03,0.007,0.003,0.012,0.022,0.002,12.96,64.16,12.54,66.06,0.548,0.85,300.4
2011/11/06 16:00:00,0.003,0.002,0.003,0.003,0.002,0.003,0.003,0.002,0.001,0.017,0.017,0.003,0.002,0.003,0.007,0.002,12.51,65.37,12.09,67.32,0.5,0.63,321.7
2011/11/06 16:10:00,0.002,0.001,0.002,0.002,0.002,0.002,0.002,0.002,0.001,0.011,0.011,0.002,0.001,0.002,0.005,0.001,12.16,66.62,11.67,68.73,0.522,0.86,32.08
2011/11/06 16:20:00,0.001,0.001,0.001,0.001,0.001,0.001,0.001,0.001,0,0.007,0.008,0.002,0.001,0.002,0.004,0.001,11.95,67.33,11.36,69.8,0.422,0.67,338.8
2011/11/06 16:30:00,0,0,0,0,0,0,0,0,0,0.002,0.003,0.001,0,0.001,0.001,0,11.7,68.05,11.14,70.27,0.352,0.65,317.8
2011/11/06 16:40:00,0,0,0,0,0,0,0,0,0,0.001,0.001,0,0,0,0,0,11.41,69.31,10.81,71.6,0.218,0.55,124.1
2011/11/06 16:50:00,0,0,0,0,0,0,0,0,0,0,0,0,0,0,0,0,11.22,70.04,10.5,72.98,0.406,0.65,340.6
2011/11/06 17:00:00,0,0,0,0,0,0,0,0,0,0,0,0,0,0,0,0,11.15,70.17,10.49,72.87,0.528,1.19,12.71
2011/11/06 17:10:00,0,0,0,0,0,0,0,0,0,0,0,0,0,0,0,0,10.85,71.83,10.17,74.45,0.356,0.53,311.1
2011/11/06 17:20:00,0,0,0,0,0,0,0,0,0,0,0,0,0,0,0,0,10.77,72.19,10.01,75.15,0.436,0.68,309.2
2011/11/06 17:30:00,0,0,0,0,0,0,0,0,0,0,0,0,0,0,0,0,10.46,73.63,9.71,76.55,0.484,0.85,343.1
2011/11/06 17:40:00,0,0,0,0,0,0,0,0,0,0,0,0,0,0,0,0,10.2,75.05,9.4,78.09,0.198,0.42,35.05
2011/11/06 17:50:00,0,0,0,0,0,0,0,0,0,0,0,0,0,0,0,0,9.84,76.87,9.05,79.71,0.324,0.71,248.8
2011/11/06 18:00:00,0,0,0,0,0,0,0,0,0,0,0,0,0,0,0,0,9.58,78.13,8.72,81.4,0.148,0.28,213.7
2011/11/06 18:10:00,0,0,0,0,0,0,0,0,0,0,0,0,0,0,0,0,9.38,79.41,8.38,83,0.33,0.51,2.509
2011/11/06 18:20:00,0,0,0,0,0,0,0,0,0,0,0,0,0,0,0,0,9.27,79.81,8.15,84,0.374,0.62,188.4
2011/11/06 18:30:00,0,0,0,0,0,0,0,0,0,0,0,0,0,0,0,0,8.93,81.3,7.789,85.3,0.092,0.25,305.6
2011/11/06 18:40:00,0,0,0,0,0,0,0,0,0,0,0,0,0,0,0,0,8.51,83.3,7.395,87.5,0.278,0.51,177.8
2011/11/06 18:50:00,0,0,0,0,0,0,0,0,0,0,0,0,0,0,0,0,8.35,84.1,7.385,87.7,0.186,0.41,168.2
2011/11/06 19:00:00,0,0,0,0,0,0,0,0,0,0,0,0,0,0,0,0,8.18,85,7.137,88.5,0.14,0.22,315.3
2011/11/06 19:10:00,0,0,0,0,0,0,0,0,0,0,0,0,0,0,0,0,8.16,85.1,6.986,89.4,0.168,0.35,237.4
2011/11/06 19:20:00,0,0,0,0,0,0,0,0,0,0,0,0,0,0,0,0,8.15,85.2,6.915,89.6,0.192,0.29,127.7
2011/11/06 19:30:00,0,0,0,0,0,0,0,0,0,0,0,0,0,0,0,0,8.17,84.8,6.832,90,0.222,0.45,239.7
2011/11/06 19:40:00,0,0,0,0,0,0,0,0,0,0,0,0,0,0,0,0,8.52,83.1,7.252,88.2,0.228,0.41,311.2
2011/11/06 19:50:00,0,0,0,0,0,0,0,0,0,0,0,0,0,0,0,0,8.79,81.5,7.593,86.6,0.238,0.54,59.66
2011/11/06 20:00:00,0,0,0,0,0,0,0,0,0,0,0,0,0,0,0,0,8.82,81.4,7.668,85.9,0.236,0.36,239.7
2011/11/06 20:10:00,0,0,0,0,0,0,0,0,0,0,0,0,0,0,0,0,8.7,82.1,7.492,86.9,0.22,0.39,323.1
2011/11/06 20:20:00,0,0,0,0,0,0,0,0,0,0,0,0,0,0,0,0,8.63,82.2,7.458,87.2,0.186,0.35,310.6
2011/11/06 20:30:00,0,0,0,0,0,0,0,0,0,0,0,0,0,0,0,0,8.82,81.8,7.85,86.2,0.276,0.53,325.8
2011/11/06 20:40:00,0,0,0,0,0,0,0,0,0,0,0,0,0,0,0,0,9.15,80.3,8.31,84.1,0.34,0.51,319.3
2011/11/06 20:50:00,0,0,0,0,0,0,0,0,0,0,0,0,0,0,0,0,9.54,79.05,8.76,82.7,0.33,0.57,324.9
2011/11/06 21:00:00,0,0,0,0,0,0,0,0,0,0,0,0,0,0,0,0,9.66,78.19,8.94,81.4,0.194,0.47,276.5
2011/11/06 21:10:00,0,0,0,0,0,0,0,0,0,0,0,0,0,0,0,0,9.57,78.89,8.87,82,0.22,0.33,284.6
2011/11/06 21:20:00,0,0,0,0,0,0,0,0,0,0,0,0,0,0,0,0,9.55,78.32,8.78,82.2,0.148,0.24,208.4
2011/11/06 21:30:00,0,0,0,0,0,0,0,0,0,0,0,0,0,0,0,0,9.3,79.71,8.52,83,0.132,0.22,286.1
2011/11/06 21:40:00,0,0,0,0,0,0,0,0,0,0,0,0,0,0,0,0,8.83,81.8,8.04,84.7,0.18,0.36,31.77
2011/11/06 21:50:00,0,0,0,0,0,0,0,0,0,0,0,0,0,0,0,0,8.36,83.3,7.424,86.6,0.222,0.51,348.3
2011/11/06 22:00:00,0,0,0,0,0,0,0,0,0,0,0,0,0,0,0,0,7.92,85.1,6.913,88.7,0.11,0.23,297.4
2011/11/06 22:10:00,0,0,0,0,0,0,0,0,0,0,0,0,0,0,0,0,7.638,86.1,6.582,89.4,0.17,0.22,331.7
2011/11/06 22:20:00,0,0,0,0,0,0,0,0,0,0,0,0,0,0,0,0,7.343,87.1,6.301,91,0.42,1.01,124.6
2011/11/06 22:30:00,0,0,0,0,0,0,0,0,0,0,0,0,0,0,0,0,7.27,87,6.321,90.2,0.28,0.37,341.4
2011/11/06 22:40:00,0,0,0,0,0,0,0,0,0,0,0,0,0,0,0,0,7.145,87.8,6.235,90.8,0.292,0.51,328.9
2011/11/06 22:50:00,0,0,0,0,0,0,0,0,0,0,0,0,0,0,0,0,7.057,87.5,6.112,90.7,0.248,0.35,344.8
2011/11/06 23:00:00,0,0,0,0,0,0,0,0,0,0,0,0,0,0,0,0,6.54,89.7,5.617,92.2,0.114,0.28,157.9
2011/11/06 23:10:00,0,0,0,0,0,0,0,0,0,0,0,0,0,0,0,0,6.394,90.7,5.312,94,0.276,0.38,344.9
2011/11/06 23:20:00,0,0,0,0,0,0,0,0,0,0,0,0,0,0,0,0,6.512,89.9,5.425,93.7,0.266,0.37,334.5
2011/11/06 23:30:00,0,0,0,0,0,0,0,0,0,0,0,0,0,0,0,0,6.35,90.1,5.381,93.1,0.188,0.42,336.8
2011/11/06 23:40:00,0,0,0,0,0,0,0,0,0,0,0,0,0,0,0,0,5.708,92.3,4.797,94.6,0.164,0.33,179.3
2011/11/06 23:50:00,0,0,0,0,0,0,0,0,0,0,0,0,0,0,0,0,5.34,94,4.345,96.2,0.176,0.44,282.8
2011/11/07,0,0,0,0,0,0,0,0,0,0,0,0,0,0,0,0,5.563,92.9,4.391,96.9,0.296,0.54,310.1
2011/11/07 00:10:00,0,0,0,0,0,0,0,0,0,0,0,0,0,0,0,0,6.205,89.6,4.964,93.9,0.28,0.58,310.2
2011/11/07 00:20:00,0,0,0,0,0,0,0,0,0,0,0,0,0,0,0,0,6.144,89.5,4.944,93.7,0.292,0.48,333.6
2011/11/07 00:30:00,0,0,0,0,0,0,0,0,0,0,0,0,0,0,0,0,6.061,89.4,4.894,93.3,0.28,0.45,346.8
2011/11/07 00:40:00,0,0,0,0,0,0,0,0,0,0,0,0,0,0,0,0,6.031,89.5,4.908,93.2,0.314,0.43,312.2
2011/11/07 00:50:00,0,0,0,0,0,0,0,0,0,0,0,0,0,0,0,0,6.009,89.6,5.001,93.3,0.164,0.41,203.7
2011/11/07 01:00:00,0,0,0,0,0,0,0,0,0,0,0,0,0,0,0,0,6.087,88.9,5.159,92.1,0.384,0.72,249
2011/11/07 01:10:00,0,0,0,0,0,0,0,0,0,0,0,0,0,0,0,0,6.083,88.5,5.167,91.7,0.336,0.78,147.2
2011/11/07 01:20:00,0,0,0,0,0,0,0,0,0,0,0,0,0,0,0,0,5.998,88.9,5.086,92.2,0.42,0.79,303.5
2011/11/07 01:30:00,0,0,0,0,0,0,0,0,0,0,0,0,0,0,0,0,5.892,89.4,4.972,92.6,0.22,0.34,153.7
2011/11/07 01:40:00,0,0,0,0,0,0,0,0,0,0,0,0,0,0,0,0,5.942,89.4,5.039,92.3,0.202,0.3,171.7
2011/11/07 01:50:00,0,0,0,0,0,0,0,0,0,0,0,0,0,0,0,0,6.027,89.1,5.062,92.3,0.206,0.23,145.7
2011/11/07 02:00:00,0,0,0,0,0,0,0,0,0,0,0,0,0,0,0,0,6.227,88.4,5.373,91.5,0.368,0.71,319.8
2011/11/07 02:10:00,0,0,0,0,0,0,0,0,0,0,0,0,0,0,0,0,6.245,88.2,5.332,91.2,0.35,0.6,324.5
2011/11/07 02:20:00,0,0,0,0,0,0,0,0,0,0,0,0,0,0,0,0,6.413,87.3,5.536,90.6,0.382,0.84,315.4
2011/11/07 02:30:00,0,0,0,0,0,0,0,0,0,0,0,0,0,0,0,0,6.37,87.5,5.603,90,0.312,0.57,353.6
2011/11/07 02:40:00,0,0,0,0,0,0,0,0,0,0,0,0,0,0,0,0,6.274,88.2,5.476,90.9,0.248,0.38,203.5
2011/11/07 02:50:00,0,0,0,0,0,0,0,0,0,0,0,0,0,0,0,0,6.212,88.5,5.348,91.2,0.35,0.82,305.7
2011/11/07 03:00:00,0,0,0,0,0,0,0,0,0,0,0,0,0,0,0,0,6.041,89.2,5.18,92.1,0.138,0.37,206.6
2011/11/07 03:10:00,0,0,0,0,0,0,0,0,0,0,0,0,0,0,0,0,5.964,89.8,5.197,92.4,0.296,0.51,253.2
2011/11/07 03:20:00,0,0,0,0,0,0,0,0,0,0,0,0,0,0,0,0,6.106,89.6,5.391,92.1,0.298,0.39,330.8
2011/11/07 03:30:00,0,0,0,0,0,0,0,0,0,0,0,0,0,0,0,0,6.218,89.2,5.556,91.4,0.304,0.46,182.7
2011/11/07 03:40:00,0,0,0,0,0,0,0,0,0,0,0,0,0,0,0,0,6.178,89.6,5.567,91.6,0.43,0.77,107.7
2011/11/07 03:50:00,0,0,0,0,0,0,0,0,0,0,0,0,0,0,0,0,6.073,89.9,5.448,91.7,0.344,0.39,350
2011/11/07 04:00:00,0,0,0,0,0,0,0,0,0,0,0,0,0,0,0,0,6.064,90,5.333,92.1,0.32,0.68,282.6
2011/11/07 04:10:00,0,0,0,0,0,0,0,0,0,0,0,0,0,0,0,0,6.136,89.9,5.435,92.1,0.454,0.73,300.1
2011/11/07 04:20:00,0,0,0,0,0,0,0,0,0,0,0,0,0,0,0,0,6.187,89.7,5.53,91.8,0.184,0.35,260.2
2011/11/07 04:30:00,0,0,0,0,0,0,0,0,0,0,0,0,0,0,0,0,6.075,90.2,5.436,92,0.26,0.48,259
2011/11/07 04:40:00,0,0,0,0,0,0,0,0,0,0,0,0,0,0,0,0,5.924,90.7,5.242,92.3,0.202,0.47,261.3
2011/11/07 04:50:00,0,0,0,0,0,0,0,0,0,0,0,0,0,0,0,0,5.738,91.8,5.027,93.6,0.296,0.45,19.26
2011/11/07 05:00:00,0,0,0,0,0,0,0,0,0,0,0,0,0,0,0,0,5.738,91.7,5.025,93.4,0.222,0.49,272.5
2011/11/07 05:10:00,0,0,0,0,0,0,0,0,0,0,0,0,0,0,0,0,5.662,92.2,4.943,94.2,0.28,0.6,337.9
2011/11/07 05:20:00,0,0,0,0,0,0,0,0,0,0,0,0,0,0,0,0,5.75,91.6,5.019,93.3,0.348,0.44,353.6
2011/11/07 05:30:00,0,0,0,0,0,0,0,0,0,0,0,0,0,0,0,0,5.597,92.1,4.847,93.9,0.254,0.5,351.6
2011/11/07 05:40:00,0,0,0,0,0,0,0,0,0,0,0,0,0,0,0,0,5.257,92.7,4.52,94.4,0.168,0.32,216
2011/11/07 05:50:00,0,0,0,0,0,0,0,0,0,0,0,0,0,0,0,0,4.641,94.8,3.936,95.6,0.134,0.28,308.2
2011/11/07 06:00:00,0,0,0,0,0,0,0,0,0,0,0,0,0,0,0,0,4.694,95.6,3.832,97.4,0.266,0.55,358.9
2011/11/07 06:10:00,0,0,0,0,0,0,0,0,0,0,0,0,0,0,0,0,4.54,95.4,3.601,97,0.096,0.21,307.9
2011/11/07 06:20:00,0,0,0,0,0,0,0,0,0,0,0,0,0,0,0,0,4.236,96.5,3.332,98,0.102,0.19,161.1
2011/11/07 06:30:00,0,0,0,0,0,0,0,0,0,0.001,0,0,0,0,0,0,3.961,97.2,3.118,98.8,0.092,0.3,203
2011/11/07 06:40:00,0,0,0,0,0,0,0,0,0,0.002,0.002,0,0,0,0.001,0,3.72,98.2,2.792,99.1,0.156,0.24,234.9
2011/11/07 06:50:00,0.001,0.001,0.001,0.001,0.001,0.001,0.001,0.001,0,0.005,0.003,0.001,0,0,0.001,0,3.556,98.7,2.637,99.8,0.106,0.18,194.1
2011/11/07 07:00:00,0.001,0.001,0.002,0.002,0.001,0.002,0.002,0.001,0.001,0.009,0.005,0.001,0.001,0.001,0.002,0,3.554,99.2,2.552,100,0.186,0.32,172.2
2011/11/07 07:10:00,0.002,0.002,0.002,0.002,0.002,0.003,0.003,0.002,0.001,0.016,0.009,0.002,0.001,0.001,0.004,0.001,3.633,99.2,2.689,100,0.106,0.23,234.2
2011/11/07 07:20:00,0.003,0.003,0.004,0.004,0.003,0.004,0.004,0.003,0.001,0.024,0.013,0.002,0.002,0.002,0.006,0.001,3.832,99.5,2.801,100,0.19,0.37,154.7
2011/11/07 07:30:00,0.005,0.004,0.005,0.005,0.005,0.005,0.005,0.004,0.002,0.033,0.017,0.003,0.002,0.003,0.008,0.002,4.254,99.1,3.217,100,0.162,0.45,196.9
2011/11/07 07:40:00,0.007,0.005,0.007,0.007,0.006,0.007,0.007,0.006,0.002,0.044,0.023,0.004,0.002,0.004,0.01,0.002,4.817,97.7,3.791,100,0.282,0.42,149.7
2011/11/07 07:50:00,0.008,0.006,0.008,0.008,0.007,0.009,0.009,0.006,0.003,0.051,0.026,0.005,0.003,0.004,0.011,0.002,5.332,95.7,4.305,100,0.346,0.59,327.7
2011/11/07 08:00:00,0.009,0.007,0.009,0.009,0.008,0.01,0.01,0.007,0.003,0.06,0.03,0.006,0.003,0.005,0.013,0.002,5.898,93.2,4.981,98.1,0.232,0.39,199.6
2011/11/07 08:10:00,0.01,0.008,0.01,0.01,0.009,0.011,0.011,0.008,0.003,0.066,0.033,0.007,0.004,0.005,0.015,0.003,6.372,91.2,5.526,95.1,0.198,0.44,55.05
2011/11/07 08:20:00,0.011,0.009,0.011,0.012,0.01,0.012,0.012,0.009,0.004,0.074,0.037,0.007,0.004,0.006,0.017,0.003,6.762,89.6,6.011,92.7,0.408,0.72,160
2011/11/07 08:30:00,0.013,0.011,0.012,0.014,0.011,0.013,0.013,0.012,0.004,0.082,0.041,0.008,0.005,0.007,0.018,0.003,7.135,88.4,6.465,90.9,0.344,0.63,232.3
2011/11/07 08:40:00,0.014,0.013,0.014,0.017,0.013,0.014,0.014,0.013,0.005,0.089,0.045,0.009,0.005,0.008,0.02,0.004,7.515,86.9,6.822,89.5,0.478,1.05,311.2
2011/11/07 08:50:00,0.016,0.013,0.015,0.02,0.014,0.016,0.016,0.013,0.006,0.093,0.05,0.01,0.006,0.008,0.022,0.004,7.84,85.5,7.232,87.5,0.236,0.36,123.5
2011/11/07 09:00:00,0.018,0.015,0.02,0.02,0.018,0.018,0.018,0.015,0.006,0.105,0.054,0.011,0.007,0.009,0.023,0.004,8.18,84.3,7.577,86.1,0.612,0.92,51.79
2011/11/07 09:10:00,0.018,0.017,0.02,0.021,0.022,0.021,0.022,0.016,0.007,0.119,0.059,0.012,0.007,0.01,0.025,0.005,8.4,82.9,7.813,85,0.764,0.92,59.12
2011/11/07 09:20:00,0.017,0.016,0.023,0.021,0.028,0.031,0.023,0.017,0.006,0.173,0.059,0.012,0.007,0.01,0.025,0.005,8.66,82.3,8.06,84.2,0.348,0.69,297
2011/11/07 09:30:00,0.017,0.014,0.019,0.019,0.02,0.024,0.024,0.016,0.007,0.133,0.055,0.011,0.007,0.009,0.024,0.004,9.01,81.3,8.25,83.5,0.35,0.8,305.4
2011/11/07 09:40:00,0.018,0.015,0.02,0.02,0.018,0.021,0.021,0.017,0.007,0.118,0.061,0.012,0.007,0.011,0.026,0.005,8.92,81.7,8.23,83.6,0.258,0.39,247.7
2011/11/07 09:50:00,0.022,0.023,0.033,0.033,0.03,0.035,0.035,0.028,0.009,0.19,0.073,0.015,0.01,0.013,0.031,0.006,9.25,81.1,8.54,83.7,0.394,0.81,349.7
2011/11/07 10:00:00,0.029,0.027,0.044,0.044,0.04,0.047,0.048,0.04,0.015,0.255,0.084,0.018,0.013,0.016,0.036,0.007,10.02,77.82,9.1,81.8,0.446,0.91,180.1
2011/11/07 10:10:00,0.03,0.023,0.033,0.033,0.03,0.036,0.036,0.03,0.012,0.194,0.081,0.017,0.011,0.015,0.035,0.007,10.25,78.08,9.55,81,0.482,0.95,182.5
2011/11/07 10:20:00,0.058,0.038,0.06,0.061,0.055,0.065,0.066,0.055,0.022,0.34,0.119,0.026,0.018,0.023,0.051,0.011,10.69,75.69,10.12,78.11,0.494,0.74,82.1
2011/11/07 10:30:00,0.046,0.036,0.046,0.048,0.044,0.052,0.053,0.043,0.017,0.268,0.103,0.022,0.014,0.019,0.044,0.009,11.33,72.87,11.03,74.22,0.422,0.66,219.2
2011/11/07 10:40:00,0.028,0.022,0.03,0.029,0.027,0.032,0.032,0.026,0.01,0.163,0.078,0.016,0.01,0.015,0.033,0.007,10.78,74.45,10.62,74.84,0.44,0.96,173.8
2011/11/07 10:50:00,0.025,0.02,0.027,0.026,0.024,0.028,0.029,0.023,0.009,0.146,0.073,0.014,0.009,0.014,0.03,0.006,10.18,76.56,9.95,77,0.522,1.13,169.9
2011/11/07 11:00:00,0.023,0.019,0.025,0.025,0.022,0.027,0.027,0.021,0.008,0.138,0.08,0.016,0.009,0.015,0.033,0.007,10.05,77.14,9.88,77.27,0.456,0.77,123
2011/11/07 11:10:00,0.039,0.032,0.042,0.042,0.038,0.045,0.045,0.036,0.014,0.229,0.121,0.025,0.015,0.023,0.05,0.01,10.51,75.94,10.24,77.04,0.19,0.32,198.7
2011/11/07 11:20:00,0.05,0.04,0.053,0.053,0.048,0.057,0.057,0.046,0.019,0.29,0.15,0.031,0.019,0.028,0.063,0.013,11.33,73.81,11.01,74.86,0.368,0.58,337.1
2011/11/07 11:30:00,0.068,0.054,0.072,0.071,0.065,0.076,0.077,0.063,0.025,0.385,0.193,0.039,0.025,0.035,0.08,0.017,12.16,70.57,11.89,71.09,0.782,1.56,141.7
2011/11/07 11:40:00,0.047,0.038,0.05,0.049,0.044,0.052,0.052,0.042,0.016,0.266,0.154,0.031,0.019,0.029,0.066,0.013,12.06,69.85,11.89,70.35,0.754,1.29,129.1
2011/11/07 11:50:00,0.037,0.03,0.039,0.039,0.035,0.042,0.042,0.033,0.013,0.217,0.136,0.028,0.016,0.026,0.06,0.012,11.52,71.54,11.41,71.85,0.796,1.37,143.9
2011/11/07 12:00:00,0.036,0.029,0.038,0.038,0.034,0.04,0.04,0.032,0.013,0.211,0.14,0.029,0.016,0.027,0.062,0.013,11.68,71.78,11.44,72.53,0.544,1.21,139.8
2011/11/07 12:10:00,0.037,0.029,0.039,0.039,0.035,0.041,0.041,0.033,0.013,0.211,0.135,0.028,0.016,0.027,0.06,0.012,11.98,70.87,11.67,71.87,0.39,0.96,112.4
2011/11/07 12:20:00,0.044,0.035,0.046,0.046,0.042,0.049,0.049,0.04,0.015,0.251,0.165,0.033,0.019,0.035,0.069,0.014,12.22,70.65,11.93,71.6,0.662,1.28,107.9
2011/11/07 12:30:00,0.042,0.033,0.043,0.043,0.038,0.045,0.045,0.037,0.014,0.233,0.161,0.033,0.019,0.033,0.069,0.014,12.61,68.15,12.44,68.71,0.428,0.78,157.8
2011/11/07 12:40:00,0.028,0.022,0.029,0.029,0.026,0.03,0.03,0.024,0.009,0.159,0.112,0.023,0.013,0.021,0.05,0.01,12.34,69.56,12.17,70.23,0.85,1.45,150.8
2011/11/07 12:50:00,0.018,0.014,0.019,0.019,0.017,0.02,0.02,0.016,0.006,0.107,0.082,0.017,0.009,0.015,0.036,0.007,12.05,69.6,11.8,70.24,0.474,1.2,195.6
2011/11/07 13:00:00,0.024,0.02,0.026,0.026,0.023,0.028,0.027,0.022,0.008,0.145,0.1,0.02,0.011,0.018,0.043,0.009,11.8,70.79,11.54,71.71,0.634,1.17,143.6
2011/11/07 13:10:00,0.031,0.026,0.034,0.034,0.031,0.036,0.037,0.029,0.011,0.18,0.166,0.031,0.017,0.032,0.068,0.014,12.04,69.5,11.72,70.6,0.6,1.1,120.4
2011/11/07 13:20:00,0.026,0.021,0.029,0.029,0.026,0.031,0.031,0.025,0.01,0.153,0.163,0.03,0.016,0.031,0.064,0.014,12.38,68.15,12.11,68.65,0.496,0.76,170.9
2011/11/07 13:30:00,0.024,0.02,0.026,0.026,0.024,0.028,0.028,0.023,0.009,0.135,0.153,0.029,0.015,0.03,0.062,0.013,12.09,69.53,11.8,70.2,0.528,0.99,318.3
2011/11/07 13:40:00,0.031,0.03,0.04,0.04,0.036,0.042,0.043,0.035,0.014,0.198,0.29,0.055,0.028,0.063,0.123,0.028,12.45,68.07,12.19,68.89,0.456,0.98,292.3
2011/11/07 13:50:00,0.026,0.031,0.042,0.042,0.037,0.044,0.045,0.037,0.014,0.203,0.323,0.062,0.031,0.072,0.136,0.032,13.29,65.32,13.06,65.96,0.594,1.09,147
2011/11/07 14:00:00,0.02,0.025,0.034,0.033,0.03,0.035,0.036,0.03,0.011,0.163,0.278,0.055,0.027,0.062,0.118,0.027,13.43,64.5,13.08,65.51,0.484,0.99,326.3
2011/11/07 14:10:00,0.024,0.024,0.032,0.031,0.028,0.033,0.034,0.028,0.011,0.153,0.275,0.056,0.026,0.063,0.122,0.028,13.32,64.74,12.88,66.13,0.492,0.76,325.5
2011/11/07 14:20:00,0.01,0.008,0.011,0.011,0.01,0.012,0.012,0.009,0.003,0.06,0.064,0.013,0.006,0.012,0.028,0.005,12.08,68.56,11.79,69.42,0.642,0.84,346.5
2011/11/07 14:30:00,0.012,0.009,0.012,0.012,0.011,0.013,0.013,0.01,0.004,0.068,0.061,0.013,0.006,0.011,0.028,0.005,11.35,72.18,10.96,73.32,0.71,1,325.8