9/23/2011 11:10,0.606,0,0.094,0.096,0.12,0,0,0,0,0.218
9/23/2011 11:20,0.374,0,0.058,0.059,0.074,0,0,0,0,0.116
9/23/2011 11:30,0.27,0,0.045,0.045,0.055,0,0,0,0,0.063
9/23/2011 11:40,0.474,0,0.073,0.074,0.093,0,0,0,0,0.144
9/23/2011 11:50,0.556,0,0.089,0.091,0.113,0,0,0,0,0.207
9/23/2011 12:00,0.59,0,0.092,0.094,0.117,0,0,0,0,0.225
9/23/2011 12:10,0.478,0,0.073,0.081,0.094,0,0,0,0,0.178
9/23/2011 12:20,0.27,0,0.041,0.053,0.052,0,0,0,0,0.085
9/23/2011 12:30,0.363,0,0.057,0.072,0.071,0,0,0,0,0.163
9/23/2011 12:40,0.472,0,0.074,0.093,0.093,0,0,0,0,0.142
9/23/2011 12:50,0.379,0,0.057,0.072,0.073,0,0,0,0,0.118
9/23/2011 13:00,0.302,0,0.045,0.057,0.057,0,0,0,0,0.079
9/23/2011 13:10,0.405,0,0.061,0.077,0.079,0,0,0,0,0.136
9/23/2011 13:20,0.614,0,0.097,0.121,0.123,0,0,0,0,0.193
9/23/2011 13:30,0.34,0,0.052,0.066,0.067,0,0,0,0,0.12
9/23/2011 13:40,0.48,0,0.076,0.095,0.097,0,0,0,0,0.132
9/23/2011 13:50,0.417,0,0.066,0.082,0.083,0.052,0,0,0,0.123
9/23/2011 14:00,0.287,0,0.043,0.054,0.055,0.046,0,0,0,0.054
9/23/2011 14:10,0.337,0,0.052,0.065,0.066,0.056,0,0,0,0.071
9/23/2011 14:20,0.51,0,0.08,0.101,0.102,0.088,0,0,0,0.165
9/23/2011 14:30,0.457,0,0.073,0.093,0.093,0.08,0,0,0,0.143
9/23/2011 14:40,0.39,0,0.064,0.081,0.081,0.07,0,0,0,0.123
9/23/2011 15:40,0.242,0,0.02,0.052,0.03,0.047,0,0,0,0.027
9/23/2011 15:50,0.237,0,0.013,0.051,0.019,0.046,0,0,0,0.016
9/23/2011 16:00,0.212,0,0.012,0.043,0.024,0.035,0,0,0,0.002
9/23/2011 16:10,0.189,0,0.012,0.016,0.029,0.013,0,0,0,0
9/23/2011 16:20,0.162,0,0.018,0.016,0.033,0.013,0,0,0,0
9/23/2011 16:30,0.075,0,0.01,0.011,0.014,0.01,0,0,0,0
9/23/2011 16:40,0.059,0,0.008,0.01,0.01,0.009,0,0,0,0
9/23/2011 16:50,0.045,0,0.006,0.008,0.008,0.007,0,0,0,0
9/23/2011 17:00,0.036,0,0.005,0.006,0.006,0.005,0,0,0,0
9/23/2011 17:10,0.029,0,0.004,0.005,0.005,0.004,0,0,0,0
9/23/2011 17:20,0.02,0,0.002,0.003,0.003,0.003,0,0,0,0
9/23/2011 17:30,0.015,0,0.002,0.002,0.002,0.002,0,0,0,0
9/23/2011 17:40,0.008,0,0.001,0.001,0.001,0.001,0,0,0,0
9/23/2011 17:50,0.003,0,0,0.001,0.001,0,0,0,0,0
9/23/2011 18:00,0.001,0,0,0,0,0,0,0,0,0
9/23/2011 18:10,0,0,0,0,0,0,0,0,0,0
9/23/2011 18:20,0,0,0,0,0,0,0,0,0,0
9/23/2011 18:30,0,0,0,0,0,0,0,0,0,0
9/23/2011 18:40,0,0,0,0,0,0,0,0,0,0
9/23/2011 18:50,0,0,0,0,0,0,0,0,0,0
9/23/2011 19:00,0,0,0,0,0,0,0,0,0,0
9/23/2011 19:10,0,0,0,0,0,0,0,0,0,0
9/23/2011 19:20,0,0,0,0,0,0,0,0,0,0
9/23/2011 19:30,0,0,0,0,0,0,0,0,0,0
9/23/2011 19:40,0,0,0,0,0,0,0,0,0,0
9/23/2011 19:50,0,0,0,0,0,0,0,0,0,0
9/23/2011 20:00,0,0,0,0,0,0,0,0,0,0
9/23/2011 20:10,0,0,0,0,0,0,0,0,0,0
9/23/2011 20:20,0,0,0,0,0,0,0,0,0,0
9/23/2011 20:30,0,0,0,0,0,0,0,0,0,0
9/23/2011 20:40,0,0,0,0,0,0,0,0,0,0
9/23/2011 20:50,0,0,0,0,0,0,0,0,0,0
9/23/2011 21:00,0,0,0,0,0,0,0,0,0,0
9/23/2011 21:10,0,0,0,0,0,0,0,0,0,0
9/23/2011 21:20,0,0,0,0,0,0,0,0,0,0
9/23/2011 21:30,0,0,0,0,0,0,0,0,0,0
9/23/2011 21:40,0,0,0,0,0,0,0,0,0,0
9/23/2011 21:50,0,0,0,0,0,0,0,0,0,0
9/23/2011 22:00,0,0,0,0,0,0,0,0,0,0
9/23/2011 22:10,0,0,0,0,0,0,0,0,0,0
9/23/2011 22:20,0,0,0,0,0,0,0,0,0,0
9/23/2011 22:30,0,0,0,0,0,0,0,0,0,0
9/23/2011 22:40,0,0,0,0,0,0,0,0,0,0
9/23/2011 22:50,0,0,0,0,0,0,0,0,0,0
9/23/2011 23:00,0,0,0,0,0,0,0,0,0,0
9/23/2011 23:10,0,0,0,0,0,0,0,0,0,0
9/23/2011 23:20,0,0,0,0,0,0,0,0,0,0
9/23/2011 23:30,0,0,0,0,0,0,0,0,0,0
9/23/2011 23:40,0,0,0,0,0,0,0,0,0,0
9/23/2011 23:50,0,0,0,0,0,0,0,0,0,0
9/24/2011 0:00,0,0,0,0,0,0,0,0,0,0
9/24/2011 0:10,0,0,0,0,0,0,0,0,0,0
9/24/2011 0:20,0,0,0,0,0,0,0,0,0,0
9/24/2011 0:30,0,0,0,0,0,0,0,0,0,0
9/24/2011 0:40,0,0,0,0,0,0,0,0,0,0
9/24/2011 0:50,0,0,0,0,0,0,0,0,0,0
9/24/2011 1:00,0,0,0,0,0,0,0,0,0,0
9/24/2011 1:10,0,0,0,0,0,0,0,0,0,0
9/24/2011 1:20,0,0,0,0,0,0,0,0,0,0
9/24/2011 1:30,0,0,0,0,0,0,0,0,0,0
9/24/2011 1:40,0,0,0,0,0,0,0,0,0,0
9/24/2011 1:50,0,0,0,0,0,0,0,0,0,0
9/24/2011 2:00,0,0,0,0,0,0,0,0,0,0
9/24/2011 2:10,0,0,0,0,0,0,0,0,0,0
9/24/2011 2:20,0,0,0,0,0,0,0,0,0,0
9/24/2011 2:30,0,0,0,0,0,0,0,0,0,0
9/24/2011 2:40,0,0,0,0,0,0,0,0,0,0
9/24/2011 2:50,0,0,0,0,0,0,0,0,0,0
9/24/2011 3:00,0,0,0,0,0,0,0,0,0,0
9/24/2011 3:10,0,0,0,0,0,0,0,0,0,0
9/24/2011 3:20,0,0,0,0,0,0,0,0,0,0
9/24/2011 3:30,0,0,0,0,0,0,0,0,0,0
9/24/2011 3:40,0,0,0,0,0,0,0,0,0,0
9/24/2011 3:50,0,0,0,0,0,0,0,0,0,0
9/24/2011 4:00,0,0,0,0,0,0,0,0,0,0
9/24/2011 4:10,0,0,0,0,0,0,0,0,0,0
9/24/2011 4:20,0,0,0,0,0,0,0,0,0,0
9/24/2011 4:30,0,0,0,0,0,0,0,0,0,0
9/24/2011 4:40,0,0,0,0,0,0,0,0,0,0
9/24/2011 4:50,0,0,0,0,0,0,0,0,0,0
9/24/2011 5:00,0,0,0,0,0,0,0,0,0,0
9/24/2011 5:10,0,0,0,0,0,0,0,0,0,0
9/24/2011 5:20,0,0,0,0,0,0,0,0,0,0
9/24/2011 5:30,0.001,0,0,0,0,0,0,0,0,0
9/24/2011 5:40,0.002,0,0,0,0,0,0,0,0,0
9/24/2011 5:50,0.004,0,0.001,0.001,0.001,0.001,0,0,0,0
9/24/2011 6:00,0.007,0,0.001,0.001,0.001,0.001,0,0,0,0
9/24/2011 6:10,0.015,0,0.002,0.002,0.002,0.002,0,0,0,0
9/24/2011 6:20,0.024,0,0.003,0.004,0.004,0.003,0,0,0,0
9/24/2011 6:30,0.028,0,0.004,0.005,0.005,0.004,0,0,0,0
9/24/2011 6:40,0.042,0,0.006,0.008,0.008,0.006,0,0,0,0
9/24/2011 6:50,0.064,0,0.009,0.012,0.012,0.01,0,0,0,0
9/24/2011 7:00,0.057,0,0.008,0.011,0.011,0.009,0,0,0,0
9/24/2011 7:10,0.049,0,0.007,0.009,0.009,0.008,0,0,0,0
9/24/2011 7:20,0.059,0,0.009,0.012,0.011,0.009,0,0,0,0
9/24/2011 7:30,0.073,0,0.011,0.014,0.014,0.012,0,0,0,0
9/24/2011 7:40,0.087,0,0.013,0.019,0.017,0.014,0,0,0,0
9/24/2011 7:50,0.065,0,0.01,0.013,0.014,0.011,0,0,0,0
9/24/2011 8:00,0.07,0,0.01,0.013,0.015,0.012,0,0,0,0
9/24/2011 8:10,0.087,0,0.011,0.013,0.014,0.019,0,0,0,0
9/24/2011 8:20,0.152,0,0.012,0.014,0.013,0.016,0,0,0,0
9/24/2011 8:30,0.185,0,0.036,0.014,0.014,0.012,0,0,0,0
9/24/2011 8:40,0.082,0,0.056,0.045,0.016,0.012,0,0,0,0
9/24/2011 8:50,0.11,0,0.06,0.075,0.018,0.013,0,0,0,0
9/24/2011 9:00,0.091,0,0.064,0.083,0.02,0.014,0,0,0,0
9/24/2011 9:10,0.107,0,0.067,0.087,0.073,0.014,0,0,0,0
9/24/2011 9:20,0.086,0,0.069,0.091,0.089,0.017,0,0,0,0
9/24/2011 9:30,0.092,0,0.072,0.094,0.092,0.058,0,0,0,0
9/24/2011 9:40,0.087,0,0.075,0.098,0.096,0.07,0,0,0,0
9/24/2011 9:50,0.102,0,0.077,0.101,0.098,0.073,0,0,0,0
9/24/2011 10:00,0.422,0,0.079,0.104,0.102,0.076,0,0,0,0.072
9/24/2011 10:10,0.505,0,0.081,0.107,0.104,0.078,0,0,0,0.105
9/24/2011 10:20,0.517,0,0.082,0.109,0.106,0.08,0,0,0,0.11
9/24/2011 10:30,0.527,0,0.084,0.11,0.108,0.082,0,0,0,0.116
9/24/2011 10:40,0.541,0,0.085,0.113,0.11,0.085,0,0,0,0.126
9/24/2011 10:50,0.545,0,0.086,0.113,0.111,0.086,0,0,0,0.134
9/24/2011 11:00,0.547,0,0.086,0.113,0.111,0.087,0,0,0,0.138
9/24/2011 11:10,0.552,0,0.086,0.113,0.111,0.088,0,0,0,0.144
9/24/2011 11:20,0.559,0,0.088,0.115,0.113,0.091,0,0,0,0.151
9/24/2011 11:30,0.57,0,0.089,0.117,0.115,0.093,0,0,0,0.161
9/24/2011 11:40,0.564,0,0.088,0.115,0.114,0.092,0,0,0,0.163
9/24/2011 11:50,0.557,0,0.087,0.114,0.112,0.092,0,0,0,0.166
9/24/2011 12:00,0.558,0,0.087,0.114,0.113,0.093,0,0,0,0.169
9/24/2011 12:10,0.558,0,0.087,0.114,0.113,0.094,0,0,0,0.173
9/24/2011 12:20,0.553,0,0.087,0.113,0.112,0.094,0,0,0,0.177
9/24/2011 12:30,0.547,0,0.086,0.112,0.111,0.094,0,0,0,0.178
9/24/2011 12:40,0.539,0,0.085,0.111,0.11,0.093,0,0,0,0.176
9/24/2011 12:50,0.526,0,0.083,0.108,0.108,0.092,0,0,0,0.177
9/24/2011 13:00,0.524,0,0.083,0.108,0.108,0.092,0,0,0,0.179
9/24/2011 13:10,0.503,0,0.08,0.105,0.104,0.089,0,0,0,0.171
9/24/2011 13:20,0.504,0,0.081,0.106,0.104,0.09,0,0,0,0.174
9/24/2011 13:30,0.489,0,0.079,0.103,0.102,0.088,0,0,0,0.17
9/24/2011 13:40,0.47,0,0.076,0.1,0.098,0.086,0,0,0,0.164
9/24/2011 13:50,0.451,0,0.073,0.096,0.095,0.082,0,0,0,0.154
9/24/2011 14:00,0.438,0,0.072,0.094,0.092,0.081,0,0,0,0.148
9/24/2011 14:10,0.428,0,0.07,0.092,0.09,0.079,0,0,0,0.141
9/24/2011 14:20,0.405,0,0.066,0.087,0.085,0.075,0,0,0,0.13
9/24/2011 14:30,0.39,0,0.064,0.084,0.082,0.073,0,0,0,0.12
9/24/2011 14:40,0.369,0,0.061,0.08,0.078,0.069,0,0,0,0.108
9/24/2011 14:50,0.344,0,0.057,0.075,0.073,0.065,0,0,0,0.095
9/24/2011 15:00,0.326,0,0.054,0.071,0.069,0.062,0,0,0,0.085
9/24/2011 15:10,0.305,0,0.05,0.067,0.065,0.058,0,0,0,0.072
9/24/2011 15:20,0.283,0,0.047,0.062,0.061,0.054,0,0,0,0.058
9/24/2011 15:30,0.261,0,0.043,0.057,0.056,0.051,0,0,0,0.044
9/24/2011 15:40,0.237,0,0.022,0.052,0.044,0.046,0,0,0,0.023
9/24/2011 15:50,0.215,0,0.011,0.047,0.017,0.042,0,0,0,0.006
9/24/2011 16:00,0.194,0,0.01,0.04,0.016,0.032,0,0,0,0
9/24/2011 16:10,0.173,0,0.009,0.014,0.021,0.011,0,0,0,0
9/24/2011 16:20,0.152,0,0.015,0.011,0.033,0.009,0,0,0,0
9/24/2011 16:30,0.132,0,0.021,0.01,0.028,0.008,0,0,0,0
9/24/2011 16:40,0.111,0,0.013,0.009,0.021,0.007,0,0,0,0
9/24/2011 16:50,0.059,0,0.006,0.009,0.009,0.006,0,0,0,0
9/24/2011 17:00,0.04,0,0.004,0.008,0.006,0.007,0,0,0,0
9/24/2011 17:10,0.031,0,0.004,0.005,0.005,0.004,0,0,0,0
9/24/2011 17:20,0.023,0,0.003,0.003,0.003,0.003,0,0,0,0
9/24/2011 17:30,0.014,0,0.002,0.002,0.002,0.002,0,0,0,0
9/24/2011 17:40,0.007,0,0.001,0.001,0.001,0.001,0,0,0,0
9/24/2011 17:50,0.003,0,0,0.001,0.001,0,0,0,0,0
9/24/2011 18:00,0.001,0,0,0,0,0,0,0,0,0
9/24/2011 18:10,0,0,0,0,0,0,0,0,0,0
9/24/2011 18:20,0,0,0,0,0,0,0,0,0,0
9/24/2011 18:30,0,0,0,0,0,0,0,0,0,0
9/24/2011 18:40,0,0,0,0,0,0,0,0,0,0
9/24/2011 18:50,0,0,0,0,0,0,0,0,0,0
9/24/2011 19:00,0,0,0,0,0,0,0,0,0,0
9/24/2011 19:10,0,0,0,0,0,0,0,0,0,0
9/24/2011 19:20,0,0,0,0,0,0,0,0,0,0
9/24/2011 19:30,0,0,0,0,0,0,0,0,0,0
9/24/2011 19:40,0,0,0,0,0,0,0,0,0,0
9/24/2011 19:50,0,0,0,0,0,0,0,0,0,0
9/24/2011 20:00,0,0,0,0,0,0,0,0,0,0
9/24/2011 20:10,0,0,0,0,0,0,0,0,0,0
9/24/2011 20:20,0,0,0,0,0,0,0,0,0,0
9/24/2011 20:30,0,0,0,0,0,0,0,0,0,0
9/24/2011 20:40,0,0,0,0,0,0,0,0,0,0
9/24/2011 20:50,0,0,0,0,0,0,0,0,0,0
9/24/2011 21:00,0,0,0,0,0,0,0,0,0,0
9/24/2011 21:10,0,0,0,0,0,0,0,0,0,0
9/24/2011 21:20,0,0,0,0,0,0,0,0,0,0
9/24/2011 21:30,0,0,0,0,0,0,0,0,0,0
9/24/2011 21:40,0,0,0,0,0,0,0,0,0,0
9/24/2011 21:50,0,0,0,0,0,0,0,0,0,0
9/24/2011 22:00,0,0,0,0,0,0,0,0,0,0
9/24/2011 22:10,0,0,0,0,0,0,0,0,0,0
9/24/2011 22:20,0,0,0,0,0,0,0,0,0,0
9/24/2011 22:30,0,0,0,0,0,0,0,0,0,0
9/24/2011 22:40,0,0,0,0,0,0,0,0,0,0
9/24/2011 22:50,0,0,0,0,0,0,0,0,0,0
9/24/2011 23:00,0,0,0,0,0,0,0,0,0,0
9/24/2011 23:10,0,0,0,0,0,0,0,0,0,0
9/24/2011 23:20,0,0,0,0,0,0,0,0,0,0
9/24/2011 23:30,0,0,0,0,0,0,0,0,0,0
9/24/2011 23:40,0,0,0,0,0,0,0,0,0,0
9/24/2011 23:50,0,0,0,0,0,0,0,0,0,0
9/25/2011 0:00,0,0,0,0,0,0,0,0,0,0
9/25/2011 0:10,0,0,0,0,0,0,0,0,0,0
9/25/2011 0:20,0,0,0,0,0,0,0,0,0,0
9/25/2011 0:30,0,0,0,0,0,0,0,0,0,0
9/25/2011 0:40,0,0,0,0,0,0,0,0,0,0
9/25/2011 0:50,0,0,0,0,0,0,0,0,0,0
9/25/2011 1:00,0,0,0,0,0,0,0,0,0,0
9/25/2011 1:10,0,0,0,0,0,0,0,0,0,0
9/25/2011 1:20,0,0,0,0,0,0,0,0,0,0
9/25/2011 1:30,0,0,0,0,0,0,0,0,0,0
9/25/2011 1:40,0,0,0,0,0,0,0,0,0,0
9/25/2011 1:50,0,0,0,0,0,0,0,0,0,0
9/25/2011 2:00,0,0,0,0,0,0,0,0,0,0
9/25/2011 2:10,0,0,0,0,0,0,0,0,0,0
9/25/2011 2:20,0,0,0,0,0,0,0,0,0,0
9/25/2011 2:30,0,0,0,0,0,0,0,0,0,0
9/25/2011 2:40,0,0,0,0,0,0,0,0,0,0
9/25/2011 2:50,0,0,0,0,0,0,0,0,0,0
9/25/2011 3:00,0,0,0,0,0,0,0,0,0,0
9/25/2011 3:10,0,0,0,0,0,0,0,0,0,0
9/25/2011 3:20,0,0,0,0,0,0,0,0,0,0
9/25/2011 3:30,0,0,0,0,0,0,0,0,0,0
9/25/2011 3:40,0,0,0,0,0,0,0,0,0,0
9/25/2011 3:50,0,0,0,0,0,0,0,0,0,0
9/25/2011 4:00,0,0,0,0,0,0,0,0,0,0
9/25/2011 4:10,0,0,0,0,0,0,0,0,0,0
9/25/2011 4:20,0,0,0,0,0,0,0,0,0,0
9/25/2011 4:30,0,0,0,0,0,0,0,0,0,0
9/25/2011 4:40,0,0,0,0,0,0,0,0,0,0
9/25/2011 4:50,0,0,0,0,0,0,0,0,0,0
9/25/2011 5:00,0,0,0,0,0,0,0,0,0,0
9/25/2011 5:10,0,0,0,0,0,0,0,0,0,0
9/25/2011 5:20,0,0,0,0,0,0,0,0,0,0
9/25/2011 5:30,0.001,0,0,0,0,0,0,0,0,0
9/25/2011 5:40,0.003,0,0,0.001,0.001,0.001,0,0,0,0
9/25/2011 5:50,0.006,0,0.001,0.001,0.001,0.001,0,0,0,0
9/25/2011 6:00,0.012,0,0.002,0.002,0.002,0.002,0,0,0,0
9/25/2011 6:10,0.017,0,0.002,0.003,0.003,0.002,0,0,0,0
9/25/2011 6:20,0.019,0,0.002,0.003,0.003,0.003,0,0,0,0
9/25/2011 6:30,0.023,0,0.003,0.004,0.004,0.003,0,0,0,0
9/25/2011 6:40,0.027,0,0.003,0.005,0.005,0.004,0,0,0,0
9/25/2011 6:50,0.031,0,0.004,0.006,0.006,0.005,0,0,0,0
9/25/2011 7:00,0.033,0,0.004,0.006,0.006,0.005,0,0,0,0
9/25/2011 7:10,0.036,0,0.005,0.007,0.007,0.006,0,0,0,0
9/25/2011 7:20,0.039,0,0.005,0.007,0.007,0.006,0,0,0,0
9/25/2011 7:30,0.044,0,0.006,0.008,0.008,0.007,0,0,0,0
9/25/2011 7:40,0.05,0,0.007,0.012,0.009,0.008,0,0,0,0
9/25/2011 7:50,0.05,0,0.007,0.009,0.01,0.008,0,0,0,0
9/25/2011 8:00,0.054,0,0.008,0.01,0.012,0.01,0,0,0,0
9/25/2011 8:10,0.069,0,0.01,0.011,0.011,0.022,0,0,0,0
9/25/2011 8:20,0.133,0,0.013,0.014,0.011,0.014,0,0,0,0
9/25/2011 8:30,0.13,0,0.033,0.012,0.012,0.01,0,0.001,0,0.002
9/25/2011 8:40,0.08,0,0.055,0.05,0.013,0.01,0,0.011,0,0
9/25/2011 8:50,0.075,0,0.059,0.076,0.014,0.011,0,0.018,0,0
9/25/2011 9:00,0.067,0,0.063,0.082,0.021,0.012,0,0.024,0,0
9/25/2011 9:10,0.07,0,0.066,0.086,0.078,0.011,0,0.024,0,0
9/25/2011 9:20,0.089,0,0.068,0.09,0.089,0.014,0,0.023,0,0
9/25/2011 9:30,0.074,0,0.072,0.094,0.093,0.058,0,0.025,0.004,0
9/25/2011 9:40,0.074,0,0.074,0.097,0.096,0.07,0,0.026,0.013,0
9/25/2011 9:50,0.085,0,0.076,0.1,0.099,0.072,0,0.025,0.026,0
9/25/2011 10:00,0.426,0,0.078,0.103,0.102,0.075,0,0.022,0.035,0.127
9/25/2011 10:10,0.507,0,0.08,0.106,0.105,0.078,0,0.018,0.04,0.158
9/25/2011 10:20,0.514,0,0.081,0.108,0.106,0.079,0,0.017,0.048,0.15
9/25/2011 10:30,0.524,0,0.082,0.109,0.108,0.081,0,0.019,0.067,0.135
9/25/2011 10:40,0.532,0,0.083,0.11,0.109,0.083,0,0.033,0.106,0.125
9/25/2011 10:50,0.541,0,0.084,0.112,0.11,0.085,0,0.014,0.093,0.124
9/25/2011 11:00,0.547,0,0.085,0.112,0.111,0.087,0,0,0.042,0.132
9/25/2011 11:10,0.55,0,0.085,0.113,0.111,0.088,0,0,0.002,0.145
9/25/2011 11:20,0.553,0,0.086,0.113,0.112,0.089,0,0,0,0.15
9/25/2011 11:30,0.558,0,0.086,0.114,0.113,0.091,0,0,0,0.158
9/25/2011 11:40,0.558,0,0.086,0.114,0.113,0.091,0,0,0,0.163
9/25/2011 11:50,0.557,0,0.086,0.113,0.113,0.092,0,0,0,0.165
9/25/2011 12:00,0.557,0,0.086,0.113,0.112,0.092,0,0,0,0.164
9/25/2011 12:10,0.553,0,0.086,0.113,0.112,0.093,0,0,0,0.163
9/25/2011 12:20,0.549,0,0.085,0.112,0.111,0.093,0,0,0,0.161
9/25/2011 12:30,0.542,0,0.085,0.111,0.111,0.093,0,0,0,0.189
9/25/2011 12:40,0.537,0,0.084,0.11,0.11,0.093,0,0,0,0.211
9/25/2011 12:50,0.527,0,0.083,0.109,0.108,0.092,0,0,0,0.214
9/25/2011 13:00,0.518,0,0.082,0.107,0.107,0.092,0,0,0,0.218
9/25/2011 13:10,0.509,0,0.081,0.106,0.105,0.091,0,0,0,0.216
9/25/2011 13:20,0.494,0,0.079,0.103,0.103,0.089,0,0,0,0.206
9/25/2011 13:30,0.482,0,0.077,0.101,0.101,0.087,0,0,0,0.2
9/25/2011 13:40,0.465,0,0.075,0.099,0.098,0.085,0,0,0,0.195
9/25/2011 13:50,0.451,0,0.073,0.096,0.095,0.083,0,0,0,0.188
9/25/2011 14:00,0.435,0,0.071,0.094,0.092,0.08,0,0,0,0.183
9/25/2011 14:10,0.423,0,0.069,0.092,0.09,0.079,0,0,0,0.179
9/25/2011 14:20,0.404,0,0.066,0.088,0.086,0.076,0,0,0,0.169
9/25/2011 14:30,0.38,0,0.062,0.083,0.081,0.071,0,0,0,0.158
9/25/2011 14:40,0.365,0,0.06,0.08,0.078,0.069,0,0,0,0.15
9/25/2011 14:50,0.345,0,0.057,0.076,0.074,0.066,0,0,0,0.138
9/25/2011 15:00,0.323,0,0.054,0.071,0.069,0.062,0,0,0,0.127
9/25/2011 15:10,0.304,0,0.05,0.067,0.066,0.059,0,0,0,0.117
9/25/2011 15:20,0.28,0,0.047,0.061,0.061,0.055,0,0,0,0.103
9/25/2011 15:30,0.258,0,0.043,0.057,0.056,0.051,0,0,0,0.091
9/25/2011 15:40,0.237,0,0.022,0.053,0.043,0.047,0,0,0,0.07
9/25/2011 15:50,0.214,0,0.01,0.048,0.014,0.043,0,0,0,0.053
9/25/2011 16:00,0.192,0,0.009,0.04,0.012,0.031,0,0,0,0.041
9/25/2011 16:10,0.17,0,0.008,0.012,0.017,0.009,0,0,0,0.027
9/25/2011 16:20,0.15,0,0.013,0.01,0.032,0.008,0,0,0,0.015
9/25/2011 16:30,0.129,0,0.018,0.009,0.028,0.008,0,0,0,0.004
9/25/2011 16:40,0.108,0,0.012,0.008,0.019,0.007,0,0,0,0
9/25/2011 16:50,0.06,0,0.005,0.008,0.008,0.006,0,0,0,0
9/25/2011 17:00,0.037,0,0.004,0.006,0.005,0.006,0,0,0,0
9/25/2011 17:10,0.029,0,0.003,0.004,0.004,0.004,0,0,0,0
9/25/2011 17:20,0.02,0,0.002,0.003,0.003,0.003,0,0,0,0
9/25/2011 17:30,0.012,0,0.002,0.002,0.002,0.002,0,0,0,0
9/25/2011 17:40,0.005,0,0.001,0.001,0.001,0.001,0,0,0,0
9/25/2011 17:50,0.002,0,0,0,0,0,0,0,0,0
9/25/2011 18:00,0.001,0,0,0,0,0,0,0,0,0
9/25/2011 18:10,0,0,0,0,0,0,0,0,0,0
9/25/2011 18:20,0,0,0,0,0,0,0,0,0,0
9/25/2011 18:30,0,0,0,0,0,0,0,0,0,0
9/25/2011 18:40,0,0,0,0,0,0,0,0,0,0
9/25/2011 18:50,0,0,0,0,0,0,0,0,0,0
9/25/2011 19:00,0,0,0,0,0,0,0,0,0,0
9/25/2011 19:10,0,0,0,0,0,0,0,0,0,0
9/25/2011 19:20,0,0,0,0,0,0,0,0,0,0
9/25/2011 19:30,0,0,0,0,0,0,0,0,0,0
9/25/2011 19:40,0,0,0,0,0,0,0,0,0,0
9/25/2011 19:50,0,0,0,0,0,0,0,0,0,0
9/25/2011 20:00,0,0,0,0,0,0,0,0,0,0
9/25/2011 20:10,0,0,0,0,0,0,0,0,0,0
9/25/2011 20:20,0,0,0,0,0,0,0,0,0,0
9/25/2011 20:30,0,0,0,0,0,0,0,0,0,0
9/25/2011 20:40,0,0,0,0,0,0,0,0,0,0
9/25/2011 20:50,0,0,0,0,0,0,0,0,0,0
9/25/2011 21:00,0,0,0,0,0,0,0,0,0,0
9/25/2011 21:10,0,0,0,0,0,0,0,0,0,0
9/25/2011 21:20,0,0,0,0,0,0,0,0,0,0
9/25/2011 21:30,0,0,0,0,0,0,0,0,0,0
9/25/2011 21:40,0,0,0,0,0,0,0,0,0,0
9/25/2011 21:50,0,0,0,0,0,0,0,0,0,0
9/25/2011 22:00,0,0,0,0,0,0,0,0,0,0
9/25/2011 22:10,0,0,0,0,0,0,0,0,0,0
9/25/2011 22:20,0,0,0,0,0,0,0,0,0,0
9/25/2011 22:30,0,0,0,0,0,0,0,0,0,0
9/25/2011 22:40,0,0,0,0,0,0,0,0,0,0
9/25/2011 22:50,0,0,0,0,0,0,0,0,0,0
9/25/2011 23:00,0,0,0,0,0,0,0,0,0,0
9/25/2011 23:10,0,0,0,0,0,0,0,0,0,0
9/25/2011 23:20,0,0,0,0,0,0,0,0,0,0
9/25/2011 23:30,0,0,0,0,0,0,0,0,0,0
9/25/2011 23:40,0,0,0,0,0,0,0,0,0,0
9/25/2011 23:50,0,0,0,0,0,0,0,0,0,0
9/26/2011 0:00,0,0,0,0,0,0,0,0,0,0
9/26/2011 0:10,0,0,0,0,0,0,0,0,0,0
9/26/2011 0:20,0,0,0,0,0,0,0,0,0,0
9/26/2011 0:30,0,0,0,0,0,0,0,0,0,0
9/26/2011 0:40,0,0,0,0,0,0,0,0,0,0
9/26/2011 0:50,0,0,0,0,0,0,0,0,0,0
9/26/2011 1:00,0,0,0,0,0,0,0,0,0,0
9/26/2011 1:10,0,0,0,0,0,0,0,0,0,0
9/26/2011 1:20,0,0,0,0,0,0,0,0,0,0
9/26/2011 1:30,0,0,0,0,0,0,0,0,0,0
9/26/2011 1:40,0,0,0,0,0,0,0,0,0,0
9/26/2011 1:50,0,0,0,0,0,0,0,0,0,0
9/26/2011 2:00,0,0,0,0,0,0,0,0,0,0
9/26/2011 2:10,0,0,0,0,0,0,0,0,0,0
9/26/2011 2:20,0,0,0,0,0,0,0,0,0,0
9/26/2011 2:30,0,0,0,0,0,0,0,0,0,0
9/26/2011 2:40,0,0,0,0,0,0,0,0,0,0
9/26/2011 2:50,0,0,0,0,0,0,0,0,0,0
9/26/2011 3:00,0,0,0,0,0,0,0,0,0,0
9/26/2011 3:10,0,0,0,0,0,0,0,0,0,0
9/26/2011 3:20,0,0,0,0,0,0,0,0,0,0
9/26/2011 3:30,0,0,0,0,0,0,0,0,0,0
9/26/2011 3:40,0,0,0,0,0,0,0,0,0,0
9/26/2011 3:50,0,0,0,0,0,0,0,0,0,0
9/26/2011 4:00,0,0,0,0,0,0,0,0,0,0
9/26/2011 4:10,0,0,0,0,0,0,0,0,0,0
9/26/2011 4:20,0,0,0,0,0,0,0,0,0,0
9/26/2011 4:30,0,0,0,0,0,0,0,0,0,0
9/26/2011 4:40,0,0,0,0,0,0,0,0,0,0
9/26/2011 4:50,0,0,0,0,0,0,0,0,0,0
9/26/2011 5:00,0,0,0,0,0,0,0,0,0,0
9/26/2011 5:10,0,0,0,0,0,0,0,0,0,0
9/26/2011 5:20,0,0,0,0,0,0,0,0,0,0
9/26/2011 5:30,0.001,0,0,0,0,0,0,0,0,0
9/26/2011 5:40,0.002,0,0,0,0,0,0,0,0,0
9/26/2011 5:50,0.005,0,0.001,0.001,0.001,0.001,0,0,0,0
9/26/2011 6:00,0.01,0,0.001,0.002,0.002,0.002,0,0,0,0
9/26/2011 6:10,0.014,0,0.002,0.002,0.002,0.002,0,0,0,0
9/26/2011 6:20,0.018,0,0.002,0.003,0.003,0.003,0,0,0,0
9/26/2011 6:30,0.023,0,0.003,0.004,0.004,0.003,0,0,0,0
9/26/2011 6:40,0.027,0,0.003,0.004,0.005,0.004,0,0,0,0
9/26/2011 6:50,0.03,0,0.004,0.005,0.005,0.005,0,0,0,0
9/26/2011 7:00,0.034,0,0.004,0.006,0.006,0.005,0,0,0,0
9/26/2011 7:10,0.037,0,0.005,0.007,0.007,0.006,0,0,0,0
9/26/2011 7:20,0.04,0,0.005,0.007,0.007,0.006,0,0,0,0
9/26/2011 7:30,0.043,0,0.006,0.008,0.008,0.007,0,0,0,0
9/26/2011 7:40,0.045,0,0.006,0.009,0.008,0.007,0,0,0,0
9/26/2011 7:50,0.049,0,0.007,0.009,0.01,0.008,0,0,0,0
9/26/2011 8:00,0.054,0,0.007,0.01,0.013,0.012,0,0,0,0
9/26/2011 8:10,0.06,0,0.01,0.01,0.01,0.023,0,0,0,0
9/26/2011 8:20,0.088,0,0.011,0.012,0.01,0.011,0,0.003,0,0
9/26/2011 8:30,0.092,0,0.019,0.011,0.011,0.01,0,0.011,0,0
9/26/2011 8:40,0.077,0,0.054,0.05,0.012,0.01,0,0.019,0,0
9/26/2011 8:50,0.069,0,0.057,0.075,0.013,0.01,0,0.03,0.001,0
9/26/2011 10:50,0.529,0,0.082,0.109,0.108,0.084,0,0.024,0.11,0.128
9/26/2011 11:00,0.533,0,0.082,0.109,0.109,0.084,0,0.002,0.073,0.132
9/26/2011 11:10,0.539,0,0.083,0.11,0.11,0.086,0,0,0.036,0.139
9/26/2011 11:20,0.542,0,0.083,0.111,0.11,0.087,0,0,0.002,0.144
9/26/2011 11:30,0.544,0,0.084,0.111,0.11,0.088,0,0,0,0.155
9/26/2011 11:40,0.544,0,0.084,0.111,0.11,0.089,0,0,0,0.165
9/26/2011 11:50,0.544,0,0.084,0.11,0.11,0.09,0,0,0,0.167
9/26/2011 12:00,0.542,0,0.083,0.11,0.11,0.09,0,0,0,0.167
9/26/2011 12:10,0.538,0,0.083,0.109,0.11,0.09,0,0,0,0.166
9/26/2011 12:20,0.536,0,0.083,0.109,0.109,0.091,0,0,0,0.168
9/26/2011 12:30,0.531,0,0.082,0.108,0.109,0.091,0,0,0,0.181
9/26/2011 12:40,0.524,0,0.082,0.107,0.108,0.091,0,0,0,0.186
9/26/2011 12:50,0.516,0,0.081,0.106,0.106,0.09,0,0,0,0.197
9/26/2011 13:00,0.505,0,0.08,0.104,0.105,0.089,0,0,0,0.197
9/26/2011 13:10,0.495,0,0.078,0.103,0.103,0.088,0,0,0,0.198
9/26/2011 13:20,0.483,0,0.077,0.101,0.101,0.087,0,0,0,0.196
9/26/2011 13:30,0.471,0,0.076,0.099,0.099,0.085,0,0,0,0.194
9/26/2011 13:40,0.457,0,0.073,0.097,0.096,0.083,0,0,0,0.189
9/26/2011 13:50,0.442,0,0.071,0.094,0.094,0.081,0,0,0,0.183
9/26/2011 14:00,0.427,0,0.069,0.092,0.091,0.079,0,0,0,0.178
9/26/2011 14:10,0.41,0,0.067,0.088,0.087,0.076,0,0,0,0.163
9/26/2011 14:20,0.391,0,0.064,0.085,0.083,0.073,0,0,0,0.152
9/26/2011 14:30,0.372,0,0.061,0.081,0.08,0.07,0,0,0,0.141
9/26/2011 14:40,0.353,0,0.058,0.077,0.076,0.067,0,0,0,0.134
9/26/2011 14:50,0.333,0,0.055,0.073,0.071,0.063,0,0,0,0.124
9/26/2011 15:00,0.311,0,0.051,0.068,0.067,0.06,0,0,0,0.114
9/26/2011 15:10,0.29,0,0.048,0.064,0.063,0.056,0,0,0,0.102
9/26/2011 15:20,0.269,0,0.044,0.054,0.058,0.052,0,0,0,0.09
9/26/2011 15:30,0.249,0,0.041,0.054,0.054,0.049,0,0,0,0.079
9/26/2011 15:40,0.226,0,0.023,0.05,0.039,0.045,0,0,0,0.059
9/26/2011 15:50,0.204,0,0.01,0.045,0.013,0.04,0,0,0,0.041
9/26/2011 16:00,0.182,0,0.009,0.036,0.012,0.03,0,0,0,0.03
9/26/2011 16:10,0.161,0,0.008,0.012,0.015,0.01,0,0,0,0.018
9/26/2011 16:20,0.141,0,0.01,0.01,0.026,0.008,0,0,0,0.006
9/26/2011 16:30,0.121,0,0.015,0.009,0.025,0.008,0,0,0,0
9/26/2011 16:40,0.1,0,0.01,0.008,0.017,0.007,0,0,0,0
9/26/2011 16:50,0.066,0,0.005,0.007,0.008,0.006,0,0,0,0
9/26/2011 17:00,0.036,0,0.004,0.006,0.005,0.005,0,0,0,0
9/26/2011 17:10,0.027,0,0.003,0.004,0.004,0.004,0,0,0,0
9/26/2011 17:20,0.019,0,0.002,0.003,0.003,0.003,0,0,0,0
9/26/2011 17:30,0.012,0,0.001,0.002,0.002,0.002,0,0,0,0
9/26/2011 17:40,0.005,0,0.001,0.001,0.001,0.001,0,0,0,0
9/26/2011 17:50,0.002,0,0,0,0,0,0,0,0,0
9/26/2011 18:00,0.001,0,0,0,0,0,0,0,0,0
9/26/2011 18:10,0,0,0,0,0,0,0,0,0,0
9/26/2011 18:20,0,0,0,0,0,0,0,0,0,0
9/26/2011 18:30,0,0,0,0,0,0,0,0,0,0
9/26/2011 18:40,0,0,0,0,0,0,0,0,0,0
9/26/2011 18:50,0,0,0,0,0,0,0,0,0,0
9/26/2011 19:00,0,0,0,0,0,0,0,0,0,0
9/26/2011 19:10,0,0,0,0,0,0,0,0,0,0
9/26/2011 19:20,0,0,0,0,0,0,0,0,0,0
9/26/2011 19:30,0,0,0,0,0,0,0,0,0,0
9/26/2011 19:40,0,0,0,0,0,0,0,0,0,0
9/26/2011 19:50,0,0,0,0,0,0,0,0,0,0
9/26/2011 20:00,0,0,0,0,0,0,0,0,0,0
9/26/2011 20:10,0,0,0,0,0,0,0,0,0,0
9/26/2011 20:20,0,0,0,0,0,0,0,0,0,0
9/26/2011 20:30,0,0,0,0,0,0,0,0,0,0
9/26/2011 20:40,0,0,0,0,0,0,0,0,0,0
9/26/2011 20:50,0,0,0,0,0,0,0,0,0,0
9/26/2011 21:00,0,0,0,0,0,0,0,0,0,0
9/26/2011 21:10,0,0,0,0,0,0,0,0,0,0
9/26/2011 21:20,0,0,0,0,0,0,0,0,0,0
9/26/2011 21:30,0,0,0,0,0,0,0,0,0,0
9/26/2011 21:40,0,0,0,0,0,0,0,0,0,0
9/26/2011 21:50,0,0,0,0,0,0,0,0,0,0
9/26/2011 22:00,0,0,0,0,0,0,0,0,0,0
9/26/2011 22:10,0,0,0,0,0,0,0,0,0,0
9/26/2011 22:20,0,0,0,0,0,0,0,0,0,0
9/26/2011 22:30,0,0,0,0,0,0,0,0,0,0
9/26/2011 22:40,0,0,0,0,0,0,0,0,0,0
9/26/2011 22:50,0,0,0,0,0,0,0,0,0,0
9/26/2011 23:00,0,0,0,0,0,0,0,0,0,0
9/26/2011 23:10,0,0,0,0,0,0,0,0,0,0
9/26/2011 23:20,0,0,0,0,0,0,0,0,0,0
9/26/2011 23:30,0,0,0,0,0,0,0,0,0,0
9/26/2011 23:40,0,0,0,0,0,0,0,0,0,0
9/26/2011 23:50,0,0,0,0,0,0,0,0,0,0
9/27/2011 0:00,0,0,0,0,0,0,0,0,0,0
9/27/2011 0:10,0,0,0,0,0,0,0,0,0,0
9/27/2011 0:20,0,0,0,0,0,0,0,0,0,0
9/27/2011 0:30,0,0,0,0,0,0,0,0,0,0
9/27/2011 0:40,0,0,0,0,0,0,0,0,0,0
9/27/2011 0:50,0,0,0,0,0,0,0,0,0,0
9/27/2011 1:00,0,0,0,0,0,0,0,0,0,0
9/27/2011 1:10,0,0,0,0,0,0,0,0,0,0
9/27/2011 1:20,0,0,0,0,0,0,0,0,0,0
9/27/2011 1:30,0,0,0,0,0,0,0,0,0,0
9/27/2011 1:40,0,0,0,0,0,0,0,0,0,0
9/27/2011 1:50,0,0,0,0,0,0,0,0,0,0
9/27/2011 2:00,0,0,0,0,0,0,0,0,0,0
9/27/2011 2:10,0,0,0,0,0,0,0,0,0,0
9/27/2011 2:20,0,0,0,0,0,0,0,0,0,0
9/27/2011 2:30,0,0,0,0,0,0,0,0,0,0
9/27/2011 2:40,0,0,0,0,0,0,0,0,0,0
9/27/2011 2:50,0,0,0,0,0,0,0,0,0,0
9/27/2011 3:00,0,0,0,0,0,0,0,0,0,0
9/27/2011 3:10,0,0,0,0,0,0,0,0,0,0
9/27/2011 3:20,0,0,0,0,0,0,0,0,0,0
9/27/2011 3:30,0,0,0,0,0,0,0,0,0,0
9/27/2011 3:40,0,0,0,0,0,0,0,0,0,0
9/27/2011 3:50,0,0,0,0,0,0,0,0,0,0
9/27/2011 4:00,0,0,0,0,0,0,0,0,0,0
9/27/2011 4:10,0,0,0,0,0,0,0,0,0,0
9/27/2011 4:20,0,0,0,0,0,0,0,0,0,0
9/27/2011 4:30,0,0,0,0,0,0,0,0,0,0
9/27/2011 4:40,0,0,0,0,0,0,0,0,0,0
9/27/2011 4:50,0,0,0,0,0,0,0,0,0,0
9/27/2011 5:00,0,0,0,0,0,0,0,0,0,0
9/27/2011 5:10,0,0,0,0,0,0,0,0,0,0
9/27/2011 5:20,0,0,0,0,0,0,0,0,0,0
9/27/2011 5:30,0.001,0,0,0,0,0,0,0,0,0
9/27/2011 5:40,0.002,0,0,0,0,0,0,0,0,0
9/27/2011 5:50,0.005,0,0.001,0.001,0.001,0.001,0,0,0,0
9/27/2011 6:00,0.009,0,0.001,0.002,0.002,0.001,0,0,0,0
9/27/2011 6:10,0.014,0,0.002,0.002,0.002,0.002,0,0,0,0
9/27/2011 6:20,0.019,0,0.002,0.003,0.003,0.003,0,0,0,0
9/27/2011 6:30,0.023,0,0.003,0.004,0.004,0.003,0,0,0,0
9/27/2011 6:40,0.027,0,0.004,0.005,0.005,0.004,0,0,0,0
9/27/2011 6:50,0.031,0,0.004,0.005,0.006,0.005,0,0,0,0
9/27/2011 7:00,0.035,0,0.005,0.006,0.006,0.005,0,0,0,0
9/27/2011 7:10,0.038,0,0.005,0.007,0.007,0.006,0,0,0,0
9/27/2011 7:20,0.041,0,0.006,0.007,0.007,0.006,0,0,0,0
9/27/2011 7:30,0.043,0,0.006,0.008,0.008,0.007,0,0,0,0
9/27/2011 7:40,0.046,0,0.006,0.009,0.009,0.008,0,0,0,0
9/27/2011 7:50,0.05,0,0.007,0.009,0.01,0.008,0,0,0.004,0
9/27/2011 8:00,0.057,0,0.007,0.01,0.016,0.012,0,0.002,0.004,0
9/27/2011 8:10,0.059,0,0.01,0.01,0.01,0.021,0,0.018,0.001,0
9/27/2011 8:20,0.063,0,0.011,0.011,0.011,0.01,0,0.034,0.003,0
9/27/2011 8:30,0.086,0,0.017,0.011,0.011,0.009,0,0.045,0.001,0
9/27/2011 8:40,0.077,0,0.052,0.036,0.012,0.01,0,0.05,0.002,0.001
9/27/2011 8:50,0.064,0,0.056,0.071,0.012,0.01,0,0.052,0.005,0
9/27/2011 9:00,0.066,0,0.059,0.078,0.021,0.012,0,0.052,0.007,0.003
9/27/2011 9:10,0.069,0,0.062,0.082,0.08,0.011,0,0.052,0.007,0.014
9/27/2011 9:20,0.072,0,0.065,0.086,0.085,0.016,0,0.052,0.017,0.021
9/27/2011 9:30,0.076,0,0.068,0.09,0.089,0.06,0,0.05,0.022,0.036
9/27/2011 9:40,0.078,0,0.07,0.093,0.092,0.066,0,0.046,0.029,0.047
9/27/2011 9:50,0.211,0,0.073,0.097,0.096,0.069,0,0.042,0.041,0.126
9/27/2011 10:00,0.469,0,0.075,0.1,0.1,0.072,0,0.038,0.051,0.267
9/27/2011 10:10,0.49,0,0.076,0.102,0.101,0.074,0,0.035,0.06,0.262
9/27/2011 10:20,0.502,0,0.078,0.104,0.104,0.077,0,0.033,0.073,0.243
9/27/2011 10:30,0.512,0,0.079,0.106,0.105,0.079,0,0.03,0.091,0.211
9/27/2011 10:40,0.52,0,0.08,0.108,0.107,0.081,0,0.027,0.107,0.19
9/27/2011 10:50,0.529,0,0.082,0.109,0.108,0.083,0,0.028,0.124,0.172
9/27/2011 11:00,0.532,0,0.082,0.109,0.109,0.084,0,0.031,0.141,0.138
9/27/2011 11:10,0.531,0,0.082,0.108,0.108,0.085,0,0.02,0.135,0.119
9/27/2011 11:20,0.529,0,0.081,0.108,0.108,0.085,0,0.001,0.099,0.107
9/27/2011 11:30,0.536,0,0.082,0.109,0.109,0.087,0,0,0.065,0.12
9/27/2011 11:40,0.533,0,0.082,0.108,0.108,0.087,0,0,0.009,0.143
9/27/2011 11:50,0.534,0,0.082,0.108,0.109,0.088,0,0,0,0.164
9/27/2011 12:00,0.532,0,0.082,0.108,0.108,0.089,0,0,0,0.179
9/27/2011 12:10,0.531,0,0.082,0.108,0.109,0.089,0,0,0,0.192
9/27/2011 12:20,0.532,0,0.082,0.108,0.109,0.09,0,0,0,0.198
9/27/2011 12:30,0.524,0,0.081,0.107,0.108,0.09,0,0,0,0.209
9/27/2011 12:40,0.517,0,0.08,0.106,0.107,0.09,0,0,0,0.214
9/27/2011 12:50,0.51,0,0.08,0.105,0.105,0.089,0,0,0,0.212
9/27/2011 13:00,0.492,0,0.077,0.102,0.102,0.087,0,0,0,0.207
9/27/2011 13:10,0.471,0,0.075,0.098,0.099,0.084,0,0,0,0.2
9/27/2011 13:20,0.468,0,0.074,0.098,0.098,0.084,0,0,0,0.195
9/27/2011 13:30,0.46,0,0.073,0.097,0.097,0.083,0,0,0,0.193
9/27/2011 13:40,0.452,0,0.072,0.096,0.096,0.082,0,0,0,0.193
9/27/2011 13:50,0.439,0,0.071,0.094,0.093,0.081,0,0,0,0.187
9/27/2011 14:00,0.419,0,0.068,0.09,0.089,0.077,0,0,0,0.178
9/27/2011 14:10,0.388,0,0.063,0.083,0.083,0.072,0,0,0,0.164
9/27/2011 14:20,0.383,0,0.062,0.083,0.082,0.072,0,0,0,0.162
9/27/2011 14:30,0.369,0,0.06,0.08,0.079,0.069,0,0,0,0.153
9/27/2011 14:40,0.335,0,0.054,0.072,0.072,0.063,0,0,0,0.137
9/27/2011 14:50,0.315,0,0.051,0.068,0.068,0.06,0,0,0,0.124
9/27/2011 15:00,0.292,0,0.048,0.064,0.063,0.056,0,0,0,0.11
9/27/2011 15:10,0.279,0,0.046,0.061,0.061,0.054,0,0,0,0.1
9/27/2011 15:20,0.268,0,0.044,0.047,0.059,0.053,0,0,0,0.09
9/27/2011 15:30,0.246,0,0.041,0.053,0.054,0.049,0,0,0,0.077
9/27/2011 15:40,0.226,0,0.023,0.05,0.036,0.045,0,0,0,0.058
9/27/2011 15:50,0.208,0,0.009,0.046,0.013,0.042,0,0,0,0.038
9/27/2011 16:00,0.188,0,0.008,0.036,0.012,0.032,0,0,0,0.025
9/27/2011 16:10,0.167,0,0.008,0.013,0.014,0.011,0,0,0,0.011
9/27/2011 16:20,0.144,0,0.009,0.01,0.023,0.008,0,0,0,0
9/27/2011 16:30,0.122,0,0.012,0.009,0.026,0.008,0,0,0,0
9/27/2011 16:40,0.1,0,0.009,0.008,0.019,0.007,0,0,0,0
9/27/2011 16:50,0.062,0,0.005,0.007,0.008,0.006,0,0,0,0
9/27/2011 17:00,0.035,0,0.004,0.006,0.005,0.005,0,0,0,0
9/27/2011 17:10,0.024,0,0.003,0.004,0.004,0.003,0,0,0,0
9/27/2011 17:20,0.014,0,0.002,0.002,0.002,0.002,0,0,0,0
9/27/2011 17:30,0.008,0,0.001,0.001,0.001,0.001,0,0,0,0
9/27/2011 17:40,0.004,0,0,0.001,0.001,0.001,0,0,0,0
9/27/2011 17:50,0.001,0,0,0,0,0,0,0,0,0
9/27/2011 18:00,0,0,0,0,0,0,0,0,0,0
9/27/2011 18:10,0,0,0,0,0,0,0,0,0,0
9/27/2011 18:20,0,0,0,0,0,0,0,0,0,0
9/27/2011 18:30,0,0,0,0,0,0,0,0,0,0
9/27/2011 18:40,0,0,0,0,0,0,0,0,0,0
9/27/2011 18:50,0,0,0,0,0,0,0,0,0,0
9/27/2011 19:00,0,0,0,0,0,0,0,0,0,0
9/27/2011 19:10,0,0,0,0,0,0,0,0,0,0
9/27/2011 19:20,0,0,0,0,0,0,0,0,0,0
9/27/2011 19:30,0,0,0,0,0,0,0,0,0,0
9/27/2011 19:40,0,0,0,0,0,0,0,0,0,0
9/27/2011 19:50,0,0,0,0,0,0,0,0,0,0
9/27/2011 20:00,0,0,0,0,0,0,0,0,0,0
9/27/2011 20:10,0,0,0,0,0,0,0,0,0,0
9/27/2011 20:20,0,0,0,0,0,0,0,0,0,0
9/27/2011 20:30,0,0,0,0,0,0,0,0,0,0
9/27/2011 20:40,0,0,0,0,0,0,0,0,0,0
9/27/2011 20:50,0,0,0,0,0,0,0,0,0,0
9/27/2011 21:00,0,0,0,0,0,0,0,0,0,0
9/27/2011 21:10,0,0,0,0,0,0,0,0,0,0
9/27/2011 21:20,0,0,0,0,0,0,0,0,0,0
9/27/2011 21:30,0,0,0,0,0,0,0,0,0,0
9/27/2011 21:40,0,0,0,0,0,0,0,0,0,0
9/27/2011 21:50,0,0,0,0,0,0,0,0,0,0
9/27/2011 22:00,0,0,0,0,0,0,0,0,0,0
9/27/2011 22:10,0,0,0,0,0,0,0,0,0,0
9/27/2011 22:20,0,0,0,0,0,0,0,0,0,0
9/27/2011 22:30,0,0,0,0,0,0,0,0,0,0
9/27/2011 22:40,0,0,0,0,0,0,0,0,0,0
9/27/2011 22:50,0,0,0,0,0,0,0,0,0,0
9/27/2011 23:00,0,0,0,0,0,0,0,0,0,0
9/27/2011 23:10,0,0,0,0,0,0,0,0,0,0
9/27/2011 23:20,0,0,0,0,0,0,0,0,0,0
9/27/2011 23:30,0,0,0,0,0,0,0,0,0,0
9/27/2011 23:40,0,0,0,0,0,0,0,0,0,0
9/27/2011 23:50,0,0,0,0,0,0,0,0,0,0
9/28/2011 0:00,0,0,0,0,0,0,0,0,0,0
9/28/2011 0:10,0,0,0,0,0,0,0,0,0,0
9/28/2011 0:20,0,0,0,0,0,0,0,0,0,0
9/28/2011 0:30,0,0,0,0,0,0,0,0,0,0
9/28/2011 0:40,0,0,0,0,0,0,0,0,0,0
9/28/2011 0:50,0,0,0,0,0,0,0,0,0,0
9/28/2011 1:00,0,0,0,0,0,0,0,0,0,0
9/28/2011 1:10,0,0,0,0,0,0,0,0,0,0
9/28/2011 1:20,0,0,0,0,0,0,0,0,0,0
9/28/2011 1:30,0,0,0,0,0,0,0,0,0,0
9/28/2011 1:40,0,0,0,0,0,0,0,0,0,0
9/28/2011 1:50,0,0,0,0,0,0,0,0,0,0
9/28/2011 2:00,0,0,0,0,0,0,0,0,0,0
9/28/2011 2:10,0,0,0,0,0,0,0,0,0,0
9/28/2011 2:20,0,0,0,0,0,0,0,0,0,0
9/28/2011 2:30,0,0,0,0,0,0,0,0,0,0
9/28/2011 2:40,0,0,0,0,0,0,0,0,0,0
9/28/2011 2:50,0,0,0,0,0,0,0,0,0,0
9/28/2011 3:00,0,0,0,0,0,0,0,0,0,0
9/28/2011 3:10,0,0,0,0,0,0,0,0,0,0
9/28/2011 3:20,0,0,0,0,0,0,0,0,0,0
9/28/2011 3:30,0,0,0,0,0,0,0,0,0,0
9/28/2011 3:40,0,0,0,0,0,0,0,0,0,0
9/28/2011 3:50,0,0,0,0,0,0,0,0,0,0
9/28/2011 4:00,0,0,0,0,0,0,0,0,0,0
9/28/2011 4:10,0,0,0,0,0,0,0,0,0,0
9/28/2011 4:20,0,0,0,0,0,0,0,0.007,0.009,0
9/28/2011 4:30,0,0,0,0,0,0,0,0.028,0.026,0
9/28/2011 4:40,0,0,0,0,0,0,0,0.039,0.043,0
9/28/2011 4:50,0,0,0,0,0,0,0,0.043,0.053,0
9/28/2011 5:00,0,0,0,0,0,0,0,0.043,0.056,0
9/28/2011 5:10,0,0,0,0,0,0,0,0.044,0.063,0
9/28/2011 5:20,0,0,0,0,0,0,0,0.042,0.065,0
9/28/2011 5:30,0,0,0,0,0,0,0,0.043,0.066,0
9/28/2011 5:40,0.002,0,0,0,0,0,0,0.042,0.069,0
9/28/2011 5:50,0.004,0,0.001,0.001,0.001,0.001,0,0.042,0.072,0
9/28/2011 6:00,0.009,0,0.001,0.002,0.002,0.001,0,0.041,0.069,0
9/28/2011 6:10,0.015,0,0.002,0.002,0.003,0.002,0,0.04,0.064,0
9/28/2011 6:20,0.022,0,0.003,0.004,0.004,0.003,0,0.038,0.065,0
9/28/2011 6:30,0.028,0,0.004,0.005,0.005,0.004,0,0.036,0.066,0
9/28/2011 6:40,0.035,0,0.004,0.006,0.006,0.005,0,0.033,0.065,0
9/28/2011 6:50,0.043,0,0.006,0.007,0.008,0.006,0,0.032,0.063,0
9/28/2011 7:00,0.05,0,0.007,0.009,0.009,0.007,0,0.03,0.059,0
9/28/2011 7:10,0.055,0,0.007,0.01,0.01,0.008,0,0.029,0.055,0
9/28/2011 7:20,0.063,0,0.008,0.011,0.012,0.01,0,0.028,0.052,0
9/28/2011 7:30,0.072,0,0.01,0.013,0.013,0.011,0,0.027,0.048,0
9/28/2011 7:40,0.079,0,0.011,0.014,0.015,0.013,0,0.025,0.045,0.002
9/28/2011 7:50,0.093,0,0.013,0.017,0.018,0.015,0,0.024,0.046,0.005
9/28/2011 8:00,0.147,0,0.02,0.026,0.029,0.024,0,0.023,0.047,0.036
9/28/2011 8:10,0.135,0,0.019,0.025,0.026,0.022,0,0.022,0.05,0.028
9/28/2011 8:20,0.133,0,0.02,0.025,0.026,0.021,0,0.02,0.058,0.012
9/28/2011 8:30,0.165,0,0.026,0.025,0.025,0.021,0,0.018,0.064,0.022
9/28/2011 8:40,0.133,0,0.041,0.03,0.026,0.021,0,0.015,0.072,0.002
9/28/2011 8:50,0.129,0,0.046,0.057,0.026,0.021,0,0.011,0.079,0
9/28/2011 9:00,0.138,0,0.046,0.06,0.034,0.024,0,0.008,0.088,0
9/28/2011 9:10,0.174,0,0.053,0.069,0.07,0.029,0,0.006,0.097,0.007
9/28/2011 9:20,0.205,0,0.037,0.049,0.049,0.034,0,0.005,0.105,0.01
9/28/2011 9:30,0.233,0,0.055,0.072,0.072,0.055,0,0.007,0.118,0.021
9/28/2011 9:40,0.242,0,0.048,0.064,0.064,0.05,0,0.008,0.128,0.02
9/28/2011 9:50,0.196,0,0.059,0.078,0.078,0.058,0,0.01,0.143,0.003
9/28/2011 10:00,0.396,0,0.065,0.086,0.086,0.065,0,0.067,0.236,0.074
9/28/2011 10:10,0.449,0,0.07,0.093,0.093,0.071,0,0.065,0.242,0.098
9/28/2011 10:20,0.415,0,0.063,0.084,0.085,0.065,0,0.062,0.239,0.065
9/28/2011 10:30,0.467,0,0.072,0.096,0.097,0.074,0,0.062,0.224,0.076
9/28/2011 10:40,0.477,0,0.073,0.098,0.098,0.076,0,0.045,0.21,0.077
9/28/2011 10:50,0.425,0,0.068,0.089,0.089,0.068,0,0.016,0.191,0.062
9/28/2011 11:00,0.498,0,0.076,0.101,0.102,0.08,0,0,0.159,0.098
9/28/2011 11:10,0.495,0,0.077,0.102,0.103,0.081,0,0,0.12,0.111
9/28/2011 11:20,0.352,0,0.053,0.071,0.071,0.057,0,0,0.075,0.071
9/28/2011 11:30,0.494,0,0.075,0.1,0.1,0.08,0,0,0.03,0.147
9/28/2011 11:40,0.284,0,0.037,0.051,0.052,0.045,0,0,0.001,0.033
9/28/2011 11:50,0.397,0,0.056,0.076,0.077,0.064,0,0,0,0.122
9/28/2011 12:00,0.517,0,0.074,0.099,0.1,0.083,0,0,0,0.17
9/28/2011 12:10,0.464,0,0.068,0.091,0.092,0.077,0,0,0,0.131
9/28/2011 12:20,0.557,0,0.085,0.112,0.113,0.094,0,0,0,0.205
9/28/2011 12:30,0.387,0,0.057,0.076,0.077,0.065,0,0,0,0.141
9/28/2011 12:40,0.472,0,0.071,0.094,0.095,0.081,0,0,0,0.191
9/28/2011 12:50,0.393,0,0.06,0.079,0.079,0.067,0,0,0,0.161
9/28/2011 13:00,0.539,0,0.082,0.109,0.11,0.094,0,0,0,0.206
9/28/2011 13:10,0.386,0,0.058,0.077,0.078,0.067,0,0,0,0.158
9/28/2011 13:20,0.338,0,0.052,0.069,0.07,0.06,0,0,0,0.131
9/28/2011 13:30,0.515,0,0.08,0.105,0.106,0.092,0,0,0,0.216
9/28/2011 13:40,0.328,0,0.052,0.068,0.068,0.058,0,0,0,0.153
9/28/2011 13:50,0.405,0,0.063,0.083,0.083,0.073,0,0,0,0.169
9/28/2011 14:00,0.317,0,0.05,0.067,0.067,0.059,0,0,0,0.135
9/28/2011 14:10,0.387,0,0.06,0.08,0.08,0.07,0,0,0,0.149
9/28/2011 14:20,0.368,0,0.058,0.077,0.076,0.067,0,0,0,0.17
9/28/2011 14:30,0.183,0,0.028,0.038,0.038,0.033,0,0,0,0.072
9/28/2011 14:40,0.331,0,0.054,0.071,0.071,0.063,0,0,0,0.138
9/28/2011 14:50,0.32,0,0.052,0.07,0.069,0.062,0,0,0,0.13
9/28/2011 15:00,0.308,0,0.051,0.067,0.067,0.06,0,0,0,0.123
9/28/2011 15:10,0.287,0,0.047,0.063,0.063,0.056,0,0,0,0.111
9/28/2011 15:20,0.271,0,0.045,0.044,0.059,0.054,0,0,0,0.101
9/28/2011 15:30,0.243,0,0.04,0.05,0.053,0.048,0,0,0,0.086
9/28/2011 15:40,0.22,0,0.024,0.046,0.034,0.044,0,0,0,0.069
9/28/2011 15:50,0.204,0,0.01,0.045,0.014,0.041,0,0,0,0.053
9/28/2011 16:00,0.16,0,0.008,0.029,0.011,0.027,0,0,0,0.032
9/28/2011 16:10,0.142,0,0.007,0.011,0.01,0.008,0,0,0,0.019
9/28/2011 16:20,0.139,0,0.006,0.009,0.018,0.007,0,0,0,0.007
9/28/2011 16:30,0.125,0,0.01,0.008,0.024,0.007,0,0,0,0
9/28/2011 16:40,0.104,0,0.008,0.006,0.021,0.005,0,0,0,0
9/28/2011 16:50,0.05,0,0.004,0.005,0.009,0.005,0,0,0,0
9/28/2011 17:00,0.029,0,0.003,0.004,0.004,0.004,0,0,0,0
9/28/2011 17:10,0.021,0,0.002,0.003,0.003,0.003,0,0,0,0
9/28/2011 17:20,0.013,0,0.002,0.002,0.002,0.002,0,0,0,0
9/28/2011 17:30,0.007,0,0.001,0.001,0.001,0.001,0,0,0,0
9/28/2011 17:40,0.003,0,0,0.001,0.001,0.001,0,0,0,0
9/28/2011 17:50,0.002,0,0,0,0,0,0,0,0,0
9/28/2011 18:00,0,0,0,0,0,0,0,0,0,0
9/28/2011 18:10,0,0,0,0,0,0,0,0,0,0
9/28/2011 18:20,0,0,0,0,0,0,0,0,0,0
9/28/2011 18:30,0,0,0,0,0,0,0,0,0,0
9/28/2011 18:40,0,0,0,0,0,0,0,0,0,0
9/28/2011 18:50,0,0,0,0,0,0,0,0,0,0
9/28/2011 19:00,0,0,0,0,0,0,0,0,0,0
9/28/2011 19:10,0,0,0,0,0,0,0,0,0,0
9/28/2011 19:20,0,0,0,0,0,0,0,0,0,0
9/28/2011 19:30,0,0,0,0,0,0,0,0,0,0
9/28/2011 19:40,0,0,0,0,0,0,0,0,0,0
9/28/2011 19:50,0,0,0,0,0,0,0,0,0,0
9/28/2011 20:00,0,0,0,0,0,0,0,0,0,0
9/28/2011 20:10,0,0,0,0,0,0,0,0,0,0
9/28/2011 20:20,0,0,0,0,0,0,0,0,0,0
9/28/2011 20:30,0,0,0,0,0,0,0,0,0,0
9/28/2011 20:40,0,0,0,0,0,0,0,0,0,0
9/28/2011 20:50,0,0,0,0,0,0,0,0,0,0
9/28/2011 21:00,0,0,0,0,0,0,0,0,0,0
9/28/2011 21:10,0,0,0,0,0,0,0,0,0,0
9/28/2011 21:20,0,0,0,0,0,0,0,0,0,0
9/28/2011 21:30,0,0,0,0,0,0,0,0,0,0
9/28/2011 21:40,0,0,0,0,0,0,0,0,0,0
9/28/2011 21:50,0,0,0,0,0,0,0,0,0,0
9/28/2011 22:00,0,0,0,0,0,0,0,0,0,0
9/28/2011 22:10,0,0,0,0,0,0,0,0,0,0
9/28/2011 22:20,0,0,0,0,0,0,0,0,0,0
9/28/2011 22:30,0,0,0,0,0,0,0,0,0,0
9/28/2011 22:40,0,0,0,0,0,0,0,0,0,0
9/28/2011 22:50,0,0,0,0,0,0,0,0,0,0
9/28/2011 23:00,0,0,0,0,0,0,0,0,0,0
9/28/2011 23:10,0,0,0,0,0,0,0,0,0,0
9/28/2011 23:20,0,0,0,0,0,0,0,0,0,0
9/28/2011 23:30,0,0,0,0,0,0,0,0,0,0
9/28/2011 23:40,0,0,0,0,0,0,0,0,0,0
9/28/2011 23:50,0,0,0,0,0,0,0,0,0,0
9/29/2011 0:00,0,0,0,0,0,0,0,0,0,0
9/29/2011 0:10,0,0,0,0,0,0,0,0,0,0
9/29/2011 0:20,0,0,0,0,0,0,0,0,0,0
9/29/2011 0:30,0,0,0,0,0,0,0,0,0,0
9/29/2011 0:40,0,0,0,0,0,0,0,0,0,0
9/29/2011 0:50,0,0,0,0,0,0,0,0,0,0
9/29/2011 1:00,0,0,0,0,0,0,0,0,0,0
9/29/2011 1:10,0,0,0,0,0,0,0,0,0,0
9/29/2011 1:20,0,0,0,0,0,0,0,0,0,0
9/29/2011 1:30,0,0,0,0,0,0,0,0,0,0
9/29/2011 1:40,0,0,0,0,0,0,0,0,0,0
9/29/2011 1:50,0,0,0,0,0,0,0,0,0,0
9/29/2011 2:00,0,0,0,0,0,0,0,0,0,0
9/29/2011 2:10,0,0,0,0,0,0,0,0,0,0
9/29/2011 2:20,0,0,0,0,0,0,0,0,0,0
9/29/2011 2:30,0,0,0,0,0,0,0,0,0,0
9/29/2011 2:40,0,0,0,0,0,0,0,0,0,0
9/29/2011 2:50,0,0,0,0,0,0,0,0,0,0
9/29/2011 3:00,0,0,0,0,0,0,0,0,0,0
9/29/2011 3:10,0,0,0,0,0,0,0,0,0,0
9/29/2011 3:20,0,0,0,0,0,0,0,0,0,0
9/29/2011 3:30,0,0,0,0,0,0,0,0,0,0
9/29/2011 3:40,0,0,0,0,0,0,0,0,0,0
9/29/2011 3:50,0,0,0,0,0,0,0,0,0,0
9/29/2011 4:00,0,0,0,0,0,0,0,0,0,0
9/29/2011 4:10,0,0,0,0,0,0,0,0,0,0
9/29/2011 4:20,0,0,0,0,0,0,0,0,0,0
9/29/2011 4:30,0,0,0,0,0,0,0,0,0,0
9/29/2011 4:40,0,0,0,0,0,0,0,0,0,0
9/29/2011 4:50,0,0,0,0,0,0,0,0,0,0
9/29/2011 5:00,0,0,0,0,0,0,0,0,0,0
9/29/2011 5:10,0,0,0,0,0,0,0,0,0,0
9/29/2011 5:20,0,0,0,0,0,0,0,0,0,0
9/29/2011 5:30,0,0,0,0,0,0,0,0,0,0
9/29/2011 5:40,0.001,0,0,0,0,0,0,0,0,0
9/29/2011 5:50,0.003,0,0,0.001,0.001,0,0,0,0,0
9/29/2011 6:00,0.009,0,0.001,0.002,0.002,0.001,0,0,0,0
9/29/2011 6:10,0.017,0,0.002,0.003,0.003,0.002,0,0.002,0.002,0
9/29/2011 6:20,0.027,0,0.003,0.004,0.005,0.004,0,0,0.002,0
9/29/2011 6:30,0.037,0,0.005,0.006,0.007,0.006,0,0.006,0.008,0
9/29/2011 6:40,0.04,0,0.005,0.007,0.007,0.006,0,0.005,0.01,0
9/29/2011 6:50,0.038,0,0.005,0.007,0.007,0.006,0,0.01,0.015,0
9/29/2011 7:00,0.043,0,0.006,0.007,0.008,0.007,0,0.015,0.019,0
9/29/2011 7:10,0.049,0,0.007,0.009,0.009,0.008,0,0.021,0.024,0
9/29/2011 7:20,0.052,0,0.007,0.01,0.01,0.008,0,0.033,0.034,0
9/29/2011 7:30,0.045,0,0.006,0.008,0.009,0.007,0,0.042,0.041,0
9/29/2011 7:40,0.039,0,0.005,0.007,0.007,0.007,0,0.055,0.051,0
9/29/2011 7:50,0.047,0,0.007,0.009,0.009,0.008,0,0.062,0.06,0
9/29/2011 8:00,0.076,0,0.009,0.011,0.014,0.014,0,0.062,0.065,0
9/29/2011 8:10,0.091,0,0.011,0.014,0.014,0.015,0,0.059,0.066,0
9/29/2011 8:20,0.111,0,0.015,0.018,0.018,0.016,0,0.057,0.067,0
9/29/2011 8:30,0.147,0,0.018,0.022,0.022,0.018,0,0.049,0.063,0
9/29/2011 8:40,0.121,0,0.018,0.023,0.023,0.019,0,0.029,0.048,0
9/29/2011 8:50,0.144,0,0.024,0.03,0.028,0.024,0,0.003,0.027,0
9/29/2011 9:00,0.168,0,0.029,0.038,0.033,0.028,0,0,0.004,0
9/29/2011 9:10,0.152,0,0.023,0.03,0.031,0.025,0,0,0,0
9/29/2011 9:20,0.135,0,0.033,0.043,0.044,0.026,0,0,0,0
9/29/2011 9:30,0.121,0,0.041,0.053,0.055,0.039,0,0,0,0
9/29/2011 9:40,0.131,0,0.065,0.085,0.086,0.063,0,0,0,0
9/29/2011 12:20,0.52,0,0.081,0.106,0.108,0.09,0,0,0,0.133
9/29/2011 12:30,0.524,0,0.082,0.107,0.109,0.092,0,0,0,0.117
9/29/2011 12:40,0.521,0,0.082,0.107,0.109,0.093,0,0,0,0.114
9/29/2011 12:50,0.515,0,0.081,0.106,0.108,0.092,0,0,0,0.111
9/29/2011 13:00,0.488,0,0.077,0.101,0.103,0.088,0,0,0,0.102
9/29/2011 13:10,0.481,0,0.077,0.101,0.102,0.088,0,0,0,0.1
9/29/2011 13:20,0.47,0,0.076,0.099,0.1,0.087,0,0,0,0.097
9/29/2011 13:30,0.461,0,0.075,0.098,0.099,0.086,0,0,0,0.094
9/29/2011 13:40,0.45,0,0.073,0.096,0.097,0.085,0,0,0,0.091
9/29/2011 13:50,0.433,0,0.071,0.094,0.094,0.082,0,0,0,0.084
9/29/2011 14:00,0.42,0,0.069,0.091,0.091,0.08,0,0,0,0.078
9/29/2011 14:10,0.406,0,0.067,0.089,0.088,0.078,0,0,0,0.072
9/29/2011 14:20,0.388,0,0.064,0.085,0.085,0.075,0,0,0,0.063
9/29/2011 14:30,0.358,0,0.06,0.079,0.079,0.07,0,0,0,0.049
9/29/2011 14:40,0.338,0,0.057,0.075,0.074,0.067,0,0,0,0.037
9/29/2011 14:50,0.317,0,0.053,0.071,0.07,0.063,0,0,0,0.024
9/29/2011 15:00,0.305,0,0.052,0.069,0.068,0.061,0,0,0,0.016
9/29/2011 15:10,0.285,0,0.049,0.065,0.064,0.058,0,0,0,0.004
9/29/2011 15:20,0.264,0,0.045,0.044,0.06,0.054,0,0,0,0
9/29/2011 15:30,0.243,0,0.042,0.041,0.055,0.05,0,0,0,0
9/29/2011 15:40,0.224,0,0.024,0.035,0.033,0.047,0,0,0,0
9/29/2011 15:50,0.205,0,0.008,0.047,0.011,0.043,0,0,0,0
9/29/2011 16:00,0.185,0,0.008,0.032,0.011,0.029,0,0,0,0
9/29/2011 16:10,0.162,0,0.008,0.012,0.011,0.009,0,0,0,0
9/29/2011 16:20,0.144,0,0.008,0.01,0.015,0.009,0,0,0,0
9/29/2011 16:30,0.123,0,0.01,0.009,0.015,0.009,0,0,0,0
9/29/2011 16:40,0.1,0,0.006,0.007,0.018,0.006,0,0,0,0
9/29/2011 16:50,0.056,0,0.004,0.006,0.01,0.005,0,0,0,0
9/29/2011 17:00,0.034,0,0.004,0.005,0.005,0.004,0,0,0,0
9/29/2011 17:10,0.026,0,0.003,0.004,0.004,0.003,0,0,0,0
9/29/2011 17:20,0.019,0,0.002,0.003,0.003,0.002,0,0,0,0
9/29/2011 17:30,0.01,0,0.001,0.002,0.002,0.001,0,0,0,0
9/29/2011 17:40,0.004,0,0.001,0.001,0.001,0.001,0,0,0,0
9/29/2011 17:50,0.001,0,0,0,0,0,0,0,0,0
9/29/2011 18:00,0,0,0,0,0,0,0,0,0,0
9/29/2011 18:10,0,0,0,0,0,0,0,0,0,0
9/29/2011 18:20,0,0,0,0,0,0,0,0,0,0
9/29/2011 18:30,0,0,0,0,0,0,0,0,0,0
9/29/2011 18:40,0,0,0,0,0,0,0,0,0,0
9/29/2011 18:50,0,0,0,0,0,0,0,0,0,0
9/29/2011 19:00,0,0,0,0,0,0,0,0,0,0
9/29/2011 19:10,0,0,0,0,0,0,0,0,0,0
9/29/2011 19:20,0,0,0,0,0,0,0,0,0,0
9/29/2011 19:30,0,0,0,0,0,0,0,0,0,0
9/29/2011 19:40,0,0,0,0,0,0,0,0,0,0
9/29/2011 19:50,0,0,0,0,0,0,0,0,0,0
9/29/2011 20:00,0,0,0,0,0,0,0,0,0,0
9/29/2011 20:10,0,0,0,0,0,0,0,0,0,0
9/29/2011 20:20,0,0,0,0,0,0,0,0,0,0
9/29/2011 20:30,0,0,0,0,0,0,0,0,0,0
9/29/2011 20:40,0,0,0,0,0,0,0,0,0,0
9/29/2011 20:50,0,0,0,0,0,0,0,0,0,0
9/29/2011 21:00,0,0,0,0,0,0,0,0,0,0
9/29/2011 21:10,0,0,0,0,0,0,0,0,0,0
9/29/2011 21:20,0,0,0,0,0,0,0,0,0,0
9/29/2011 21:30,0,0,0,0,0,0,0,0,0,0
9/29/2011 21:40,0,0,0,0,0,0,0,0,0,0
9/29/2011 21:50,0,0,0,0,0,0,0,0,0,0
9/29/2011 22:00,0,0,0,0,0,0,0,0,0,0
9/29/2011 22:10,0,0,0,0,0,0,0,0,0,0
9/29/2011 22:20,0,0,0,0,0,0,0,0,0,0
9/29/2011 22:30,0,0,0,0,0,0,0,0,0,0
9/29/2011 22:40,0,0,0,0,0,0,0,0,0,0
9/29/2011 22:50,0,0,0,0,0,0,0,0,0,0
9/29/2011 23:00,0,0,0,0,0,0,0,0,0,0
9/29/2011 23:10,0,0,0,0,0,0,0,0,0,0
9/29/2011 23:20,0,0,0,0,0,0,0,0,0,0
9/29/2011 23:30,0,0,0,0,0,0,0,0,0,0
9/29/2011 23:40,0,0,0,0,0,0,0,0,0,0
9/29/2011 23:50,0,0,0,0,0,0,0,0,0,0
9/30/2011 0:00,0,0,0,0,0,0,0,0,0,0
9/30/2011 0:10,0,0,0,0,0,0,0,0,0,0
9/30/2011 0:20,0,0,0,0,0,0,0,0,0,0
9/30/2011 0:30,0,0,0,0,0,0,0,0,0,0
9/30/2011 0:40,0,0,0,0,0,0,0,0,0,0
9/30/2011 0:50,0,0,0,0,0,0,0,0,0,0
9/30/2011 1:00,0,0,0,0,0,0,0,0,0,0
9/30/2011 1:10,0,0,0,0,0,0,0,0,0,0
9/30/2011 1:20,0,0,0,0,0,0,0,0,0,0
9/30/2011 1:30,0,0,0,0,0,0,0,0,0,0
9/30/2011 1:40,0,0,0,0,0,0,0,0,0,0
9/30/2011 1:50,0,0,0,0,0,0,0,0,0,0
9/30/2011 2:00,0,0,0,0,0,0,0,0,0,0
9/30/2011 2:10,0,0,0,0,0,0,0,0,0,0
9/30/2011 2:20,0,0,0,0,0,0,0,0,0,0
9/30/2011 2:30,0,0,0,0,0,0,0,0,0,0
9/30/2011 2:40,0,0,0,0,0,0,0,0,0,0
9/30/2011 2:50,0,0,0,0,0,0,0,0,0,0
9/30/2011 3:00,0,0,0,0,0,0,0,0,0,0
9/30/2011 3:10,0,0,0,0,0,0,0,0,0,0
9/30/2011 3:20,0,0,0,0,0,0,0,0,0,0
9/30/2011 3:30,0,0,0,0,0,0,0,0,0,0
9/30/2011 3:40,0,0,0,0,0,0,0,0,0.003,0
9/30/2011 3:50,0,0,0,0,0,0,0,0,0.01,0
9/30/2011 4:00,0,0,0,0,0,0,0,0.001,0.018,0
9/30/2011 4:10,0,0,0,0,0,0,0,0.004,0.024,0
9/30/2011 4:20,0,0,0,0,0,0,0,0.008,0.03,0
9/30/2011 4:30,0,0,0,0,0,0,0,0.008,0.033,0
9/30/2011 4:40,0,0,0,0,0,0,0,0.009,0.034,0
9/30/2011 4:50,0,0,0,0,0,0,0,0.014,0.04,0
9/30/2011 5:00,0,0,0,0,0,0,0,0.02,0.047,0
9/30/2011 5:10,0,0,0,0,0,0,0,0.018,0.05,0
9/30/2011 5:20,0,0,0,0,0,0,0,0.011,0.049,0
9/30/2011 5:30,0,0,0,0,0,0,0,0.003,0.046,0
9/30/2011 5:40,0.001,0,0,0,0,0,0,0,0.043,0
9/30/2011 5:50,0.003,0,0,0.001,0.001,0,0,0,0.041,0
9/30/2011 6:00,0.007,0,0.001,0.001,0.001,0.001,0,0,0.039,0
9/30/2011 6:10,0.011,0,0.001,0.002,0.002,0.002,0,0,0.035,0
9/30/2011 6:20,0.013,0,0.002,0.002,0.002,0.002,0,0,0.031,0
9/30/2011 6:30,0.014,0,0.002,0.002,0.002,0.002,0,0,0.032,0
9/30/2011 6:40,0.018,0,0.002,0.003,0.003,0.003,0,0,0.036,0
9/30/2011 6:50,0.022,0,0.003,0.004,0.004,0.003,0,0,0.041,0
9/30/2011 7:00,0.025,0,0.003,0.004,0.004,0.004,0,0,0.044,0
9/30/2011 7:10,0.026,0,0.003,0.004,0.004,0.004,0,0,0.044,0
9/30/2011 7:20,0.028,0,0.003,0.005,0.005,0.004,0,0,0.044,0
9/30/2011 7:30,0.029,0,0.004,0.005,0.005,0.005,0,0.004,0.05,0
9/30/2011 7:40,0.031,0,0.004,0.006,0.006,0.006,0,0.021,0.058,0
9/30/2011 7:50,0.033,0,0.004,0.006,0.006,0.019,0,0.038,0.062,0
9/30/2011 8:00,0.052,0,0.005,0.007,0.008,0.015,0,0.05,0.07,0
9/30/2011 8:10,0.08,0,0.005,0.007,0.007,0.013,0,0.053,0.077,0
9/30/2011 8:20,0.125,0,0.005,0.007,0.007,0.008,0,0.054,0.088,0.002
9/30/2011 8:30,0.184,0,0.028,0.007,0.007,0.006,0,0.052,0.097,0.029
9/30/2011 8:40,0.04,0,0.055,0.025,0.007,0.006,0,0.051,0.107,0
9/30/2011 8:50,0.039,0,0.059,0.077,0.008,0.009,0,0.045,0.114,0
9/30/2011 9:00,0.039,0,0.058,0.077,0.032,0.008,0,0.032,0.107,0
9/30/2011 9:10,0.041,0,0.059,0.078,0.078,0.007,0,0.017,0.093,0
9/30/2011 9:20,0.073,0,0.067,0.088,0.09,0.031,0,0.001,0.077,0
9/30/2011 9:30,0.045,0,0.069,0.092,0.093,0.064,0,0,0.06,0
9/30/2011 9:40,0.047,0,0.071,0.095,0.095,0.067,0,0,0.038,0
9/30/2011 9:50,0.093,0,0.073,0.097,0.098,0.07,0,0,0.013,0
9/30/2011 10:00,0.435,0,0.075,0.1,0.1,0.072,0,0,0,0.072
9/30/2011 10:10,0.486,0,0.077,0.102,0.102,0.074,0,0,0,0.103
9/30/2011 10:20,0.495,0,0.078,0.104,0.104,0.076,0,0,0,0.111
9/30/2011 10:30,0.505,0,0.079,0.105,0.106,0.079,0,0,0,0.115
9/30/2011 10:40,0.512,0,0.08,0.106,0.107,0.08,0,0,0,0.132
9/30/2011 10:50,0.518,0,0.08,0.107,0.108,0.082,0,0,0,0.14
9/30/2011 11:00,0.522,0,0.081,0.108,0.108,0.084,0,0,0,0.133
9/30/2011 11:10,0.523,0,0.081,0.108,0.108,0.085,0,0,0,0.126
9/30/2011 11:20,0.528,0,0.082,0.109,0.109,0.086,0,0,0,0.132
9/30/2011 11:30,0.53,0,0.082,0.109,0.11,0.087,0,0,0,0.133
9/30/2011 11:40,0.528,0,0.082,0.108,0.109,0.088,0,0,0,0.132
9/30/2011 11:50,0.529,0,0.082,0.108,0.109,0.089,0,0,0,0.127
9/30/2011 12:00,0.525,0,0.081,0.107,0.108,0.089,0,0,0,0.131
9/30/2011 12:10,0.52,0,0.081,0.107,0.108,0.089,0,0,0,0.139
9/30/2011 12:20,0.516,0,0.081,0.106,0.107,0.089,0,0,0,0.126
9/30/2011 12:30,0.508,0,0.08,0.105,0.106,0.089,0,0,0,0.126
9/30/2011 12:40,0.502,0,0.079,0.104,0.105,0.089,0,0,0,0.122
9/30/2011 12:50,0.492,0,0.078,0.102,0.104,0.088,0,0,0,0.119
9/30/2011 13:00,0.483,0,0.077,0.101,0.102,0.088,0,0,0,0.122
9/30/2011 13:10,0.472,0,0.076,0.099,0.101,0.087,0,0,0,0.12
9/30/2011 13:20,0.455,0,0.073,0.096,0.098,0.084,0,0,0,0.125
9/30/2011 13:30,0.443,0,0.072,0.094,0.095,0.083,0,0,0,0.121
9/30/2011 13:40,0.431,0,0.07,0.093,0.093,0.081,0,0,0,0.106
9/30/2011 13:50,0.417,0,0.069,0.091,0.091,0.079,0,0,0,0.097
9/30/2011 14:00,0.405,0,0.067,0.088,0.088,0.077,0,0,0,0.09
9/30/2011 14:10,0.387,0,0.064,0.085,0.085,0.075,0,0,0,0.08
9/30/2011 14:20,0.364,0,0.061,0.08,0.08,0.071,0,0,0,0.078
9/30/2011 14:30,0.316,0,0.057,0.076,0.075,0.067,0,0,0,0.054
9/30/2011 14:40,0.243,0,0.056,0.074,0.074,0.066,0,0,0,0.034
9/30/2011 14:50,0.179,0,0.053,0.07,0.07,0.062,0,0,0,0.012
9/30/2011 15:00,0.164,0,0.05,0.066,0.066,0.059,0,0,0,0.001
9/30/2011 15:10,0.247,0,0.046,0.062,0.061,0.055,0,0,0,0.007
9/30/2011 15:20,0.249,0,0.043,0.046,0.057,0.051,0,0,0,0.004
9/30/2011 15:30,0.228,0,0.039,0.029,0.052,0.047,0,0,0,0
9/30/2011 15:40,0.207,0,0.025,0.024,0.032,0.043,0,0,0,0
9/30/2011 15:50,0.184,0,0.007,0.04,0.01,0.039,0,0,0,0
9/30/2011 16:00,0.162,0,0.007,0.03,0.009,0.022,0,0,0,0
9/30/2011 16:10,0.139,0,0.006,0.011,0.009,0.007,0,0,0,0
9/30/2011 16:20,0.117,0,0.005,0.007,0.01,0.006,0,0,0,0
9/30/2011 16:30,0.098,0,0.006,0.006,0.008,0.008,0,0,0,0
9/30/2011 16:40,0.086,0,0.004,0.006,0.013,0.005,0,0,0,0
9/30/2011 16:50,0.047,0,0.003,0.005,0.009,0.004,0,0,0,0
9/30/2011 17:00,0.026,0,0.003,0.004,0.004,0.003,0,0,0,0
9/30/2011 17:10,0.017,0,0.002,0.002,0.002,0.002,0,0,0,0
9/30/2011 17:20,0.012,0,0.001,0.002,0.002,0.002,0,0,0,0
9/30/2011 17:30,0.006,0,0.001,0.001,0.001,0.001,0,0,0,0
9/30/2011 17:40,0.002,0,0,0,0,0,0,0,0,0
9/30/2011 17:50,0.001,0,0,0,0,0,0,0,0,0
9/30/2011 18:00,0,0,0,0,0,0,0,0,0,0
9/30/2011 18:10,0,0,0,0,0,0,0,0,0,0
9/30/2011 18:20,0,0,0,0,0,0,0,0,0,0
9/30/2011 18:30,0,0,0,0,0,0,0,0,0,0
9/30/2011 18:40,0,0,0,0,0,0,0,0,0,0
9/30/2011 18:50,0,0,0,0,0,0,0,0,0,0
9/30/2011 19:00,0,0,0,0,0,0,0,0,0,0
9/30/2011 19:10,0,0,0,0,0,0,0,0,0,0
9/30/2011 19:20,0,0,0,0,0,0,0,0,0,0
9/30/2011 19:30,0,0,0,0,0,0,0,0,0,0
9/30/2011 19:40,0,0,0,0,0,0,0,0,0,0
9/30/2011 19:50,0,0,0,0,0,0,0,0,0,0
9/30/2011 20:00,0,0,0,0,0,0,0,0,0,0
9/30/2011 20:10,0,0,0,0,0,0,0,0,0,0
9/30/2011 20:20,0,0,0,0,0,0,0,0,0,0
9/30/2011 20:30,0,0,0,0,0,0,0,0,0,0
9/30/2011 20:40,0,0,0,0,0,0,0,0,0,0
9/30/2011 20:50,0,0,0,0,0,0,0,0,0,0
9/30/2011 21:00,0,0,0,0,0,0,0,0,0,0
9/30/2011 21:10,0,0,0,0,0,0,0,0,0,0
9/30/2011 21:20,0,0,0,0,0,0,0,0,0,0
9/30/2011 21:30,0,0,0,0,0,0,0,0,0,0
9/30/2011 21:40,0,0,0,0,0,0,0,0,0,0
9/30/2011 21:50,0,0,0,0,0,0,0,0,0,0
9/30/2011 22:00,0,0,0,0,0,0,0,0,0,0
9/30/2011 22:10,0,0,0,0,0,0,0,0,0,0
9/30/2011 22:20,0,0,0,0,0,0,0,0,0,0
9/30/2011 22:30,0,0,0,0,0,0,0,0,0,0
9/30/2011 22:40,0,0,0,0,0,0,0,0,0,0
9/30/2011 22:50,0,0,0,0,0,0,0,0,0,0
9/30/2011 23:00,0,0,0,0,0,0,0,0,0,0
9/30/2011 23:10,0,0,0,0,0,0,0,0,0,0
9/30/2011 23:20,0,0,0,0,0,0,0,0,0,0
9/30/2011 23:30,0,0,0,0,0,0,0,0,0,0
9/30/2011 23:40,0,0,0,0,0,0,0,0,0,0
9/30/2011 23:50,0,0,0,0,0,0,0,0,0,0
10/1/2011 0:00,0,0,0,0,0,0,0,0,0,0
10/1/2011 0:10,0,0,0,0,0,0,0,0,0,0
10/1/2011 0:20,0,0,0,0,0,0,0,0,0,0
10/1/2011 0:30,0,0,0,0,0,0,0,0,0,0
10/1/2011 0:40,0,0,0,0,0,0,0,0,0,0
10/1/2011 0:50,0,0,0,0,0,0,0,0,0,0
10/1/2011 1:00,0,0,0,0,0,0,0,0,0,0
10/1/2011 1:10,0,0,0,0,0,0,0,0,0,0
10/1/2011 1:20,0,0,0,0,0,0,0,0,0,0
10/1/2011 1:30,0,0,0,0,0,0,0,0,0,0
10/1/2011 1:40,0,0,0,0,0,0,0,0,0,0
10/1/2011 1:50,0,0,0,0,0,0,0,0,0,0
10/1/2011 2:00,0,0,0,0,0,0,0,0,0,0
10/1/2011 2:10,0,0,0,0,0,0,0,0,0,0
10/1/2011 2:20,0,0,0,0,0,0,0,0,0,0
10/1/2011 2:30,0,0,0,0,0,0,0,0,0,0
10/1/2011 2:40,0,0,0,0,0,0,0,0,0,0
10/1/2011 2:50,0,0,0,0,0,0,0,0,0,0
10/1/2011 3:00,0,0,0,0,0,0,0,0,0,0
10/1/2011 3:10,0,0,0,0,0,0,0,0,0,0
10/1/2011 3:20,0,0,0,0,0,0,0,0,0,0
10/1/2011 3:30,0,0,0,0,0,0,0,0,0,0
10/1/2011 3:40,0,0,0,0,0,0,0,0,0,0
10/1/2011 3:50,0,0,0,0,0,0,0,0,0,0
10/1/2011 4:00,0,0,0,0,0,0,0,0,0,0
10/1/2011 4:10,0,0,0,0,0,0,0,0,0,0
10/1/2011 4:20,0,0,0,0,0,0,0,0,0,0
10/1/2011 4:30,0,0,0,0,0,0,0,0,0,0
10/1/2011 4:40,0,0,0,0,0,0,0,0,0,0
10/1/2011 4:50,0,0,0,0,0,0,0,0,0,0
10/1/2011 5:00,0,0,0,0,0,0,0,0,0,0
10/1/2011 5:10,0,0,0,0,0,0,0,0,0,0
10/1/2011 5:20,0,0,0,0,0,0,0,0,0,0
10/1/2011 5:30,0,0,0,0,0,0,0,0,0,0
10/1/2011 5:40,0.001,0,0,0,0,0,0,0,0,0
10/1/2011 5:50,0.003,0,0,0,0,0,0,0,0,0
10/1/2011 6:00,0.006,0,0.001,0.001,0.001,0.001,0,0,0,0
10/1/2011 6:10,0.01,0,0.001,0.002,0.002,0.001,0,0,0,0
10/1/2011 6:20,0.014,0,0.002,0.002,0.002,0.002,0,0,0,0
10/1/2011 6:30,0.017,0,0.002,0.003,0.003,0.002,0,0,0.001,0
10/1/2011 6:40,0.021,0,0.002,0.003,0.003,0.002,0,0,0.009,0
10/1/2011 6:50,0.023,0,0.002,0.004,0.004,0.003,0,0,0.016,0
10/1/2011 7:00,0.026,0,0.003,0.004,0.004,0.003,0,0,0.018,0
10/1/2011 7:10,0.028,0,0.003,0.005,0.004,0.003,0,0,0.027,0
10/1/2011 7:20,0.031,0,0.003,0.005,0.005,0.003,0,0,0.034,0
10/1/2011 7:30,0.033,0,0.004,0.005,0.005,0.004,0,0,0.043,0
10/1/2011 7:40,0.035,0,0.004,0.006,0.006,0.004,0,0.007,0.048,0
10/1/2011 7:50,0.038,0,0.004,0.006,0.006,0.015,0,0.023,0.03,0
10/1/2011 8:00,0.043,0,0.004,0.007,0.006,0.013,0,0.048,0.019,0
10/1/2011 8:10,0.053,0,0.005,0.007,0.007,0.013,0,0.064,0.025,0
10/1/2011 8:20,0.223,0,0.005,0.007,0.007,0.008,0,0.064,0.023,0.046
10/1/2011 8:30,0.144,0,0.022,0.008,0.007,0.006,0,0.065,0.024,0.016
10/1/2011 8:40,0.048,0,0.039,0.033,0.008,0.006,0,0.063,0.035,0
10/1/2011 8:50,0.049,0,0.044,0.071,0.01,0.007,0,0.059,0.043,0
10/1/2011 9:00,0.051,0,0.048,0.077,0.036,0.007,0,0.059,0.054,0
10/1/2011 9:10,0.053,0,0.052,0.082,0.076,0.006,0,0.056,0.063,0
10/1/2011 9:20,0.063,0,0.057,0.086,0.081,0.027,0,0.056,0.073,0
10/1/2011 9:30,0.052,0,0.061,0.09,0.085,0.049,0,0.053,0.077,0
10/1/2011 9:40,0.056,0,0.064,0.093,0.089,0.054,0,0.051,0.08,0
10/1/2011 9:50,0.089,0,0.068,0.096,0.093,0.057,0,0.052,0.092,0.006
10/1/2011 10:00,0.295,0,0.071,0.099,0.096,0.06,0,0.05,0.098,0.097
10/1/2011 10:10,0.486,0,0.073,0.101,0.099,0.064,0,0.05,0.102,0.207
10/1/2011 10:20,0.496,0,0.075,0.103,0.101,0.067,0,0.053,0.116,0.19
10/1/2011 10:30,0.506,0,0.077,0.105,0.103,0.07,0,0.058,0.134,0.173
10/1/2011 10:40,0.513,0,0.078,0.106,0.104,0.073,0,0.063,0.152,0.151
10/1/2011 10:50,0.52,0,0.08,0.108,0.106,0.076,0,0.066,0.167,0.129
10/1/2011 11:00,0.525,0,0.081,0.108,0.107,0.079,0,0.062,0.164,0.111
10/1/2011 11:10,0.532,0,0.082,0.11,0.108,0.082,0,0.034,0.141,0.111
10/1/2011 11:20,0.536,0,0.083,0.11,0.109,0.085,0,0,0.106,0.133
10/1/2011 11:30,0.537,0,0.083,0.11,0.109,0.086,0,0,0.033,0.163
10/1/2011 11:40,0.536,0,0.083,0.11,0.109,0.087,0,0,0,0.183
10/1/2011 11:50,0.534,0,0.083,0.11,0.109,0.088,0,0,0,0.195
10/1/2011 12:00,0.531,0,0.083,0.109,0.109,0.088,0,0,0,0.204
10/1/2011 12:10,0.525,0,0.082,0.108,0.108,0.089,0,0,0,0.203
10/1/2011 12:20,0.521,0,0.082,0.108,0.107,0.089,0,0,0,0.203
10/1/2011 12:30,0.514,0,0.082,0.107,0.106,0.089,0,0,0,0.201
10/1/2011 12:40,0.509,0,0.081,0.106,0.106,0.089,0,0,0,0.198
10/1/2011 12:50,0.501,0,0.081,0.105,0.105,0.089,0,0,0,0.196
10/1/2011 13:00,0.488,0,0.079,0.103,0.103,0.088,0,0,0,0.189
10/1/2011 13:10,0.474,0,0.077,0.101,0.101,0.086,0,0,0,0.184
10/1/2011 13:20,0.465,0,0.077,0.1,0.099,0.086,0,0,0,0.179
10/1/2011 13:30,0.453,0,0.076,0.098,0.098,0.084,0,0,0,0.174
10/1/2011 13:40,0.442,0,0.074,0.096,0.095,0.083,0,0,0,0.169
10/1/2011 13:50,0.427,0,0.072,0.094,0.093,0.081,0,0,0,0.162
10/1/2011 14:00,0.41,0,0.07,0.091,0.09,0.078,0,0,0,0.152
10/1/2011 14:10,0.393,0,0.067,0.087,0.086,0.076,0,0,0,0.143
10/1/2011 14:20,0.377,0,0.065,0.084,0.083,0.073,0,0,0,0.134
10/1/2011 14:30,0.355,0,0.061,0.08,0.079,0.07,0,0,0,0.122
10/1/2011 14:40,0.336,0,0.058,0.076,0.075,0.067,0,0,0,0.109
10/1/2011 14:50,0.315,0,0.055,0.072,0.07,0.063,0,0,0,0.098
10/1/2011 15:00,0.296,0,0.052,0.068,0.067,0.06,0,0,0,0.088
10/1/2011 15:10,0.274,0,0.048,0.063,0.062,0.056,0,0,0,0.076
10/1/2011 15:20,0.253,0,0.045,0.044,0.058,0.052,0,0,0,0.063
10/1/2011 15:30,0.23,0,0.041,0.023,0.053,0.048,0,0,0,0.049
10/1/2011 15:40,0.21,0,0.036,0.018,0.032,0.044,0,0,0,0.035
10/1/2011 15:50,0.189,0,0.012,0.039,0.009,0.04,0,0,0,0.013
10/1/2011 16:00,0.167,0,0.007,0.036,0.009,0.021,0,0,0,0.001
10/1/2011 16:10,0.147,0,0.006,0.015,0.009,0.007,0,0,0,0
10/1/2011 16:20,0.127,0,0.005,0.008,0.009,0.006,0,0,0,0
10/1/2011 16:30,0.108,0,0.005,0.007,0.007,0.008,0,0,0,0
10/1/2011 16:40,0.089,0,0.004,0.006,0.009,0.005,0,0,0,0
10/1/2011 16:50,0.046,0,0.003,0.005,0.009,0.004,0,0,0,0
10/1/2011 17:00,0.026,0,0.003,0.004,0.004,0.003,0,0,0,0
10/1/2011 17:10,0.018,0,0.002,0.003,0.003,0.002,0,0,0,0
10/1/2011 17:20,0.012,0,0.002,0.002,0.002,0.002,0,0,0,0
10/1/2011 17:30,0.006,0,0.001,0.001,0.001,0.001,0,0,0,0
10/1/2011 17:40,0.002,0,0,0,0,0,0,0,0,0
10/1/2011 17:50,0.001,0,0,0,0,0,0,0,0,0
10/1/2011 18:00,0,0,0,0,0,0,0,0,0,0
10/1/2011 18:10,0,0,0,0,0,0,0,0,0,0
10/1/2011 18:20,0,0,0,0,0,0,0,0,0,0
10/1/2011 18:30,0,0,0,0,0,0,0,0,0,0
10/1/2011 18:40,0,0,0,0,0,0,0,0,0,0
10/1/2011 18:50,0,0,0,0,0,0,0,0,0,0
10/1/2011 19:00,0,0,0,0,0,0,0,0,0,0
10/1/2011 19:10,0,0,0,0,0,0,0,0,0,0
10/1/2011 19:20,0,0,0,0,0,0,0,0,0,0
10/1/2011 19:30,0,0,0,0,0,0,0,0,0,0
10/1/2011 19:40,0,0,0,0,0,0,0,0,0,0
10/1/2011 19:50,0,0,0,0,0,0,0,0,0,0
10/1/2011 20:00,0,0,0,0,0,0,0,0,0,0
10/1/2011 20:10,0,0,0,0,0,0,0,0,0,0
10/1/2011 20:20,0,0,0,0,0,0,0,0,0,0
10/1/2011 20:30,0,0,0,0,0,0,0,0,0,0
10/1/2011 20:40,0,0,0,0,0,0,0,0,0,0
10/1/2011 20:50,0,0,0,0,0,0,0,0,0,0
10/1/2011 21:00,0,0,0,0,0,0,0,0,0,0
10/1/2011 21:10,0,0,0,0,0,0,0,0,0,0
10/1/2011 21:20,0,0,0,0,0,0,0,0,0,0
10/1/2011 21:30,0,0,0,0,0,0,0,0,0,0
10/1/2011 21:40,0,0,0,0,0,0,0,0,0,0
10/1/2011 21:50,0,0,0,0,0,0,0,0,0,0
10/1/2011 22:00,0,0,0,0,0,0,0,0,0,0
10/1/2011 22:10,0,0,0,0,0,0,0,0,0,0
10/1/2011 22:20,0,0,0,0,0,0,0,0,0,0
10/1/2011 22:30,0,0,0,0,0,0,0,0,0,0
10/1/2011 22:40,0,0,0,0,0,0,0,0,0,0
10/1/2011 22:50,0,0,0,0,0,0,0,0,0,0
10/1/2011 23:00,0,0,0,0,0,0,0,0,0,0
10/1/2011 23:10,0,0,0,0,0,0,0,0,0,0
10/1/2011 23:20,0,0,0,0,0,0,0,0,0,0
10/1/2011 23:30,0,0,0,0,0,0,0,0,0,0
10/1/2011 23:40,0,0,0,0,0,0,0,0,0,0
10/1/2011 23:50,0,0,0,0,0,0,0,0,0,0
10/2/2011 0:00,0,0,0,0,0,0,0,0,0,0
10/2/2011 0:10,0,0,0,0,0,0,0,0,0,0
10/2/2011 0:20,0,0,0,0,0,0,0,0,0,0
10/2/2011 0:30,0,0,0,0,0,0,0,0,0,0
10/2/2011 0:40,0,0,0,0,0,0,0,0,0,0
10/2/2011 0:50,0,0,0,0,0,0,0,0,0,0
10/2/2011 1:00,0,0,0,0,0,0,0,0,0,0
10/2/2011 1:10,0,0,0,0,0,0,0,0,0,0
10/2/2011 1:20,0,0,0,0,0,0,0,0,0,0
10/2/2011 1:30,0,0,0,0,0,0,0,0,0,0
10/2/2011 1:40,0,0,0,0,0,0,0,0,0,0
10/2/2011 1:50,0,0,0,0,0,0,0,0,0,0
10/2/2011 2:00,0,0,0,0,0,0,0,0,0,0
10/2/2011 2:10,0,0,0,0,0,0,0,0,0,0
10/2/2011 2:20,0,0,0,0,0,0,0,0.001,0.011,0
10/2/2011 2:30,0,0,0,0,0,0,0,0.006,0.022,0
10/2/2011 2:40,0,0,0,0,0,0,0,0.019,0.035,0
10/2/2011 2:50,0,0,0,0,0,0,0,0.019,0.039,0
10/2/2011 3:00,0,0,0,0,0,0,0,0.016,0.04,0
10/2/2011 3:10,0,0,0,0,0,0,0,0.017,0.043,0
10/2/2011 3:20,0,0,0,0,0,0,0,0.017,0.045,0
10/2/2011 3:30,0,0,0,0,0,0,0,0.016,0.046,0
10/2/2011 3:40,0,0,0,0,0,0,0,0.021,0.049,0
10/2/2011 3:50,0,0,0,0,0,0,0,0.028,0.055,0
10/2/2011 4:00,0,0,0,0,0,0,0,0.033,0.061,0
10/2/2011 4:10,0,0,0,0,0,0,0,0.037,0.066,0
10/2/2011 4:20,0,0,0,0,0,0,0,0.037,0.069,0
10/2/2011 4:30,0,0,0,0,0,0,0,0.035,0.07,0
10/2/2011 4:40,0,0,0,0,0,0,0,0.034,0.069,0
10/2/2011 4:50,0,0,0,0,0,0,0,0.042,0.076,0
10/2/2011 5:00,0,0,0,0,0,0,0,0.042,0.08,0
10/2/2011 5:10,0,0,0,0,0,0,0,0.037,0.078,0
10/2/2011 5:20,0,0,0,0,0,0,0,0.035,0.079,0
10/2/2011 5:30,0,0,0,0,0,0,0,0.032,0.078,0
10/2/2011 5:40,0.001,0,0,0,0,0,0,0.027,0.077,0
10/2/2011 5:50,0.003,0,0,0,0,0,0,0.024,0.076,0
10/2/2011 6:00,0.006,0,0.001,0.001,0.001,0.001,0,0.025,0.077,0
10/2/2011 6:10,0.009,0,0.001,0.002,0.002,0.001,0,0.022,0.077,0
10/2/2011 6:20,0.013,0,0.002,0.002,0.002,0.002,0,0.02,0.077,0
10/2/2011 6:30,0.016,0,0.002,0.002,0.003,0.002,0,0.023,0.075,0
10/2/2011 6:40,0.019,0,0.002,0.003,0.003,0.003,0,0.034,0.079,0
10/2/2011 6:50,0.021,0,0.003,0.003,0.004,0.003,0,0.045,0.085,0
10/2/2011 7:00,0.024,0,0.003,0.004,0.004,0.003,0,0.052,0.09,0
10/2/2011 7:10,0.026,0,0.003,0.004,0.004,0.004,0,0.055,0.092,0
10/2/2011 7:20,0.028,0,0.003,0.005,0.005,0.004,0,0.055,0.093,0
10/2/2011 7:30,0.03,0,0.004,0.005,0.005,0.004,0,0.055,0.091,0
10/2/2011 7:40,0.033,0,0.004,0.006,0.006,0.005,0,0.056,0.082,0
10/2/2011 7:50,0.034,0,0.004,0.006,0.006,0.024,0,0.063,0.074,0
10/2/2011 8:00,0.043,0,0.005,0.007,0.006,0.013,0,0.068,0.061,0
10/2/2011 8:10,0.05,0,0.005,0.007,0.007,0.013,0,0.068,0.041,0
10/2/2011 8:20,0.192,0,0.006,0.007,0.007,0.012,0,0.076,0.055,0.041
10/2/2011 8:30,0.092,0,0.024,0.008,0.007,0.007,0,0.075,0.066,0.001
10/2/2011 8:40,0.043,0,0.046,0.033,0.008,0.007,0,0.073,0.079,0
10/2/2011 8:50,0.043,0,0.05,0.076,0.016,0.007,0,0.071,0.089,0
10/2/2011 9:00,0.043,0,0.054,0.08,0.056,0.007,0,0.068,0.101,0
10/2/2011 9:10,0.078,0,0.058,0.084,0.085,0.01,0,0.066,0.114,0.002
10/2/2011 9:20,0.073,0,0.061,0.088,0.089,0.027,0,0.065,0.126,0
10/2/2011 9:30,0.047,0,0.065,0.091,0.092,0.056,0,0.063,0.135,0
10/2/2011 9:40,0.069,0,0.068,0.094,0.095,0.067,0,0.063,0.147,0
10/2/2011 9:50,0.075,0,0.071,0.097,0.098,0.069,0,0.057,0.155,0
10/2/2011 10:00,0.269,0,0.073,0.099,0.1,0.072,0,0.043,0.142,0.032
10/2/2011 10:10,0.485,0,0.075,0.101,0.102,0.074,0,0.022,0.133,0.085
10/2/2011 10:20,0.494,0,0.077,0.103,0.104,0.076,0,0,0.108,0.088
10/2/2011 10:30,0.502,0,0.078,0.105,0.105,0.078,0,0,0.079,0.094
10/2/2011 10:40,0.51,0,0.08,0.106,0.107,0.08,0,0,0.037,0.106
10/2/2011 10:50,0.517,0,0.081,0.107,0.107,0.082,0,0,0.001,0.119
10/2/2011 11:00,0.519,0,0.081,0.107,0.108,0.083,0,0,0,0.128
10/2/2011 11:10,0.524,0,0.082,0.108,0.109,0.085,0,0,0,0.137
10/2/2011 11:20,0.528,0,0.083,0.109,0.109,0.086,0,0,0,0.142
10/2/2011 11:30,0.531,0,0.083,0.109,0.11,0.087,0,0,0,0.143
10/2/2011 11:40,0.527,0,0.083,0.108,0.109,0.088,0,0,0,0.137
10/2/2011 11:50,0.526,0,0.083,0.108,0.109,0.089,0,0,0,0.136
10/2/2011 12:00,0.521,0,0.082,0.107,0.108,0.089,0,0,0,0.135
10/2/2011 12:10,0.516,0,0.082,0.106,0.107,0.089,0,0,0,0.131
10/2/2011 12:20,0.509,0,0.081,0.105,0.106,0.089,0,0,0,0.127
10/2/2011 12:30,0.504,0,0.081,0.104,0.105,0.089,0,0,0,0.129
10/2/2011 12:40,0.498,0,0.08,0.103,0.105,0.089,0,0,0,0.128
10/2/2011 12:50,0.49,0,0.08,0.102,0.103,0.089,0,0,0,0.131
10/2/2011 13:00,0.479,0,0.078,0.1,0.102,0.088,0,0,0,0.129
10/2/2011 13:10,0.47,0,0.078,0.099,0.1,0.087,0,0,0,0.126
10/2/2011 13:20,0.458,0,0.076,0.097,0.098,0.085,0,0,0,0.122
10/2/2011 13:30,0.443,0,0.074,0.095,0.096,0.083,0,0,0,0.115
10/2/2011 13:40,0.427,0,0.072,0.092,0.093,0.081,0,0,0,0.104
10/2/2011 13:50,0.41,0,0.07,0.089,0.089,0.078,0,0,0,0.096
10/2/2011 14:00,0.397,0,0.068,0.087,0.087,0.077,0,0,0,0.089
10/2/2011 14:10,0.378,0,0.065,0.083,0.083,0.074,0,0,0,0.082
10/2/2011 14:20,0.359,0,0.062,0.079,0.079,0.07,0,0,0,0.072
10/2/2011 14:30,0.34,0,0.059,0.076,0.076,0.067,0,0,0,0.064
10/2/2011 14:40,0.323,0,0.056,0.072,0.072,0.064,0,0,0,0.055
10/2/2011 14:50,0.303,0,0.053,0.068,0.068,0.061,0,0,0,0.043
10/2/2011 15:00,0.283,0,0.05,0.064,0.064,0.058,0,0,0,0.032
10/2/2011 15:10,0.262,0,0.046,0.06,0.059,0.054,0,0,0,0.019
10/2/2011 15:20,0.242,0,0.043,0.036,0.055,0.05,0,0,0,0.006
10/2/2011 15:30,0.221,0,0.04,0.017,0.051,0.046,0,0,0,0
10/2/2011 15:40,0.199,0,0.035,0.018,0.03,0.042,0,0,0,0
10/2/2011 15:50,0.178,0,0.012,0.038,0.009,0.038,0,0,0,0
10/2/2011 16:00,0.158,0,0.006,0.035,0.009,0.021,0,0,0,0
10/2/2011 16:10,0.138,0,0.006,0.02,0.009,0.007,0,0,0,0
10/2/2011 16:20,0.118,0,0.005,0.007,0.008,0.006,0,0,0,0
10/2/2011 16:30,0.099,0,0.005,0.006,0.007,0.007,0,0,0,0
10/2/2011 16:40,0.08,0,0.004,0.005,0.006,0.005,0,0,0,0
10/2/2011 16:50,0.043,0,0.003,0.004,0.006,0.004,0,0,0,0
10/2/2011 17:00,0.024,0,0.002,0.003,0.003,0.003,0,0,0,0
10/2/2011 17:10,0.016,0,0.002,0.002,0.002,0.002,0,0,0,0
10/2/2011 17:20,0.01,0,0.001,0.002,0.002,0.001,0,0,0,0
10/2/2011 17:30,0.004,0,0.001,0.001,0.001,0.001,0,0,0,0
10/2/2011 17:40,0.002,0,0,0,0,0,0,0,0,0
10/2/2011 17:50,0.001,0,0,0,0,0,0,0,0,0
10/2/2011 18:00,0,0,0,0,0,0,0,0,0,0
10/2/2011 18:10,0,0,0,0,0,0,0,0,0,0
10/2/2011 18:20,0,0,0,0,0,0,0,0,0,0
10/2/2011 18:30,0,0,0,0,0,0,0,0,0,0
10/2/2011 18:40,0,0,0,0,0,0,0,0,0,0
10/2/2011 18:50,0,0,0,0,0,0,0,0,0,0
10/2/2011 19:00,0,0,0,0,0,0,0,0,0,0
10/2/2011 19:10,0,0,0,0,0,0,0,0,0,0
10/2/2011 19:20,0,0,0,0,0,0,0,0,0,0
10/2/2011 19:30,0,0,0,0,0,0,0,0,0,0
10/2/2011 19:40,0,0,0,0,0,0,0,0,0,0
10/2/2011 19:50,0,0,0,0,0,0,0,0,0,0
10/2/2011 20:00,0,0,0,0,0,0,0,0,0,0
10/2/2011 20:10,0,0,0,0,0,0,0,0,0,0
10/2/2011 20:20,0,0,0,0,0,0,0,0,0,0
10/2/2011 20:30,0,0,0,0,0,0,0,0,0,0
10/2/2011 20:40,0,0,0,0,0,0,0,0,0,0
10/2/2011 20:50,0,0,0,0,0,0,0,0,0,0
10/2/2011 21:00,0,0,0,0,0,0,0,0,0,0
10/2/2011 21:10,0,0,0,0,0,0,0,0,0,0
10/2/2011 21:20,0,0,0,0,0,0,0,0,0,0
10/2/2011 21:30,0,0,0,0,0,0,0,0,0,0
10/2/2011 21:40,0,0,0,0,0,0,0,0,0,0
10/2/2011 21:50,0,0,0,0,0,0,0,0,0,0
10/2/2011 22:00,0,0,0,0,0,0,0,0,0,0
10/2/2011 22:10,0,0,0,0,0,0,0,0,0,0
10/2/2011 22:20,0,0,0,0,0,0,0,0,0,0
10/2/2011 22:30,0,0,0,0,0,0,0,0,0,0
10/2/2011 22:40,0,0,0,0,0,0,0,0,0,0
10/2/2011 22:50,0,0,0,0,0,0,0,0,0,0
10/2/2011 23:00,0,0,0,0,0,0,0,0,0,0
10/2/2011 23:10,0,0,0,0,0,0,0,0,0,0
10/2/2011 23:20,0,0,0,0,0,0,0,0,0,0
10/2/2011 23:30,0,0,0,0,0,0,0,0,0,0
10/2/2011 23:40,0,0,0,0,0,0,0,0,0,0
10/2/2011 23:50,0,0,0,0,0,0,0,0,0,0
10/3/2011 0:00,0,0,0,0,0,0,0,0,0,0
10/3/2011 0:10,0,0,0,0,0,0,0,0,0,0
10/3/2011 0:20,0,0,0,0,0,0,0,0,0,0
10/3/2011 0:30,0,0,0,0,0,0,0,0,0,0
10/3/2011 0:40,0,0,0,0,0,0,0,0,0,0
10/3/2011 0:50,0,0,0,0,0,0,0,0,0,0
10/3/2011 1:00,0,0,0,0,0,0,0,0,0,0
10/3/2011 1:10,0,0,0,0,0,0,0,0,0,0
10/3/2011 1:20,0,0,0,0,0,0,0,0,0,0
10/3/2011 1:30,0,0,0,0,0,0,0,0,0,0
10/3/2011 1:40,0,0,0,0,0,0,0,0,0,0
10/3/2011 1:50,0,0,0,0,0,0,0,0,0,0
10/3/2011 2:00,0,0,0,0,0,0,0,0,0,0
10/3/2011 2:10,0,0,0,0,0,0,0,0,0,0
10/3/2011 2:20,0,0,0,0,0,0,0,0,0,0
10/3/2011 2:30,0,0,0,0,0,0,0,0,0,0
10/3/2011 2:40,0,0,0,0,0,0,0,0,0,0
10/3/2011 2:50,0,0,0,0,0,0,0,0,0,0
10/3/2011 3:00,0,0,0,0,0,0,0,0,0.002,0
10/3/2011 3:10,0,0,0,0,0,0,0,0,0.003,0
10/3/2011 3:20,0,0,0,0,0,0,0,0,0.008,0
10/3/2011 3:30,0,0,0,0,0,0,0,0,0.006,0
10/3/2011 3:40,0,0,0,0,0,0,0,0,0.006,0
10/3/2011 3:50,0,0,0,0,0,0,0,0,0.003,0
10/3/2011 4:00,0,0,0,0,0,0,0,0,0.006,0
10/3/2011 4:10,0,0,0,0,0,0,0,0,0.005,0
10/3/2011 4:20,0,0,0,0,0,0,0,0,0.007,0
10/3/2011 4:30,0,0,0,0,0,0,0,0,0.005,0
10/3/2011 4:40,0,0,0,0,0,0,0,0,0.009,0
10/3/2011 4:50,0,0,0,0,0,0,0,0,0.013,0
10/3/2011 5:00,0,0,0,0,0,0,0,0,0.018,0
10/3/2011 5:10,0,0,0,0,0,0,0,0,0.017,0
10/3/2011 5:20,0,0,0,0,0,0,0,0,0.023,0
10/3/2011 5:30,0,0,0,0,0,0,0,0,0.027,0
10/3/2011 5:40,0.001,0,0,0,0,0,0,0,0.03,0
10/3/2011 5:50,0.002,0,0,0,0,0,0,0,0.029,0
10/3/2011 6:00,0.005,0,0.001,0.001,0.001,0.001,0,0,0.031,0
10/3/2011 6:10,0.009,0,0.001,0.002,0.002,0.001,0,0,0.03,0
10/3/2011 6:20,0.013,0,0.002,0.002,0.002,0.002,0,0.002,0.036,0
10/3/2011 6:30,0.016,0,0.002,0.003,0.003,0.002,0,0.004,0.042,0
10/3/2011 6:40,0.019,0,0.002,0.003,0.003,0.003,0,0.011,0.048,0
10/3/2011 6:50,0.022,0,0.003,0.004,0.004,0.003,0,0.013,0.05,0
10/3/2011 7:00,0.025,0,0.003,0.004,0.004,0.004,0,0.018,0.054,0
10/3/2011 7:10,0.027,0,0.003,0.004,0.005,0.004,0,0.02,0.055,0
10/3/2011 7:20,0.029,0,0.004,0.005,0.005,0.004,0,0.032,0.061,0
10/3/2011 7:30,0.032,0,0.004,0.005,0.005,0.005,0,0.042,0.062,0
10/3/2011 7:40,0.034,0,0.004,0.006,0.006,0.005,0,0.061,0.035,0
10/3/2011 7:50,0.036,0,0.005,0.006,0.006,0.025,0,0.084,0.031,0
10/3/2011 8:00,0.039,0,0.005,0.007,0.007,0.013,0,0.095,0.038,0
10/3/2011 8:10,0.049,0,0.006,0.007,0.007,0.01,0,0.095,0.035,0
10/3/2011 8:20,0.198,0,0.007,0.007,0.008,0.013,0,0.095,0.045,0.041
10/3/2011 8:30,0.099,0,0.024,0.008,0.008,0.007,0,0.092,0.06,0.01
10/3/2011 8:40,0.047,0,0.044,0.029,0.008,0.007,0,0.087,0.064,0
10/3/2011 8:50,0.045,0,0.048,0.071,0.026,0.008,0,0.085,0.071,0
10/3/2011 9:00,0.046,0,0.052,0.077,0.06,0.01,0,0.084,0.072,0
10/3/2011 9:10,0.067,0,0.056,0.081,0.081,0.013,0,0.083,0.073,0.002
10/3/2011 9:20,0.057,0,0.059,0.085,0.086,0.018,0,0.08,0.075,0
10/3/2011 9:30,0.051,0,0.063,0.088,0.089,0.05,0,0.081,0.086,0
10/3/2011 9:40,0.079,0,0.066,0.092,0.092,0.064,0,0.079,0.098,0.003
10/3/2011 9:50,0.092,0,0.069,0.095,0.095,0.067,0,0.076,0.104,0.006
10/3/2011 10:00,0.382,0,0.072,0.097,0.098,0.07,0,0.075,0.111,0.164
10/3/2011 10:10,0.475,0,0.074,0.1,0.1,0.072,0,0.075,0.118,0.203
10/3/2011 10:20,0.485,0,0.076,0.102,0.102,0.074,0,0.075,0.129,0.188
10/3/2011 10:30,0.497,0,0.078,0.104,0.104,0.077,0,0.078,0.145,0.171
10/3/2011 10:40,0.505,0,0.079,0.105,0.106,0.079,0,0.082,0.164,0.135
10/3/2011 10:50,0.513,0,0.08,0.107,0.107,0.081,0,0.077,0.167,0.108
10/3/2011 11:00,0.516,0,0.081,0.107,0.108,0.083,0,0.057,0.149,0.093
10/3/2011 11:10,0.519,0,0.082,0.107,0.108,0.084,0,0.02,0.125,0.103
10/3/2011 11:20,0.521,0,0.082,0.107,0.108,0.085,0,0,0.07,0.123
10/3/2011 11:30,0.521,0,0.082,0.108,0.108,0.086,0,0,0.011,0.133
10/3/2011 11:40,0.518,0,0.082,0.107,0.108,0.086,0,0,0,0.137
10/3/2011 11:50,0.519,0,0.082,0.107,0.108,0.087,0,0,0,0.14
10/3/2011 12:00,0.515,0,0.082,0.106,0.108,0.088,0,0,0,0.142
10/3/2011 12:10,0.51,0,0.081,0.105,0.107,0.088,0,0,0,0.14
10/3/2011 12:20,0.508,0,0.081,0.105,0.106,0.089,0,0,0,0.137
10/3/2011 12:30,0.499,0,0.08,0.103,0.105,0.088,0,0,0,0.132
10/3/2011 12:40,0.495,0,0.08,0.103,0.105,0.089,0,0,0,0.131
10/3/2011 12:50,0.485,0,0.079,0.101,0.103,0.088,0,0,0,0.127
10/3/2011 13:00,0.473,0,0.078,0.099,0.101,0.087,0,0,0,0.123
10/3/2011 16:50,0.042,0,0.003,0.004,0.004,0.004,0,0,0,0
10/3/2011 17:00,0.022,0,0.002,0.003,0.003,0.003,0,0,0,0
10/3/2011 17:10,0.014,0,0.002,0.002,0.002,0.002,0,0,0,0
10/3/2011 17:20,0.008,0,0.001,0.001,0.001,0.001,0,0,0,0
10/3/2011 17:30,0.004,0,0,0.001,0.001,0.001,0,0,0,0
10/3/2011 17:40,0.001,0,0,0,0,0,0,0,0,0
10/3/2011 17:50,0,0,0,0,0,0,0,0,0,0
10/3/2011 18:00,0,0,0,0,0,0,0,0,0,0
10/3/2011 18:10,0,0,0,0,0,0,0,0,0,0
10/3/2011 18:20,0,0,0,0,0,0,0,0,0,0
10/3/2011 18:30,0,0,0,0,0,0,0,0,0,0
10/3/2011 18:40,0,0,0,0,0,0,0,0,0,0
10/3/2011 18:50,0,0,0,0,0,0,0,0,0,0
10/3/2011 19:00,0,0,0,0,0,0,0,0,0,0
10/3/2011 19:10,0,0,0,0,0,0,0,0,0,0
10/3/2011 19:20,0,0,0,0,0,0,0,0,0,0
10/3/2011 19:30,0,0,0,0,0,0,0,0,0,0
10/3/2011 19:40,0,0,0,0,0,0,0,0,0,0
10/3/2011 19:50,0,0,0,0,0,0,0,0,0,0
10/3/2011 20:00,0,0,0,0,0,0,0,0,0,0
10/3/2011 20:10,0,0,0,0,0,0,0,0,0,0
10/3/2011 20:20,0,0,0,0,0,0,0,0,0,0
10/3/2011 20:30,0,0,0,0,0,0,0,0,0,0
10/3/2011 20:40,0,0,0,0,0,0,0,0,0,0
10/3/2011 20:50,0,0,0,0,0,0,0,0,0,0
10/3/2011 21:00,0,0,0,0,0,0,0,0,0,0
10/3/2011 21:10,0,0,0,0,0,0,0,0,0,0
10/3/2011 21:20,0,0,0,0,0,0,0,0,0,0
10/3/2011 21:30,0,0,0,0,0,0,0,0,0,0
10/3/2011 21:40,0,0,0,0,0,0,0,0,0,0
10/3/2011 21:50,0,0,0,0,0,0,0,0,0,0
10/3/2011 22:00,0,0,0,0,0,0,0,0,0,0
10/3/2011 22:10,0,0,0,0,0,0,0,0,0,0
10/3/2011 22:20,0,0,0,0,0,0,0,0,0,0
10/3/2011 22:30,0,0,0,0,0,0,0,0,0,0
10/3/2011 22:40,0,0,0,0,0,0,0,0,0,0
10/3/2011 22:50,0,0,0,0,0,0,0,0,0,0
10/3/2011 23:00,0,0,0,0,0,0,0,0,0,0
10/3/2011 23:10,0,0,0,0,0,0,0,0,0,0
10/3/2011 23:20,0,0,0,0,0,0,0,0,0,0
10/3/2011 23:30,0,0,0,0,0,0,0,0,0,0
10/3/2011 23:40,0,0,0,0,0,0,0,0,0,0
10/3/2011 23:50,0,0,0,0,0,0,0,0,0,0
10/4/2011 0:00,0,0,0,0,0,0,0,0,0,0
10/4/2011 0:10,0,0,0,0,0,0,0,0,0,0
10/4/2011 0:20,0,0,0,0,0,0,0,0,0,0
10/4/2011 0:30,0,0,0,0,0,0,0,0,0,0
10/4/2011 0:40,0,0,0,0,0,0,0,0,0,0
10/4/2011 0:50,0,0,0,0,0,0,0,0,0,0
10/4/2011 1:00,0,0,0,0,0,0,0,0,0,0
10/4/2011 1:10,0,0,0,0,0,0,0,0,0,0
10/4/2011 1:20,0,0,0,0,0,0,0,0,0,0
10/4/2011 1:30,0,0,0,0,0,0,0,0,0,0
10/4/2011 1:40,0,0,0,0,0,0,0,0,0,0
10/4/2011 1:50,0,0,0,0,0,0,0,0,0,0
10/4/2011 2:00,0,0,0,0,0,0,0,0,0,0
10/4/2011 2:10,0,0,0,0,0,0,0,0,0,0
10/4/2011 2:20,0,0,0,0,0,0,0,0,0.004,0
10/4/2011 2:30,0,0,0,0,0,0,0,0,0.005,0
10/4/2011 2:40,0,0,0,0,0,0,0,0,0.012,0
10/4/2011 2:50,0,0,0,0,0,0,0,0,0.013,0
10/4/2011 3:00,0,0,0,0,0,0,0,0.005,0.021,0
10/4/2011 3:10,0,0,0,0,0,0,0,0.013,0.031,0
10/4/2011 3:20,0,0,0,0,0,0,0,0.019,0.036,0
10/4/2011 3:30,0,0,0,0,0,0,0,0.02,0.039,0
10/4/2011 3:40,0,0,0,0,0,0,0,0.027,0.044,0
10/4/2011 3:50,0,0,0,0,0,0,0,0.03,0.048,0
10/4/2011 4:00,0,0,0,0,0,0,0,0.037,0.052,0
10/4/2011 4:10,0,0,0,0,0,0,0,0.048,0.06,0
10/4/2011 4:20,0,0,0,0,0,0,0,0.062,0.07,0
10/4/2011 4:30,0,0,0,0,0,0,0,0.067,0.076,0
10/4/2011 4:40,0,0,0,0,0,0,0,0.079,0.088,0
10/4/2011 4:50,0,0,0,0,0,0,0,0.075,0.09,0
10/4/2011 5:00,0,0,0,0,0,0,0,0.08,0.095,0
10/4/2011 5:10,0,0,0,0,0,0,0,0.079,0.098,0
10/4/2011 5:20,0,0,0,0,0,0,0,0.078,0.101,0
10/4/2011 5:30,0,0,0,0,0,0,0,0.076,0.103,0
10/4/2011 5:40,0,0,0,0,0,0,0,0.069,0.101,0
10/4/2011 5:50,0.002,0,0,0,0,0,0,0.069,0.102,0
10/4/2011 6:00,0.004,0,0.001,0.001,0.001,0.001,0,0.062,0.1,0
10/4/2011 6:10,0.008,0,0.001,0.001,0.001,0.001,0,0.061,0.099,0
10/4/2011 6:20,0.014,0,0.002,0.002,0.002,0.002,0,0.058,0.097,0
10/4/2011 6:30,0.019,0,0.002,0.003,0.003,0.003,0,0.062,0.1,0
10/4/2011 6:40,0.024,0,0.003,0.004,0.004,0.003,0,0.067,0.103,0
10/4/2011 6:50,0.029,0,0.004,0.005,0.005,0.004,0,0.068,0.105,0
10/4/2011 7:00,0.029,0,0.004,0.005,0.005,0.004,0,0.069,0.107,0
10/4/2011 7:10,0.033,0,0.005,0.006,0.006,0.005,0,0.069,0.107,0
10/4/2011 7:20,0.039,0,0.005,0.007,0.007,0.006,0,0.067,0.105,0
10/4/2011 7:30,0.044,0,0.006,0.008,0.008,0.007,0,0.071,0.104,0
10/4/2011 7:40,0.046,0,0.006,0.008,0.009,0.007,0,0.075,0.103,0
10/4/2011 7:50,0.046,0,0.006,0.008,0.008,0.02,0,0.08,0.105,0
10/4/2011 8:00,0.054,0,0.007,0.01,0.01,0.017,0,0.082,0.095,0
10/4/2011 8:10,0.069,0,0.009,0.01,0.01,0.012,0,0.088,0.085,0
10/4/2011 8:20,0.137,0,0.009,0.01,0.01,0.014,0,0.095,0.09,0.008
10/4/2011 8:30,0.071,0,0.023,0.013,0.014,0.009,0,0.096,0.095,0
10/4/2011 8:40,0.065,0,0.036,0.021,0.012,0.01,0,0.09,0.067,0
10/4/2011 8:50,0.075,0,0.043,0.061,0.034,0.012,0,0.09,0.079,0
10/4/2011 9:00,0.081,0,0.046,0.066,0.061,0.016,0,0.087,0.083,0
10/4/2011 9:10,0.086,0,0.05,0.072,0.073,0.016,0,0.083,0.083,0.004
10/4/2011 9:20,0.087,0,0.052,0.075,0.075,0.019,0,0.08,0.081,0
10/4/2011 9:30,0.086,0,0.056,0.078,0.079,0.046,0,0.078,0.087,0.001
10/4/2011 9:40,0.102,0,0.058,0.08,0.081,0.057,0,0.072,0.089,0.005
10/4/2011 9:50,0.112,0,0.06,0.082,0.083,0.059,0,0.072,0.097,0.008
10/4/2011 10:00,0.378,0,0.063,0.085,0.086,0.061,0,0.073,0.105,0.162
10/4/2011 10:10,0.429,0,0.066,0.09,0.09,0.065,0,0.075,0.114,0.183
10/4/2011 10:20,0.438,0,0.068,0.091,0.092,0.067,0,0.077,0.123,0.174
10/4/2011 10:30,0.448,0,0.07,0.093,0.094,0.069,0,0.077,0.136,0.158
10/4/2011 10:40,0.458,0,0.071,0.095,0.096,0.071,0,0.084,0.158,0.129
10/4/2011 10:50,0.464,0,0.073,0.096,0.097,0.073,0,0.092,0.185,0.079
10/4/2011 11:00,0.474,0,0.074,0.098,0.099,0.076,0,0.087,0.182,0.053
10/4/2011 11:10,0.481,0,0.076,0.099,0.1,0.078,0,0.048,0.155,0.062
10/4/2011 11:20,0.487,0,0.076,0.1,0.101,0.08,0,0.001,0.101,0.089
10/4/2011 11:30,0.484,0,0.076,0.099,0.1,0.079,0,0,0.034,0.109
10/4/2011 11:40,0.494,0,0.077,0.101,0.102,0.082,0,0,0,0.133
10/4/2011 11:50,0.493,0,0.077,0.101,0.102,0.083,0,0,0,0.148
10/4/2011 12:00,0.487,0,0.076,0.099,0.101,0.083,0,0,0,0.156
10/4/2011 12:10,0.48,0,0.076,0.098,0.1,0.082,0,0,0,0.171
10/4/2011 12:20,0.437,0,0.07,0.09,0.092,0.076,0,0,0,0.162
10/4/2011 12:30,0.312,0,0.047,0.061,0.063,0.053,0,0,0,0.107
10/4/2011 12:40,0.25,0,0.039,0.05,0.052,0.044,0,0,0,0.073
10/4/2011 12:50,0.467,0,0.075,0.096,0.098,0.082,0,0,0,0.153
10/4/2011 13:00,0.297,0,0.046,0.059,0.061,0.052,0,0,0,0.101
10/4/2011 13:10,0.308,0,0.047,0.061,0.063,0.054,0,0,0,0.098
10/4/2011 13:20,0.38,0,0.061,0.079,0.08,0.069,0,0,0,0.148
10/4/2011 13:30,0.444,0,0.072,0.092,0.094,0.081,0,0,0,0.155
10/4/2011 13:40,0.41,0,0.067,0.087,0.088,0.076,0,0,0,0.123
10/4/2011 13:50,0.399,0,0.066,0.084,0.085,0.074,0,0,0,0.116
10/4/2011 14:00,0.398,0,0.065,0.084,0.085,0.074,0,0,0,0.112
10/4/2011 14:10,0.299,0,0.048,0.063,0.064,0.056,0,0,0,0.086
10/4/2011 14:20,0.322,0,0.054,0.069,0.069,0.061,0,0,0,0.08
10/4/2011 14:30,0.305,0,0.051,0.066,0.067,0.059,0,0,0,0.06
10/4/2011 14:40,0.29,0,0.049,0.063,0.063,0.056,0,0,0,0.059
10/4/2011 14:50,0.278,0,0.048,0.061,0.061,0.055,0,0,0,0.05
10/4/2011 15:00,0.261,0,0.045,0.058,0.058,0.052,0,0,0,0.042
10/4/2011 15:10,0.239,0,0.041,0.053,0.053,0.048,0,0,0,0.029
10/4/2011 15:20,0.217,0,0.038,0.034,0.048,0.04,0,0,0,0.018
10/4/2011 15:30,0.195,0,0.034,0.014,0.043,0.033,0,0,0,0.01
10/4/2011 15:40,0.176,0,0.03,0.014,0.024,0.032,0,0,0,0.003
10/4/2011 15:50,0.153,0,0.012,0.028,0.012,0.031,0,0,0,0
10/4/2011 16:00,0.124,0,0.008,0.027,0.01,0.021,0,0,0,0
10/4/2011 16:10,0.079,0,0.006,0.012,0.008,0.007,0,0,0,0
10/4/2011 16:20,0.059,0,0.005,0.007,0.007,0.006,0,0,0,0
10/4/2011 16:30,0.087,0,0.007,0.009,0.009,0.008,0,0,0,0
10/4/2011 16:40,0.042,0,0.005,0.006,0.007,0.006,0,0,0,0
10/4/2011 16:50,0.045,0,0.005,0.006,0.007,0.005,0,0.001,0,0
10/4/2011 17:00,0.029,0,0.003,0.004,0.005,0.004,0,0.005,0,0
10/4/2011 17:10,0.018,0,0.002,0.003,0.003,0.002,0,0.003,0,0
10/4/2011 17:20,0.009,0,0.001,0.001,0.001,0.001,0,0.002,0,0
10/4/2011 17:30,0.004,0,0,0.001,0.001,0.001,0,0.001,0,0
10/4/2011 17:40,0.001,0,0,0,0,0,0,0,0,0
10/4/2011 17:50,0,0,0,0,0,0,0,0,0,0
10/4/2011 18:00,0,0,0,0,0,0,0,0,0,0
10/4/2011 18:10,0,0,0,0,0,0,0,0,0,0
10/4/2011 18:20,0,0,0,0,0,0,0,0,0,0
10/4/2011 18:30,0,0,0,0,0,0,0,0,0,0
10/4/2011 18:40,0,0,0,0,0,0,0,0,0,0
10/4/2011 18:50,0,0,0,0,0,0,0,0,0,0
10/4/2011 19:00,0,0,0,0,0,0,0,0,0,0
10/4/2011 19:10,0,0,0,0,0,0,0,0,0,0
10/4/2011 19:20,0,0,0,0,0,0,0,0,0,0
10/4/2011 19:30,0,0,0,0,0,0,0,0,0,0
10/4/2011 19:40,0,0,0,0,0,0,0,0,0,0
10/4/2011 19:50,0,0,0,0,0,0,0,0,0,0
10/4/2011 20:00,0,0,0,0,0,0,0,0,0,0
10/4/2011 20:10,0,0,0,0,0,0,0,0,0,0
10/4/2011 20:20,0,0,0,0,0,0,0,0,0,0
10/4/2011 20:30,0,0,0,0,0,0,0,0,0,0
10/4/2011 20:40,0,0,0,0,0,0,0,0,0,0
10/4/2011 20:50,0,0,0,0,0,0,0,0,0,0
10/4/2011 21:00,0,0,0,0,0,0,0,0,0,0
10/4/2011 21:10,0,0,0,0,0,0,0,0,0,0
10/4/2011 21:20,0,0,0,0,0,0,0,0,0,0
10/4/2011 21:30,0,0,0,0,0,0,0,0,0,0
10/4/2011 21:40,0,0,0,0,0,0,0,0,0,0
10/4/2011 21:50,0,0,0,0,0,0,0,0,0,0
10/4/2011 22:00,0,0,0,0,0,0,0,0,0,0
10/4/2011 22:10,0,0,0,0,0,0,0,0,0,0
10/4/2011 22:20,0,0,0,0,0,0,0,0,0,0
10/4/2011 22:30,0,0,0,0,0,0,0,0,0,0
10/4/2011 22:40,0,0,0,0,0,0,0,0,0,0
10/4/2011 22:50,0,0,0,0,0,0,0,0,0,0
10/4/2011 23:00,0,0,0,0,0,0,0,0,0,0
10/4/2011 23:10,0,0,0,0,0,0,0,0,0,0
10/4/2011 23:20,0,0,0,0,0,0,0,0,0,0
10/4/2011 23:30,0,0,0,0,0,0,0,0,0,0
10/4/2011 23:40,0,0,0,0,0,0,0,0,0,0
10/4/2011 23:50,0,0,0,0,0,0,0,0,0,0
10/5/2011 0:00,0,0,0,0,0,0,0,0,0,0
10/5/2011 0:10,0,0,0,0,0,0,0,0,0,0
10/5/2011 0:20,0,0,0,0,0,0,0,0,0,0
10/5/2011 0:30,0,0,0,0,0,0,0,0,0,0
10/5/2011 0:40,0,0,0,0,0,0,0,0,0,0
10/5/2011 0:50,0,0,0,0,0,0,0,0,0,0
10/5/2011 1:00,0,0,0,0,0,0,0,0,0,0
10/5/2011 1:10,0,0,0,0,0,0,0,0,0,0
10/5/2011 1:20,0,0,0,0,0,0,0,0,0,0
10/5/2011 1:30,0,0,0,0,0,0,0,0,0,0
10/5/2011 1:40,0,0,0,0,0,0,0,0,0,0
10/5/2011 1:50,0,0,0,0,0,0,0,0,0,0
10/5/2011 2:00,0,0,0,0,0,0,0,0,0,0
10/5/2011 2:10,0,0,0,0,0,0,0,0,0,0
10/5/2011 2:20,0,0,0,0,0,0,0,0,0,0
10/5/2011 2:30,0,0,0,0,0,0,0,0,0,0
10/5/2011 2:40,0,0,0,0,0,0,0,0,0,0
10/5/2011 2:50,0,0,0,0,0,0,0,0,0,0
10/5/2011 3:00,0,0,0,0,0,0,0,0,0,0
10/5/2011 3:10,0,0,0,0,0,0,0,0,0,0
10/5/2011 3:20,0,0,0,0,0,0,0,0,0,0
10/5/2011 3:30,0,0,0,0,0,0,0,0,0,0
10/5/2011 3:40,0,0,0,0,0,0,0,0,0,0
10/5/2011 3:50,0,0,0,0,0,0,0,0,0,0
10/5/2011 4:00,0,0,0,0,0,0,0,0,0,0
10/5/2011 4:10,0,0,0,0,0,0,0,0,0,0
10/5/2011 4:20,0,0,0,0,0,0,0,0,0,0
10/5/2011 4:30,0,0,0,0,0,0,0,0,0,0
10/5/2011 4:40,0,0,0,0,0,0,0,0,0,0
10/5/2011 4:50,0,0,0,0,0,0,0,0,0,0
10/5/2011 5:00,0,0,0,0,0,0,0,0,0,0
10/5/2011 5:10,0,0,0,0,0,0,0,0,0,0
10/5/2011 5:20,0,0,0,0,0,0,0,0,0,0
10/5/2011 5:30,0,0,0,0,0,0,0,0,0,0
10/5/2011 5:40,0.001,0,0,0,0,0,0,0,0,0
10/5/2011 5:50,0.002,0,0,0,0,0,0,0,0,0
10/5/2011 6:00,0.004,0,0.001,0.001,0.001,0.001,0.001,0.001,0.001,0
10/5/2011 6:10,0.009,0,0.001,0.001,0.002,0.001,0.002,0.002,0.001,0
10/5/2011 6:20,0.014,0,0.002,0.002,0.002,0.002,0.002,0.002,0.002,0
10/5/2011 6:30,0.018,0,0.002,0.003,0.003,0.003,0.003,0.003,0.002,0
10/5/2011 6:40,0.023,0,0.003,0.004,0.004,0.003,0.004,0.004,0.003,0
10/5/2011 6:50,0.028,0,0.004,0.005,0.005,0.004,0.005,0.005,0.004,0
10/5/2011 7:00,0.032,0,0.004,0.006,0.006,0.005,0.006,0.006,0.005,0
10/5/2011 7:10,0.04,0,0.005,0.007,0.007,0.006,0.008,0.008,0.006,0
10/5/2011 7:20,0.056,0,0.007,0.01,0.01,0.009,0.011,0.011,0.009,0
10/5/2011 7:30,0.055,0,0.008,0.01,0.011,0.009,0.011,0.011,0.009,0
10/5/2011 7:40,0.057,0,0.008,0.011,0.011,0.009,0.011,0.011,0.009,0
10/5/2011 7:50,0.08,0,0.011,0.015,0.016,0.022,0.016,0.016,0.013,0
10/5/2011 8:00,0.12,0,0.017,0.024,0.023,0.026,0.023,0.026,0.019,0
10/5/2011 8:10,0.134,0,0.013,0.017,0.018,0.016,0.018,0.018,0.016,0
10/5/2011 8:20,0.162,0,0.012,0.015,0.016,0.015,0.021,0.017,0.014,0
10/5/2011 8:30,0.106,0,0.023,0.019,0.02,0.014,0.039,0.02,0.017,0
10/5/2011 8:40,0.094,0,0.04,0.022,0.021,0.015,0.019,0.022,0.02,0
10/5/2011 8:50,0.099,0,0.044,0.063,0.039,0.017,0.021,0.031,0.018,0
10/5/2011 9:00,0.099,0,0.046,0.065,0.065,0.018,0.021,0.027,0.02,0
10/5/2011 9:10,0.119,0,0.049,0.069,0.072,0.019,0.021,0.023,0.02,0
10/5/2011 9:20,0.095,0,0.052,0.073,0.075,0.03,0.02,0.02,0.019,0
10/5/2011 9:30,0.105,0,0.055,0.076,0.078,0.054,0.023,0.024,0.018,0
10/5/2011 9:40,0.151,0,0.062,0.084,0.086,0.062,0.069,0.035,0.027,0
10/5/2011 9:50,0.206,0,0.063,0.084,0.086,0.063,0.086,0.08,0.031,0
10/5/2011 10:00,0.359,0,0.057,0.076,0.079,0.058,0.08,0.08,0.061,0.018
10/5/2011 10:10,0.414,0,0.065,0.087,0.089,0.065,0.09,0.091,0.075,0.032
10/5/2011 10:20,0.418,0,0.065,0.087,0.089,0.066,0.09,0.091,0.075,0.036
10/5/2011 10:30,0.457,0,0.071,0.094,0.096,0.072,0.098,0.099,0.082,0.054
10/5/2011 10:40,0.476,0,0.074,0.098,0.1,0.076,0.102,0.102,0.085,0.066
10/5/2011 10:50,0.481,0,0.075,0.098,0.1,0.078,0.102,0.103,0.085,0.071
10/5/2011 11:00,0.487,0,0.076,0.099,0.101,0.079,0.103,0.104,0.085,0.081
10/5/2011 11:10,0.332,0,0.051,0.066,0.068,0.055,0.069,0.069,0.056,0.01
10/5/2011 11:20,0.344,0,0.054,0.069,0.071,0.057,0.072,0.072,0.058,0.014
10/5/2011 11:30,0.36,0,0.055,0.072,0.074,0.06,0.075,0.076,0.062,0.02
10/5/2011 11:40,0.534,0,0.083,0.107,0.11,0.089,0.112,0.113,0.093,0.09
10/5/2011 11:50,0.426,0,0.064,0.083,0.085,0.071,0.088,0.089,0.074,0.072
10/5/2011 12:00,0.547,0,0.084,0.108,0.112,0.093,0.114,0.115,0.094,0.075
10/5/2011 12:10,0.532,0,0.082,0.105,0.109,0.091,0.111,0.113,0.093,0.087
10/5/2011 12:20,0.523,0,0.082,0.105,0.109,0.091,0.11,0.112,0.092,0.082
10/5/2011 12:30,0.478,0,0.074,0.095,0.098,0.083,0.101,0.101,0.083,0.082
10/5/2011 12:40,0.272,0,0.04,0.052,0.054,0.046,0.055,0.055,0.045,0.016
10/5/2011 12:50,0.437,0,0.068,0.086,0.089,0.076,0.091,0.091,0.075,0.071
10/5/2011 13:00,0.558,0,0.087,0.111,0.115,0.099,0.118,0.119,0.097,0.109
10/5/2011 13:10,0.513,0,0.08,0.102,0.105,0.091,0.108,0.108,0.088,0.104
10/5/2011 13:20,0.275,0,0.039,0.051,0.053,0.046,0.056,0.057,0.046,0.022
10/5/2011 13:30,0.219,0,0.031,0.04,0.041,0.036,0.042,0.043,0.034,0
10/5/2011 13:40,0.411,0,0.065,0.082,0.084,0.073,0.086,0.086,0.07,0.053
10/5/2011 13:50,0.479,0,0.076,0.096,0.099,0.086,0.102,0.103,0.084,0.086
10/5/2011 14:00,0.339,0,0.053,0.068,0.069,0.06,0.072,0.072,0.059,0.036
10/5/2011 14:10,0.285,0,0.043,0.054,0.057,0.05,0.06,0.061,0.051,0.024
10/5/2011 14:20,0.217,0,0.033,0.042,0.043,0.038,0.045,0.046,0.037,0.002
10/5/2011 14:30,0.204,0,0.031,0.039,0.04,0.035,0.042,0.042,0.034,0.006
10/5/2011 14:40,0.131,0,0.019,0.024,0.025,0.022,0.026,0.026,0.021,0
10/5/2011 14:50,0.104,0,0.015,0.019,0.019,0.017,0.02,0.021,0.016,0
10/5/2011 15:00,0.164,0,0.026,0.032,0.033,0.03,0.035,0.035,0.029,0
10/5/2011 15:10,0.13,0,0.02,0.024,0.025,0.022,0.026,0.024,0.021,0
10/5/2011 15:20,0.118,0,0.018,0.018,0.023,0.018,0.024,0.021,0.019,0
10/5/2011 15:30,0.122,0,0.019,0.017,0.024,0.02,0.025,0.02,0.015,0
10/5/2011 15:40,0.092,0,0.013,0.015,0.017,0.014,0.017,0.017,0.013,0
10/5/2011 15:50,0.11,0,0.014,0.019,0.018,0.018,0.019,0.022,0.015,0
10/5/2011 16:00,0.078,0,0.01,0.013,0.013,0.012,0.014,0.014,0.011,0
10/5/2011 16:10,0.057,0.002,0.007,0.009,0.009,0.008,0.01,0.01,0.008,0.002
10/5/2011 16:20,0.054,0,0.006,0.007,0.008,0.007,0.008,0.008,0.007,0.003
10/5/2011 16:30,0.041,0,0.005,0.006,0.006,0.005,0.006,0.006,0.006,0.002
10/5/2011 16:40,0.026,0,0.003,0.004,0.004,0.003,0.004,0.004,0.004,0.001
10/5/2011 16:50,0.018,0,0.002,0.002,0.003,0.002,0.003,0.003,0.002,0.001
10/5/2011 17:00,0.012,0,0.002,0.002,0.002,0.002,0.002,0.002,0.002,0.001
10/5/2011 17:10,0.008,0,0.001,0.001,0.001,0.001,0.002,0.002,0.001,0
10/5/2011 17:20,0.004,0,0.001,0.001,0.001,0.001,0.001,0.001,0.001,0
10/5/2011 17:30,0.002,0,0,0,0,0,0,0,0,0
10/5/2011 17:40,0,0,0,0,0,0,0,0,0,0
10/5/2011 17:50,0,0,0,0,0,0,0,0,0,0
10/5/2011 18:00,0,0,0,0,0,0,0,0,0,0
10/5/2011 18:10,0,0,0,0,0,0,0,0,0,0
10/5/2011 18:20,0,0,0,0,0,0,0,0,0,0
10/5/2011 18:30,0,0,0,0,0,0,0,0,0,0
10/5/2011 18:40,0,0,0,0,0,0,0,0,0,0
10/5/2011 18:50,0,0,0,0,0,0,0,0,0,0
10/5/2011 19:00,0,0,0,0,0,0,0,0,0,0
10/5/2011 19:10,0,0,0,0,0,0,0,0,0,0
10/5/2011 19:20,0,0,0,0,0,0,0,0,0,0
10/5/2011 19:30,0,0,0,0,0,0,0,0,0,0
10/5/2011 19:40,0,0,0,0,0,0,0,0,0,0
10/5/2011 19:50,0,0,0,0,0,0,0,0,0,0
10/5/2011 20:00,0,0,0,0,0,0,0,0,0,0
10/5/2011 20:10,0,0,0,0,0,0,0,0,0,0
10/5/2011 20:20,0,0,0,0,0,0,0,0,0,0
10/5/2011 20:30,0,0,0,0,0,0,0,0,0,0
10/5/2011 20:40,0,0,0,0,0,0,0,0,0,0
10/5/2011 20:50,0,0,0,0,0,0,0,0,0,0
10/5/2011 21:00,0,0,0,0,0,0,0,0,0,0
10/5/2011 21:10,0,0,0,0,0,0,0,0,0,0
10/5/2011 21:20,0,0,0,0,0,0,0,0,0,0
10/5/2011 21:30,0,0,0,0,0,0,0,0,0,0
10/5/2011 21:40,0,0,0,0,0,0,0,0,0,0
10/5/2011 21:50,0,0,0,0,0,0,0,0,0,0
10/5/2011 22:00,0,0,0,0,0,0,0,0,0,0
10/5/2011 22:10,0,0,0,0,0,0,0,0,0,0
10/5/2011 22:20,0,0,0,0,0,0,0,0,0,0
10/5/2011 22:30,0,0,0,0,0,0,0,0,0,0
10/5/2011 22:40,0,0,0,0,0,0,0,0,0,0
10/5/2011 22:50,0,0,0,0,0,0,0,0,0,0
10/5/2011 23:00,0,0,0,0,0,0,0,0,0,0
10/5/2011 23:10,0,0,0,0,0,0,0,0,0,0
10/5/2011 23:20,0,0,0,0,0,0,0,0,0,0
10/5/2011 23:30,0,0,0,0,0,0,0,0,0,0
10/5/2011 23:40,0,0,0,0,0,0,0,0,0,0
10/5/2011 23:50,0,0,0,0,0,0,0,0,0,0
10/6/2011 0:00,0,0,0,0,0,0,0,0,0,0
10/6/2011 0:10,0,0,0,0,0,0,0,0,0,0
10/6/2011 0:20,0,0,0,0,0,0,0,0,0,0
10/6/2011 0:30,0,0,0,0,0,0,0,0,0,0
10/6/2011 0:40,0,0,0,0,0,0,0,0,0,0
10/6/2011 0:50,0,0,0,0,0,0,0,0,0,0
10/6/2011 1:00,0,0,0,0,0,0,0,0,0,0
10/6/2011 1:10,0,0,0,0,0,0,0,0,0,0
10/6/2011 1:20,0,0,0,0,0,0,0,0,0,0
10/6/2011 1:30,0,0,0,0,0,0,0,0,0,0
10/6/2011 1:40,0,0,0,0,0,0,0,0,0,0
10/6/2011 1:50,0,0,0,0,0,0,0,0,0,0
10/6/2011 2:00,0,0,0,0,0,0,0,0,0,0
10/6/2011 2:10,0,0,0,0,0,0,0,0,0,0
10/6/2011 2:20,0,0,0,0,0,0,0,0,0,0
10/6/2011 2:30,0,0,0,0,0,0,0,0,0,0
10/6/2011 2:40,0,0,0,0,0,0,0,0,0,0
10/6/2011 2:50,0,0,0,0,0,0,0,0,0,0
10/6/2011 3:00,0,0,0,0,0,0,0,0,0,0
10/6/2011 3:10,0,0,0,0,0,0,0,0,0,0
10/6/2011 3:20,0,0,0,0,0,0,0,0,0,0
10/6/2011 3:30,0,0,0,0,0,0,0,0,0,0
10/6/2011 3:40,0,0,0,0,0,0,0,0,0,0
10/6/2011 3:50,0,0,0,0,0,0,0,0,0,0
10/6/2011 4:00,0,0,0,0,0,0,0,0,0,0
10/6/2011 4:10,0,0,0,0,0,0,0,0,0,0
10/6/2011 4:20,0,0,0,0,0,0,0,0,0,0
10/6/2011 4:30,0,0,0,0,0,0,0,0,0,0
10/6/2011 4:40,0,0,0,0,0,0,0,0,0,0
10/6/2011 4:50,0,0,0,0,0,0,0,0,0,0
10/6/2011 5:00,0,0,0,0,0,0,0,0,0,0
10/6/2011 5:10,0,0,0,0,0,0,0,0,0,0
10/6/2011 5:20,0,0,0,0,0,0,0,0,0,0
10/6/2011 5:30,0,0,0,0,0,0,0,0,0,0
10/6/2011 5:40,0,0,0,0,0,0,0,0,0,0
10/6/2011 5:50,0.001,0,0,0,0,0,0,0,0,0
10/6/2011 6:00,0.003,0,0,0,0,0,0,0,0,0
10/6/2011 6:10,0.008,0.002,0.001,0.001,0.002,0.001,0.002,0.002,0.001,0
10/6/2011 6:20,0.017,0.003,0.002,0.003,0.003,0.002,0.003,0.003,0.002,0.001
10/6/2011 6:30,0.027,0.005,0.003,0.004,0.005,0.004,0.005,0.005,0.004,0.001
10/6/2011 6:40,0.03,0.005,0.004,0.005,0.005,0.004,0.005,0.006,0.004,0.002
10/6/2011 6:50,0.042,0.007,0.005,0.007,0.007,0.006,0.008,0.008,0.006,0.002
10/6/2011 7:00,0.051,0.009,0.007,0.008,0.009,0.008,0.009,0.01,0.008,0.002
10/6/2011 7:10,0.052,0.01,0.007,0.009,0.01,0.008,0.01,0.01,0.008,0.002
10/6/2011 7:20,0.063,0.012,0.009,0.011,0.012,0.01,0.012,0.013,0.01,0.003
10/6/2011 7:30,0.072,0.014,0.01,0.013,0.014,0.011,0.014,0.014,0.011,0.003
10/6/2011 7:40,0.081,0.016,0.011,0.015,0.016,0.013,0.016,0.016,0.013,0.004
10/6/2011 7:50,0.09,0.018,0.013,0.016,0.017,0.017,0.018,0.018,0.014,0.004
10/6/2011 8:00,0.105,0.021,0.015,0.019,0.02,0.019,0.02,0.021,0.017,0.005
10/6/2011 8:10,0.119,0.024,0.017,0.021,0.023,0.019,0.023,0.023,0.02,0.006
10/6/2011 8:20,0.159,0.034,0.021,0.027,0.029,0.024,0.03,0.029,0.025,0.008
10/6/2011 8:30,0.148,0.031,0.025,0.028,0.029,0.023,0.033,0.03,0.026,0.007
10/6/2011 8:40,0.121,0.026,0.032,0.028,0.025,0.02,0.024,0.026,0.023,0.006
10/6/2011 8:50,0.119,0.035,0.035,0.047,0.033,0.021,0.024,0.031,0.021,0.006
10/6/2011 9:00,0.126,0.06,0.041,0.056,0.058,0.022,0.026,0.033,0.023,0.007
10/6/2011 9:10,0.146,0.059,0.04,0.054,0.057,0.022,0.027,0.03,0.024,0.008
10/6/2011 9:20,0.135,0.06,0.041,0.054,0.057,0.033,0.028,0.028,0.027,0.007
10/6/2011 9:30,0.136,0.066,0.045,0.06,0.063,0.045,0.029,0.031,0.023,0.007
10/6/2011 9:40,0.142,0.079,0.054,0.071,0.075,0.055,0.062,0.039,0.026,0.008
10/6/2011 9:50,0.209,0.087,0.06,0.079,0.083,0.06,0.083,0.08,0.027,0.012
10/6/2011 10:00,0.344,0.082,0.057,0.075,0.078,0.058,0.079,0.079,0.055,0.019
10/6/2011 10:10,0.374,0.084,0.058,0.075,0.079,0.059,0.08,0.081,0.067,0.02
10/6/2011 10:20,0.386,0.086,0.06,0.077,0.081,0.062,0.083,0.083,0.069,0.02
10/6/2011 10:30,0.35,0.077,0.054,0.069,0.073,0.056,0.074,0.074,0.061,0.018
10/6/2011 10:40,0.364,0.08,0.056,0.072,0.076,0.059,0.077,0.077,0.064,0.019
10/6/2011 10:50,0.403,0.089,0.062,0.079,0.084,0.066,0.085,0.085,0.07,0.021
10/6/2011 11:00,0.398,0.087,0.061,0.078,0.082,0.065,0.083,0.084,0.069,0.021
10/6/2011 11:10,0.36,0.078,0.055,0.07,0.074,0.059,0.075,0.075,0.062,0.019
10/6/2011 11:20,0.348,0.075,0.053,0.067,0.071,0.058,0.073,0.073,0.06,0.019
10/6/2011 11:30,0.4,0.087,0.061,0.078,0.082,0.067,0.084,0.084,0.069,0.022
10/6/2011 11:40,0.405,0.088,0.062,0.079,0.083,0.068,0.085,0.085,0.07,0.022
10/6/2011 11:50,0.455,0.1,0.07,0.089,0.094,0.077,0.096,0.096,0.079,0.025
10/6/2011 12:00,0.42,0.092,0.065,0.082,0.086,0.072,0.088,0.089,0.073,0.023
10/6/2011 12:10,0.436,0.076,0.053,0.061,0.09,0.075,0.092,0.093,0.076,0.024
10/6/2011 12:20,0.443,0.086,0.051,0.048,0.092,0.077,0.094,0.095,0.077,0.025
10/6/2011 12:30,0.413,0.091,0.06,0.071,0.086,0.073,0.088,0.089,0.073,0.023
10/6/2011 12:40,0.47,0.105,0.073,0.091,0.099,0.084,0.101,0.102,0.083,0.026
10/6/2011 12:50,0.442,0.1,0.07,0.088,0.094,0.08,0.097,0.097,0.079,0.025
10/6/2011 13:00,0.417,0.095,0.067,0.084,0.09,0.077,0.092,0.092,0.076,0.024
10/6/2011 13:10,0.336,0.076,0.054,0.067,0.071,0.061,0.074,0.074,0.06,0.019
10/6/2011 13:20,0.364,0.083,0.059,0.073,0.078,0.067,0.08,0.08,0.065,0.021
10/6/2011 13:30,0.396,0.097,0.068,0.085,0.09,0.078,0.093,0.093,0.077,0.024
10/6/2011 13:40,0.342,0.079,0.057,0.07,0.074,0.064,0.077,0.077,0.063,0.02
10/6/2011 13:50,0.383,0.09,0.064,0.079,0.083,0.073,0.087,0.087,0.072,0.023
10/6/2011 14:00,0.353,0.083,0.059,0.074,0.077,0.068,0.081,0.081,0.067,0.021
10/6/2011 14:10,0.301,0.071,0.05,0.063,0.066,0.058,0.069,0.069,0.057,0.018
10/6/2011 14:20,0.348,0.084,0.059,0.073,0.077,0.068,0.08,0.081,0.067,0.021
10/6/2011 14:30,0.32,0.078,0.054,0.068,0.071,0.063,0.074,0.075,0.062,0.02
10/6/2011 14:40,0.288,0.071,0.049,0.062,0.064,0.057,0.067,0.068,0.057,0.018
10/6/2011 14:50,0.265,0.066,0.046,0.057,0.06,0.053,0.062,0.063,0.053,0.017
10/6/2011 15:00,0.254,0.064,0.044,0.055,0.057,0.052,0.06,0.061,0.051,0.014
10/6/2011 15:10,0.237,0.06,0.042,0.052,0.054,0.047,0.056,0.046,0.048,0.005
10/6/2011 15:20,0.215,0.054,0.038,0.034,0.049,0.038,0.051,0.022,0.043,0.004
10/6/2011 15:30,0.192,0.049,0.034,0.014,0.044,0.021,0.044,0.016,0.017,0.006
10/6/2011 15:40,0.175,0.045,0.031,0.013,0.016,0.026,0.017,0.022,0.01,0.011
10/6/2011 15:50,0.153,0.039,0.013,0.023,0.011,0.032,0.011,0.036,0.009,0.01
10/6/2011 16:00,0.132,0.033,0.007,0.029,0.01,0.025,0.01,0.024,0.008,0.009
10/6/2011 16:10,0.112,0.028,0.006,0.023,0.009,0.008,0.009,0.009,0.007,0.007
10/6/2011 16:20,0.092,0.015,0.005,0.01,0.008,0.006,0.007,0.007,0.007,0.006
10/6/2011 16:30,0.053,0.007,0.004,0.006,0.006,0.005,0.006,0.008,0.012,0.005
10/6/2011 16:40,0.04,0.005,0.004,0.005,0.005,0.004,0.005,0.006,0.007,0.002
10/6/2011 16:50,0.027,0.004,0.003,0.004,0.004,0.003,0.004,0.004,0.003,0.001
10/6/2011 17:00,0.019,0.003,0.002,0.003,0.003,0.002,0.003,0.003,0.002,0.001
10/6/2011 17:10,0.011,0.002,0.001,0.002,0.002,0.002,0.002,0.002,0.002,0
10/6/2011 17:20,0.005,0.001,0.001,0.001,0.001,0.001,0.001,0.001,0.001,0
10/6/2011 17:30,0.002,0,0,0,0,0,0,0,0,0
10/6/2011 17:40,0,0,0,0,0,0,0,0,0,0
10/6/2011 17:50,0,0,0,0,0,0,0,0,0,0
10/6/2011 18:00,0,0,0,0,0,0,0,0,0,0
10/6/2011 18:10,0,0,0,0,0,0,0,0,0,0
10/6/2011 18:20,0,0,0,0,0,0,0,0,0,0
10/6/2011 18:30,0,0,0,0,0,0,0,0,0,0
10/6/2011 18:40,0,0,0,0,0,0,0,0,0,0
10/6/2011 18:50,0,0,0,0,0,0,0,0,0,0
10/6/2011 19:00,0,0,0,0,0,0,0,0,0,0
10/6/2011 19:10,0,0,0,0,0,0,0,0,0,0
10/6/2011 19:20,0,0,0,0,0,0,0,0,0,0
10/6/2011 19:30,0,0,0,0,0,0,0,0,0,0
10/6/2011 19:40,0,0,0,0,0,0,0,0,0,0
10/6/2011 19:50,0,0,0,0,0,0,0,0,0,0
10/6/2011 20:00,0,0,0,0,0,0,0,0,0,0
10/6/2011 20:10,0,0,0,0,0,0,0,0,0,0
10/6/2011 20:20,0,0,0,0,0,0,0,0,0,0
10/6/2011 20:30,0,0,0,0,0,0,0,0,0,0
10/6/2011 20:40,0,0,0,0,0,0,0,0,0,0
10/6/2011 20:50,0,0,0,0,0,0,0,0,0,0
10/6/2011 21:00,0,0,0,0,0,0,0,0,0,0
10/6/2011 21:10,0,0,0,0,0,0,0,0,0,0
10/6/2011 21:20,0,0,0,0,0,0,0,0,0,0
10/6/2011 21:30,0,0,0,0,0,0,0,0,0,0
10/6/2011 21:40,0,0,0,0,0,0,0,0,0,0
10/6/2011 21:50,0,0,0,0,0,0,0,0,0,0
10/6/2011 22:00,0,0,0,0,0,0,0,0,0,0
10/6/2011 22:10,0,0,0,0,0,0,0,0,0,0
10/6/2011 22:20,0,0,0,0,0,0,0,0,0,0
10/6/2011 22:30,0,0,0,0,0,0,0,0,0,0
10/6/2011 22:40,0,0,0,0,0,0,0,0,0,0
10/6/2011 22:50,0,0,0,0,0,0,0,0,0,0
10/6/2011 23:00,0,0,0,0,0,0,0,0,0,0
10/6/2011 23:10,0,0,0,0,0,0,0,0,0,0
10/6/2011 23:20,0,0,0,0,0,0,0,0,0,0
10/6/2011 23:30,0,0,0,0,0,0,0,0,0,0
10/6/2011 23:40,0,0,0,0,0,0,0,0,0,0
10/6/2011 23:50,0,0,0,0,0,0,0,0,0,0
10/7/2011 0:00,0,0,0,0,0,0,0,0,0,0
10/7/2011 0:10,0,0,0,0,0,0,0,0,0,0
10/7/2011 0:20,0,0,0,0,0,0,0,0,0,0
10/7/2011 0:30,0,0,0,0,0,0,0,0,0,0
10/7/2011 0:40,0,0,0,0,0,0,0,0,0,0
10/7/2011 0:50,0,0,0,0,0,0,0,0,0,0
10/7/2011 1:00,0,0,0,0,0,0,0,0,0,0
10/7/2011 1:10,0,0,0,0,0,0,0,0,0,0
10/7/2011 1:20,0,0,0,0,0,0,0,0,0,0
10/7/2011 1:30,0,0,0,0,0,0,0,0,0,0
10/7/2011 1:40,0,0,0,0,0,0,0,0,0,0
10/7/2011 1:50,0,0,0,0,0,0,0,0,0,0
10/7/2011 2:00,0,0,0,0,0,0,0,0,0,0
10/7/2011 2:10,0,0,0,0,0,0,0,0,0,0
10/7/2011 2:20,0,0,0,0,0,0,0,0,0,0
10/7/2011 2:30,0,0,0,0,0,0,0,0,0,0
10/7/2011 2:40,0,0,0,0,0,0,0,0,0,0
10/7/2011 2:50,0,0,0,0,0,0,0,0,0,0
10/7/2011 3:00,0,0,0,0,0,0,0,0,0,0
10/7/2011 3:10,0,0,0,0,0,0,0,0,0,0
10/7/2011 3:20,0,0,0,0,0,0,0,0,0,0
10/7/2011 3:30,0,0,0,0,0,0,0,0,0,0
10/7/2011 3:40,0,0,0,0,0,0,0,0,0,0
10/7/2011 3:50,0,0,0,0,0,0,0,0,0,0
10/7/2011 4:00,0,0,0,0,0,0,0,0,0,0
10/7/2011 4:10,0,0,0,0,0,0,0,0,0,0
10/7/2011 4:20,0,0,0,0,0,0,0,0,0,0
10/7/2011 4:30,0,0,0,0,0,0,0,0,0,0
10/7/2011 4:40,0,0,0,0,0,0,0,0,0,0
10/7/2011 4:50,0,0,0,0,0,0,0,0,0,0
10/7/2011 5:00,0,0,0,0,0,0,0,0,0,0
10/7/2011 5:10,0,0,0,0,0,0,0,0,0,0
10/7/2011 5:20,0,0,0,0,0,0,0,0,0,0
10/7/2011 5:30,0,0,0,0,0,0,0,0,0,0
10/7/2011 5:40,0,0,0,0,0,0,0,0,0,0
10/7/2011 5:50,0,0,0,0,0,0,0,0,0,0
10/7/2011 6:00,0,0,0,0,0,0,0,0,0,0
10/7/2011 6:10,0.001,0,0,0,0,0,0,0,0,0
10/7/2011 6:20,0.002,0,0,0,0,0,0,0,0,0
10/7/2011 6:30,0.002,0,0,0,0,0,0,0,0,0
10/7/2011 6:40,0.002,0,0,0,0,0,0,0,0,0
10/7/2011 6:50,0.004,0,0,0,0,0,0,0,0,0
10/7/2011 7:00,0.005,0,0,0,0,0,0,0,0.001,0
10/7/2011 7:10,0.009,0.001,0.001,0.001,0.001,0.001,0.001,0.001,0.001,0
10/7/2011 7:20,0.012,0.001,0.001,0.001,0.001,0.001,0.001,0.001,0.002,0
10/7/2011 7:30,0.014,0.001,0.001,0.001,0.001,0.001,0.001,0.001,0.002,0
10/7/2011 7:40,0.014,0.001,0.001,0.001,0.001,0.001,0.001,0.001,0.002,0
10/7/2011 7:50,0.014,0.001,0.001,0.001,0.001,0.001,0.001,0.001,0.002,0
10/7/2011 8:00,0.014,0.001,0.001,0.001,0.001,0.001,0.001,0.001,0.002,0
10/7/2011 8:10,0.013,0.001,0.001,0.001,0.001,0.001,0.001,0.001,0.002,0
10/7/2011 8:20,0.011,0.001,0.001,0.001,0.001,0.001,0.001,0.001,0.001,0
10/7/2011 8:30,0.009,0.001,0.001,0.001,0.001,0.001,0.001,0.001,0.001,0
10/7/2011 8:40,0.012,0.001,0.001,0.001,0.001,0.001,0.001,0.001,0.001,0
10/7/2011 8:50,0.014,0.001,0.001,0.001,0.001,0.001,0.001,0.001,0.002,0
10/7/2011 9:00,0.016,0.001,0.001,0.001,0.001,0.001,0.001,0.001,0.002,0
10/7/2011 9:10,0.021,0.002,0.002,0.002,0.002,0.002,0.002,0.002,0.002,0.001
10/7/2011 9:20,0.024,0.002,0.002,0.002,0.002,0.002,0.002,0.002,0.002,0.001
10/7/2011 9:30,0.033,0.003,0.002,0.002,0.003,0.002,0.003,0.003,0.004,0.001
10/7/2011 9:40,0.037,0.003,0.002,0.003,0.003,0.003,0.003,0.003,0.004,0.001
10/7/2011 9:50,0.039,0.003,0.002,0.003,0.003,0.003,0.003,0.003,0.004,0.001
10/7/2011 10:00,0.051,0.004,0.003,0.004,0.004,0.004,0.004,0.004,0.006,0.001
10/7/2011 10:10,0.054,0.005,0.003,0.004,0.005,0.004,0.004,0.005,0.006,0.001
10/7/2011 10:20,0.054,0.005,0.003,0.004,0.005,0.004,0.004,0.005,0.006,0.001
10/7/2011 10:30,0.059,0.005,0.004,0.004,0.005,0.004,0.005,0.005,0.007,0.001
10/7/2011 10:40,0.07,0.006,0.005,0.005,0.006,0.005,0.006,0.006,0.008,0.002
