1,0.002,0,0,0,0,0,0,0,0,0,0,0,0,0,0,0,0
2,0.002,0,0,0,0,0,0,0,0,0,0,0,0,0,0,0,0
3,0.002,0,0,0,0,0,0,0,0,0,0,0,0,0,0,0,0
4,0.002,0,0,0,0,0,0,0,0,0,0,0,0,0,0,0,0
5,0.002,0,0,0,0,0,0,0,0,0,0,0,0,0,0,0,0
6,0.002,0,0,0,0,0,0,0,0,0,0,0,0,0,0,0,0
7,0.002,0,0,0,0,0,0,0,0,0,0,0,0,0,0,0,0
8,0.002,0,0,0,0,0,0,0,0,0,0,0,0,0,0,0,0
9,0.002,0,0,0,0,0,0,0,0,0,0,0,0,0,0,0,0
10,0.002,0,0,0,0,0,0,0,0,0,0,0,0,0,0,0,0
11,0.002,0,0,0,0,0,0,0,0,0,0,0,0,0,0,0,0
12,0.002,0,0,0,0,0,0,0,0,0,0,0,0,0,0,0,0
13,0.002,0,0,0,0,0,0,0,0,0,0,0,0,0,0,0,0
14,0.002,0,0,0,0,0,0,0,0,0,0,0,0,0,0,0,0
15,0.002,0,0,0,0,0,0,0,0,0,0,0,0,0,0,0,0
16,0.002,0,0,0,0,0,0,0,0,0,0,0,0,0,0,0,0
17,0.002,0,0,0,0,0,0,0,0,0,0,0,0,0,0,0,0
18,0.002,0,0,0,0,0,0,0,0,0,0,0,0,0,0,0,0
19,0.002,0,0,0,0,0,0,0,0,0,0,0,0,0,0,0,0
20,0.002,0,0,0,0,0,0,0,0,0,0,0,0,0,0,0,0
21,0.002,0,0,0,0,0,0,0,0,0,0,0,0,0,0,0,0
22,0.002,0,0,0,0,0,0,0,0,0,0,0,0,0,0,0,0
23,0.002,0,0,0,0,0,0,0,0,0,0,0,0,0,0,0,0
24,0.002,0,0,0,0,0,0,0,0,0,0,0,0,0,0,0,0
25,0.002,0,0,0,0,0.5,0,0.5,0,0,0,0,0,0,0,0,0
26,0.002,0,0,0,0,0,0,0,0,0,0,0,0.5,0.5,0.5,0,0
27,0.002,0.5,0,0,0,0,0,0,0,0,0,0,0,0,0,0,0
28,0.002,0,0.5,0.5,0.5,0.5,0,0.5,0,0,0,0,0.5,0.5,0.5,0.5,0.5
29,0.002,0,0,0,0,0.5,0,0.5,0,0,0,0,0,0,0,0,0
30,0.002,0.5,0,0,0,0.5,0.5,0.5,0,0,0,0,0.5,0.5,0.5,0.5,0.5
31,0.002,0.5,0.5,0.5,0.5,0.5,0.5,0.5,0,0,0,0,0.5,0.5,0.5,0.5,0.5
32,0.002,0.5,0.5,0.5,0.5,0.5,0.5,0.5,0,0,0,0,0.5,0.5,0.5,0.5,0.5
33,0.002,0.5,0.5,0.5,0.5,0.5,0.5,0.5,0,0,0,0,0.5,0.5,0.5,0.5,0.5
34,0.002,0.5,0.5,0.5,0.5,0.5,0.5,0.5,0,0.5,0,0,0.5,0.5,0.5,0.5,0.5
35,0.004,0.5,0.5,0.5,0.5,0.5,0.5,0.5,0.5,0.5,0.5,0,0.5,0.5,0.5,0.5,0.5
36,0.008,0.5,0.5,0.5,0.5,0.5,0.5,0.5,0.5,0.5,0.5,0,0.5,0.5,0.5,0.5,0.5
37,0.008,0.5,0.5,0.5,1,0.5,0.5,0.5,0.5,1,0.5,0,0.5,0.5,0.5,0.5,0.5
38,0.012,0.5,0.5,0.5,1,1,1,0.5,1,1,0.5,0,0.5,0.5,1,0.5,1
39,0.014,0.5,1,1,1.5,1.5,1,0.5,1,1,0.5,0,1,1,1,1,1
40,0.022,0.5,1.5,1.5,2.5,2,2,0.5,1.5,1.5,1,0,1.5,1.5,1.5,1.5,2
41,0.026,0.25,1,0.75,1.5,1.25,1.25,0.25,1,1,0.75,0,0.75,1,1,0.75,1
42,0.028,0.25,0.5,0.375,0.75,0.625,0.625,0.125,0.5,0.5,0.375,0,0.375,0.5,0.5,0.375,0.5
43,0.026,0.167,0.5,0.375,0.75,0.625,0.625,0.125,0.5,0.5,0.375,0,0.375,0.5,0.5,0.5,0.625
44,0.034,0.214,0.416666667,0.333,0.666666667,0.583,0.5,0.167,0.416666667,0.5,0.333333333,0,0.333333333,0.416666667,0.5,0.416666667,0.5
45,0.042,0.182,0.428571429,0.429,0.714285714,0.571,0.571428571,0.143,0.428571429,0.5,0.357142857,0,0.357142857,0.428571429,0.5,0.428571429,0.5
46,0.056,0.192,0.363636364,0.318,0.590909091,0.5,0.5,0.136,0.409090909,0.455,0.272727273,0,0.318181818,0.363636364,0.454545455,0.363636364,0.454545455
47,0.079,0.179,0.423076923,0.385,0.692307692,0.577,0.538461538,0.154,0.461538462,0.5,0.346153846,0.038461538,0.384615385,0.423076923,0.5,0.384615385,0.5
48,0.085,0.192,0.428571429,0.357,0.642857143,0.536,0.535714286,0.143,0.428571429,0.5,0.321428571,0.035714286,0.357142857,0.392857143,0.464285714,0.392857143,0.5
49,0.079,0.206,0.423076923,0.385,0.692307692,0.577,0.538461538,0.154,0.461538462,0.538,0.346153846,0.038461538,0.384615385,0.423076923,0.5,0.384615385,0.5
50,0.1,0.167,0.411764706,0.353,0.647058824,0.529,0.529411765,0.118,0.441176471,0.5,0.323529412,0.029411765,0.352941176,0.382352941,0.470588235,0.382352941,0.5
51,0.107,0.143,0.357142857,0.31,0.595238095,0.476,0.452380952,0.119,0.380952381,0.452,0.285714286,0.023809524,0.30952381,0.357142857,0.404761905,0.333333333,0.428571429
52,0.117,0.127,0.303571429,0.268,0.5,0.411,0.392857143,0.089,0.321428571,0.393,0.232142857,0.017857143,0.267857143,0.303571429,0.357142857,0.267857143,0.357142857
53,0.137,0.188,0.253164557,0.215,0.405063291,0.329,0.316455696,0.076,0.265822785,0.329,0.202531646,0.012658228,0.215189873,0.240506329,0.278481013,0.227848101,0.291139241
54,0.202,0.228,0.352941176,0.318,0.564705882,0.471,0.458823529,0.106,0.376470588,0.506,0.282352941,0.011764706,0.317647059,0.341176471,0.411764706,0.317647059,0.435294118
55,0.23,0.17,0.417721519,0.367,0.64556962,0.544,0.53164557,0.114,0.443037975,0.633,0.341772152,0.025316456,0.379746835,0.405063291,0.46835443,0.367088608,0.506329114
56,0.211,0.15,0.3,0.26,0.47,0.39,0.38,0.09,0.32,0.48,0.24,0.01,0.27,0.29,0.34,0.27,0.36
57,0.188,0.154,0.252336449,0.234,0.420560748,0.336,0.336448598,0.075,0.271028037,0.43,0.214953271,0.009345794,0.23364486,0.252336449,0.299065421,0.23364486,0.317757009
58,0.214,0.19,0.273504274,0.248,0.435897436,0.359,0.367521368,0.094,0.299145299,0.47,0.230769231,0.017094017,0.256410256,0.273504274,0.316239316,0.247863248,0.35042735
59,0.286,0.203,0.335766423,0.292,0.510948905,0.431,0.437956204,0.124,0.350364964,0.584,0.277372263,0.01459854,0.306569343,0.321167883,0.379562044,0.291970803,0.423357664
60,0.429,0.135,0.351485149,0.307,0.51980198,0.465,0.465346535,0.129,0.376237624,0.624,0.306930693,0.014851485,0.326732673,0.336633663,0.400990099,0.311881188,0.46039604
61,0.396,0.118,0.243478261,0.209,0.352173913,0.304,0.317391304,0.091,0.252173913,0.422,0.208695652,0.013043478,0.22173913,0.230434783,0.269565217,0.208695652,0.304347826
62,0.261,0.144,0.208530806,0.18,0.298578199,0.256,0.27014218,0.076,0.213270142,0.36,0.17535545,0.009478673,0.18957346,0.199052133,0.232227488,0.180094787,0.260663507
63,0.331,0.103,0.260638298,0.218,0.367021277,0.314,0.335106383,0.096,0.260638298,0.447,0.218085106,0.010638298,0.234042553,0.244680851,0.281914894,0.218085106,0.313829787
64,0.26,0.063,0.182242991,0.159,0.261682243,0.224,0.238317757,0.07,0.186915888,0.318,0.154205607,0.009345794,0.163551402,0.172897196,0.200934579,0.154205607,0.224299065
65,0.223,0.044,0.115384615,0.098,0.164335664,0.14,0.15034965,0.042,0.118881119,0.199,0.097902098,0.003496503,0.101398601,0.108391608,0.125874126,0.097902098,0.13986014
66,0.235,0.04,0.079254079,0.068,0.111888112,0.096,0.102564103,0.028,0.079254079,0.135,0.065268065,0.002331002,0.06993007,0.074592075,0.086247086,0.065268065,0.093240093
67,0.205,0.042,0.070707071,0.063,0.106060606,0.088,0.093434343,0.025,0.073232323,0.124,0.060606061,0.002525253,0.063131313,0.068181818,0.078282828,0.060606061,0.088383838
68,0.143,0.027,0.076628352,0.069,0.114942529,0.1,0.103448276,0.031,0.08045977,0.134,0.0651341,0.003831418,0.068965517,0.072796935,0.088122605,0.0651341,0.095785441
69,0.119,0.035,0.051359517,0.045,0.078549849,0.063,0.066465257,0.018,0.051359517,0.088,0.042296073,0.003021148,0.045317221,0.048338369,0.057401813,0.042296073,0.063444109
70,0.105,0.045,0.061538462,0.054,0.096153846,0.077,0.080769231,0.023,0.061538462,0.104,0.05,0.003846154,0.053846154,0.057692308,0.069230769,0.053846154,0.076923077
71,0.115,0.047,0.080717489,0.072,0.121076233,0.099,0.103139013,0.031,0.080717489,0.139,0.067264574,0.004484305,0.071748879,0.076233184,0.089686099,0.067264574,0.098654709
72,0.14,0.054,0.089361702,0.077,0.136170213,0.111,0.119148936,0.03,0.093617021,0.145,0.076595745,0.004255319,0.076595745,0.085106383,0.10212766,0.076595745,0.110638298
73,0.147,0.098,0.097560976,0.093,0.16097561,0.137,0.136585366,0.029,0.107317073,0.146,0.087804878,0.004878049,0.087804878,0.097560976,0.117073171,0.092682927,0.126829268
74,0.17,0.109,0.174825175,0.161,0.286713287,0.238,0.237762238,0.049,0.188811189,0.294,0.153846154,0.006993007,0.160839161,0.174825175,0.20979021,0.160839161,0.223776224
75,0.166,0.095,0.18487395,0.176,0.31092437,0.252,0.260504202,0.076,0.201680672,0.328,0.168067227,0.008403361,0.176470588,0.193277311,0.226890756,0.176470588,0.235294118
76,0.133,0.07,0.171428571,0.162,0.295238095,0.238,0.238095238,0.057,0.19047619,0.286,0.152380952,0.00952381,0.161904762,0.180952381,0.20952381,0.161904762,0.228571429
77,0.124,0.043,0.139130435,0.13,0.234782609,0.191,0.182608696,0.043,0.156521739,0.191,0.12173913,0.008695652,0.12173913,0.139130435,0.165217391,0.130434783,0.173913043
78,0.093,0.027,0.085714286,0.079,0.15,0.114,0.114285714,0.029,0.092857143,0.114,0.071428571,0.007142857,0.078571429,0.085714286,0.1,0.078571429,0.107142857
79,0.067,0.035,0.06122449,0.061,0.108843537,0.088,0.074829932,0.02,0.068027211,0.075,0.047619048,0,0.054421769,0.06122449,0.074829932,0.054421769,0.074829932
80,0.091,0.042,0.070588235,0.065,0.123529412,0.1,0.088235294,0.024,0.076470588,0.088,0.058823529,0.005882353,0.064705882,0.070588235,0.082352941,0.064705882,0.082352941
81,0.112,0.06,0.090361446,0.084,0.156626506,0.12,0.108433735,0.03,0.096385542,0.114,0.072289157,0.006024096,0.078313253,0.090361446,0.102409639,0.084337349,0.102409639
82,0.125,0.073,0.127819549,0.113,0.218045113,0.173,0.15037594,0.038,0.135338346,0.158,0.097744361,0.007518797,0.112781955,0.127819549,0.142857143,0.120300752,0.15037594
83,0.141,0.097,0.161290323,0.137,0.258064516,0.202,0.185483871,0.048,0.169354839,0.194,0.120967742,0.008064516,0.137096774,0.153225806,0.177419355,0.14516129,0.177419355
84,0.149,0.104,0.215053763,0.183,0.344086022,0.269,0.247311828,0.065,0.225806452,0.258,0.161290323,0.010752688,0.182795699,0.204301075,0.23655914,0.193548387,0.23655914
85,0.124,0.077,0.253731343,0.209,0.402985075,0.313,0.28358209,0.075,0.253731343,0.299,0.194029851,0.014925373,0.208955224,0.23880597,0.268656716,0.223880597,0.268656716
86,0.113,0.054,0.164835165,0.143,0.274725275,0.209,0.186813187,0.055,0.175824176,0.198,0.131868132,0.010989011,0.142857143,0.164835165,0.186813187,0.153846154,0.186813187
87,0.096,0.048,0.116071429,0.107,0.196428571,0.152,0.133928571,0.036,0.125,0.143,0.089285714,0.008928571,0.098214286,0.107142857,0.125,0.107142857,0.125
88,0.093,0.035,0.104,0.088,0.168,0.128,0.112,0.032,0.104,0.12,0.08,0.008,0.088,0.096,0.112,0.088,0.112
89,0.093,0.034,0.085106383,0.078,0.141843972,0.106,0.092198582,0.028,0.092198582,0.106,0.063829787,0.007092199,0.070921986,0.085106383,0.092198582,0.078014184,0.092198582
90,0.075,0.04,0.067114094,0.06,0.120805369,0.087,0.073825503,0.02,0.073825503,0.081,0.053691275,0,0.060402685,0.067114094,0.073825503,0.060402685,0.073825503
91,0.083,0.044,0.088709677,0.081,0.153225806,0.113,0.096774194,0.032,0.096774194,0.105,0.072580645,0.008064516,0.080645161,0.088709677,0.096774194,0.080645161,0.10483871
92,0.085,0.073,0.097345133,0.097,0.17699115,0.133,0.115044248,0.035,0.115044248,0.124,0.079646018,0.008849558,0.088495575,0.097345133,0.115044248,0.097345133,0.115044248
93,0.109,0.108,0.15625,0.135,0.260416667,0.198,0.177083333,0.052,0.166666667,0.188,0.125,0.010416667,0.135416667,0.145833333,0.166666667,0.145833333,0.177083333
94,0.148,0.183,0.23655914,0.204,0.387096774,0.301,0.268817204,0.075,0.247311828,0.29,0.182795699,0.010752688,0.204301075,0.225806452,0.258064516,0.215053763,0.268817204
95,0.27,0.253,0.419354839,0.355,0.64516129,0.495,0.47311828,0.14,0.419354839,0.495,0.322580645,0.021505376,0.35483871,0.387096774,0.430107527,0.365591398,0.440860215
96,0.306,0.217,0.573333333,0.48,0.88,0.68,0.64,0.187,0.573333333,0.707,0.426666667,0.026666667,0.493333333,0.533333333,0.6,0.506666667,0.586666667
97,0.283,0.2,0.493975904,0.41,0.746987952,0.566,0.530120482,0.157,0.493975904,0.614,0.361445783,0.024096386,0.421686747,0.457831325,0.506024096,0.421686747,0.493975904
98,0.25,0.128,0.423529412,0.353,0.658823529,0.494,0.447058824,0.129,0.423529412,0.553,0.305882353,0.023529412,0.364705882,0.4,0.447058824,0.364705882,0.423529412
99,0.208,0.074,0.275229358,0.229,0.431192661,0.33,0.293577982,0.083,0.275229358,0.367,0.201834862,0.009174312,0.23853211,0.256880734,0.293577982,0.23853211,0.28440367
100,0.168,0.037,0.155405405,0.135,0.25,0.196,0.168918919,0.047,0.162162162,0.216,0.121621622,0.006756757,0.135135135,0.148648649,0.168918919,0.135135135,0.162162162
101,0.156,0.026,0.081481481,0.067,0.122222222,0.096,0.085185185,0.022,0.081481481,0.111,0.059259259,0.003703704,0.07037037,0.074074074,0.085185185,0.07037037,0.081481481
102,0.116,0.028,0.055555556,0.049,0.088235294,0.069,0.062091503,0.016,0.058823529,0.082,0.04248366,0.003267974,0.049019608,0.052287582,0.062091503,0.049019608,0.058823529
103,0.134,0.02,0.060070671,0.049,0.088339223,0.071,0.06360424,0.018,0.060070671,0.088,0.045936396,0.003533569,0.053003534,0.053003534,0.06360424,0.049469965,0.060070671
104,0.067,0.029,0.04,0.036,0.064,0.052,0.044,0.012,0.04,0.064,0.032,0,0.036,0.04,0.044,0.036,0.044
105,0.068,0.071,0.057692308,0.048,0.096153846,0.072,0.0625,0.019,0.057692308,0.091,0.043269231,0.004807692,0.052884615,0.052884615,0.0625,0.048076923,0.0625
106,0.161,0.064,0.142857143,0.119,0.226190476,0.173,0.148809524,0.042,0.142857143,0.22,0.107142857,0.005952381,0.125,0.130952381,0.154761905,0.119047619,0.136904762
107,0.142,0.095,0.128205128,0.115,0.217948718,0.16,0.134615385,0.038,0.134615385,0.212,0.096153846,0.006410256,0.115384615,0.128205128,0.147435897,0.115384615,0.128205128
108,0.142,0.097,0.189655172,0.164,0.310344828,0.233,0.189655172,0.06,0.189655172,0.302,0.137931034,0.00862069,0.172413793,0.181034483,0.206896552,0.163793103,0.181034483
109,0.205,0.119,0.186567164,0.179,0.350746269,0.239,0.186567164,0.075,0.201492537,0.306,0.134328358,0.007462687,0.171641791,0.194029851,0.223880597,0.171641791,0.171641791
110,0.112,0.309,0.23880597,0.224,0.447761194,0.299,0.223880597,0.09,0.253731343,0.388,0.164179104,0.014925373,0.208955224,0.23880597,0.28358209,0.208955224,0.223880597
111,0.155,0.149,0.602941176,0.574,1.25,0.75,0.544117647,0.221,0.617647059,0.941,0.426470588,0.014705882,0.529411765,0.617647059,0.720588235,0.544117647,0.544117647
112,0.251,0.106,0.279503106,0.273,0.590062112,0.348,0.254658385,0.093,0.298136646,0.441,0.198757764,0.01242236,0.248447205,0.298136646,0.341614907,0.254658385,0.254658385
113,0.215,0.12,0.197183099,0.197,0.415492958,0.261,0.197183099,0.07,0.218309859,0.331,0.147887324,0.007042254,0.183098592,0.218309859,0.253521127,0.190140845,0.197183099
114,0.199,0.068,0.211267606,0.225,0.485915493,0.296,0.218309859,0.07,0.246478873,0.359,0.161971831,0.007042254,0.204225352,0.246478873,0.281690141,0.211267606,0.225352113
115,0.158,0.08,0.117073171,0.132,0.287804878,0.166,0.12195122,0.039,0.141463415,0.2,0.087804878,0.004878049,0.117073171,0.141463415,0.165853659,0.12195122,0.126829268
116,0.113,0.039,0.142857143,0.143,0.294642857,0.188,0.151785714,0.054,0.160714286,0.241,0.107142857,0.008928571,0.133928571,0.151785714,0.178571429,0.133928571,0.151785714
117,0.073,0.016,0.070967742,0.065,0.129032258,0.09,0.070967742,0.026,0.077419355,0.116,0.051612903,0,0.064516129,0.070967742,0.083870968,0.064516129,0.070967742
118,0.053,0.019,0.03187251,0.028,0.051792829,0.04,0.03187251,0.012,0.03187251,0.052,0.023904382,0,0.027888446,0.03187251,0.035856574,0.027888446,0.03187251
119,0.042,0.015,0.03255814,0.028,0.051162791,0.042,0.03255814,0.014,0.03255814,0.051,0.023255814,0,0.027906977,0.03255814,0.037209302,0.027906977,0.03255814
120,0.041,0.019,0.030150754,0.03,0.050251256,0.04,0.035175879,0.01,0.035175879,0.055,0.025125628,0,0.030150754,0.030150754,0.035175879,0.030150754,0.035175879
121,0.032,0.009,0.03164557,0.025,0.044303797,0.038,0.03164557,0.013,0.03164557,0.051,0.025316456,0,0.025316456,0.03164557,0.03164557,0.025316456,0.03164557
122,0.012,0,0.017699115,0.018,0.026548673,0.018,0.017699115,0.009,0.017699115,0.027,0.008849558,0,0.017699115,0.017699115,0.017699115,0.017699115,0.017699115
123,0.006,0,0.01369863,0.014,0.01369863,0.014,0.01369863,0,0.01369863,0.014,0.01369863,0,0.01369863,0.01369863,0.01369863,0.01369863,0.01369863
124,0.004,0,0.018867925,0.019,0.018867925,0.019,0.018867925,0,0.018867925,0.019,0.018867925,0,0.018867925,0.018867925,0.018867925,0.018867925,0.018867925
125,0.002,0,0,0,0,0,0,0,0,0.024,0,0,0,0,0,0,0
126,0.002,0,0,0,0,0,0,0,0,0,0,0,0,0,0,0,0
127,0.002,0,0,0,0,0,0,0,0,0,0,0,0,0,0,0,0
128,0.002,0,0,0,0,0,0,0,0,0,0,0,0,0,0,0,0
129,0.002,0,0,0,0,0,0,0,0,0,0,0,0,0,0,0,0
130,0.002,0,0,0,0,0,0,0,0,0,0,0,0,0,0,0,0
131,0.002,0,0,0,0,0,0,0,0,0,0,0,0,0,0,0,0
132,0.002,0,0,0,0,0,0,0,0,0,0,0,0,0,0,0,0
133,0.002,0,0,0,0,0,0,0,0,0,0,0,0,0,0,0,0
134,0.002,0,0,0,0,0,0,0,0,0,0,0,0,0,0,0,0
135,0.002,0,0,0,0,0,0,0,0,0,0,0,0,0,0,0,0
136,0.002,0,0,0,0,0,0,0,0,0,0,0,0,0,0,0,0
137,0.002,0,0,0,0,0,0,0,0,0,0,0,0,0,0,0,0
138,0.002,0,0,0,0,0,0,0,0,0,0,0,0,0,0,0,0
139,0.002,0,0,0,0,0,0,0,0,0,0,0,0,0,0,0,0
140,0.002,0,0,0,0,0,0,0,0,0,0,0,0,0,0,0,0
141,0.002,0,0,0,0,0,0,0,0,0,0,0,0,0,0,0,0
142,0.002,0,0,0,0,0,0,0,0,0,0,0,0,0,0,0,0
143,0.002,0,0,0,0,0,0,0,0,0,0,0,0,0,0,0,0
144,0.002,0,0,0,0,0,0,0,0,0,0,0,0,0,0,0,0
145,0.002,0,0,0,0,0,0,0,0,0,0,0,0,0,0,0,0
146,0.002,0,0,0,0,0,0,0,0,0,0,0,0,0,0,0,0
147,0.002,0,0,0,0,0,0,0,0,0,0,0,0,0,0,0,0
148,0.002,0,0,0,0,0,0,0,0,0,0,0,0,0,0,0,0
149,0.002,0,0,0,0,0,0,0,0,0,0,0,0,0,0,0,0
150,0.002,0,0,0,0,0,0,0,0,0,0,0,0,0,0,0,0
151,0.002,0,0,0,0,0,0,0,0,0,0,0,0,0,0,0,0
152,0.002,0,0,0,0,0,0,0,0,0,0,0,0,0,0,0,0
153,0.002,0,0,0,0,0,0,0,0,0,0,0,0,0,0,0,0
154,0.002,0,0,0,0,0,0,0,0,0,0,0,0,0,0,0,0
155,0.002,0.5,0,0,0,0,0,0,0,0,0,0,0,0,0,0,0
156,0.002,0.5,0.5,0.5,0.5,0.5,0.5,0.5,0,0,0,0,0,0,0,0.5,0.5
157,0.002,0,0.5,0.5,0.5,0.5,0.5,0.5,0,0,0,0,0.5,0.5,0.5,0.5,0.5
158,0.002,0.5,0,0,0,0,0,0,0,0,0,0,0,0,0,0,0
159,0.002,0.5,0.5,0.5,0.5,0.5,0.5,0.5,0.5,0.5,0.5,0,0.5,0.5,0.5,0.5,0.5
160,0.002,0.5,0.5,0.5,0.5,0.5,0.5,0.5,0.5,0.5,0.5,0,0.5,0.5,0.5,0.5,0.5
161,0.002,0.5,0.5,0.5,0.5,0.5,0.5,0.5,0.5,0.5,0.5,0,0.5,0.5,0.5,0.5,0.5
162,0.002,0.5,0.5,0.5,0.5,0.5,0.5,0.5,0,0,0,0,0.5,0.5,0.5,0.5,0.5
163,0.002,0,0.5,0.5,0.5,0.5,0.5,0.5,0.5,0.5,0.5,0,0.5,0.5,0.5,0.5,0.5
164,0.002,0.5,0,0,0,0,0,0,0,0,0,0,0,0,0,0.5,0.5
165,0.002,0.5,0.5,0.5,0.5,0.5,0.5,0.5,0,0,0,0,0.5,0.5,0.5,0.5,0.5
166,0.002,0.5,0.5,0.5,0.5,0.5,0.5,0.5,0,0,0,0,0.5,0.5,0.5,0.5,0.5
167,0.002,0.5,0.5,0.5,0.5,0.5,0.5,0.5,0.5,0.5,0.5,0,0.5,0.5,0.5,0.5,0.5
168,0.002,0.5,0.5,0.5,0.5,0.5,0.5,0.5,0.5,0.5,0.5,0,0.5,0.5,0.5,0.5,0.5
169,0.002,0.5,0.5,0.5,0.5,0.5,0.5,0.5,0.5,0.5,0.5,0,0.5,0.5,0.5,0.5,0.5
170,0.002,0.5,0.5,0.5,0.5,0.5,0.5,0.5,0.5,0.5,0.5,0,0.5,0.5,0.5,0.5,0.5
171,0.002,0.5,0.5,0.5,0.5,0.5,0.5,0.5,0.5,0.5,0.5,0,0.5,0.5,0.5,0.5,0.5
172,0.002,0.5,0.5,0.5,0.5,0.5,0.5,0.5,0.5,0.5,0.5,0,0.5,0.5,0.5,0.5,0.5
173,0.002,0.5,0.5,0.5,0.5,0.5,0.5,0.5,0.5,0.5,0.5,0,0.5,0.5,0.5,0.5,0.5
174,0.002,0.5,0.5,0.5,0.5,0.5,0.5,0.5,0.5,0.5,0.5,0,0.5,0,0.5,0.5,0.5
175,0.002,0.5,0.5,0.5,0.5,0.5,0.5,0.5,0.5,0.5,0.5,0,0.5,0.5,0.5,0.5,0.5
176,0.002,0.5,0.5,0.5,0.5,0.5,0.5,0.5,0.5,0.5,0.5,0,0.5,0.5,0.5,0.5,0.5
177,0.002,0.5,0.5,0.5,0.5,0.5,0.5,0.5,0.5,0.5,0.5,0,0.5,0.5,0.5,0.5,0.5
178,0.004,0.5,0.5,0.5,0.5,0.5,0.5,0.5,0.5,0.5,0.5,0,0.5,0.5,0.5,0.5,0.5
179,0.006,0.5,0.5,0.5,0.5,0.5,0.5,0.5,0.5,0.5,0.5,0,0.5,0.5,0.5,0.5,0.5
180,0.008,0.5,0.5,0.5,1,0.5,0.5,0.5,0.5,1,0.5,0,0.5,0.5,0.5,0.5,0.5
181,0.012,0.5,1,1,1.5,1,1,0.5,1,1.5,0.5,0,1,1,1,1,1
182,0.016,0.5,1,1,1.5,1.5,1,0.5,1,2,1,0,1,1,1,1,1
183,0.014,0.5,1,1,1.5,1,1,0.5,1,1.5,0.5,0,1,1,1,1,1
184,0.024,0.5,1,0.75,1.5,1.25,1,0.25,1,1.5,0.75,0,0.75,0.75,1,0.75,1
185,0.034,0.5,0.833333333,0.833,1.333333333,1.167,1,0.333,1,1.5,0.666666667,0,0.833333333,0.833333333,1,0.833333333,1
186,0.055,0.333,0.875,0.875,1.5,1.25,1.125,0.375,1,1.75,0.75,0,0.875,0.875,1.125,0.875,1.125
187,0.053,0.313,0.666666667,0.583,1,0.833,0.75,0.25,0.666666667,1.167,0.5,0,0.583333333,0.583333333,0.75,0.583333333,0.75
188,0.06,0.5,0.5625,0.5,0.9375,0.75,0.625,0.25,0.625,1,0.4375,0,0.5,0.5625,0.625,0.5,0.6875
189,0.091,0.417,0.928571429,0.786,1.642857143,1.286,1.142857143,0.357,1.071428571,1.786,0.714285714,0.071428571,0.785714286,0.928571429,1.142857143,0.857142857,1.285714286
190,0.133,0.353,0.708333333,0.667,1.458333333,1.125,1.041666667,0.333,0.916666667,1.583,0.625,0.041666667,0.708333333,0.791666667,1.041666667,0.75,1.166666667
191,0.148,0.364,0.558823529,0.529,1.205882353,0.941,0.823529412,0.265,0.764705882,1.265,0.5,0.029411765,0.558823529,0.647058824,0.823529412,0.617647059,0.911764706
192,0.229,0.415,0.4,0.4,1.290909091,1.145,0.854545455,0.273,0.836363636,1.327,0.309090909,0.036363636,0.436363636,0.690909091,0.890909091,0.654545455,1.072727273
193,0.259,0.383,0.377358491,0.358,1.41509434,1.264,0.886792453,0.283,0.943396226,1.415,0.20754717,0.037735849,0.716981132,0.58490566,0.943396226,0.679245283,1.169811321
194,0.273,0.286,0.45,0.367,1.266666667,1.167,0.833333333,0.267,0.883333333,1.317,0.25,0.033333333,0.683333333,0.683333333,0.866666667,0.633333333,1.066666667
195,0.343,0.128,0.384615385,0.319,0.879120879,0.791,0.604395604,0.187,0.615384615,0.945,0.241758242,0.021978022,0.483516484,0.505494505,0.615384615,0.461538462,0.736263736
196,0.239,0.135,0.210526316,0.195,0.37593985,0.308,0.270676692,0.09,0.255639098,0.414,0.180451128,0.007518797,0.210526316,0.218045113,0.263157895,0.203007519,0.293233083
197,0.214,0.079,0.22972973,0.209,0.385135135,0.338,0.290540541,0.088,0.27027027,0.453,0.189189189,0.013513514,0.222972973,0.236486486,0.290540541,0.216216216,0.317567568
198,0.228,0.069,0.139737991,0.122,0.227074236,0.188,0.174672489,0.052,0.15720524,0.258,0.11790393,0.008733624,0.131004367,0.139737991,0.165938865,0.126637555,0.179039301
199,0.222,0.066,0.123552124,0.112,0.204633205,0.166,0.154440154,0.05,0.138996139,0.228,0.104247104,0.007722008,0.115830116,0.123552124,0.146718147,0.111969112,0.154440154
200,0.225,0.061,0.117216117,0.106,0.194139194,0.158,0.146520147,0.044,0.128205128,0.216,0.098901099,0.007326007,0.10989011,0.117216117,0.139194139,0.106227106,0.146520147
201,0.269,0.105,0.110787172,0.096,0.174927114,0.146,0.137026239,0.044,0.12244898,0.201,0.093294461,0.005830904,0.102040816,0.10787172,0.128279883,0.099125364,0.139941691
202,0.301,0.136,0.184100418,0.163,0.292887029,0.247,0.230125523,0.071,0.205020921,0.339,0.154811715,0.008368201,0.171548117,0.184100418,0.213389121,0.167364017,0.234309623
203,0.327,0.154,0.238317757,0.21,0.369158879,0.318,0.299065421,0.089,0.261682243,0.435,0.205607477,0.009345794,0.224299065,0.23364486,0.271028037,0.214953271,0.303738318
204,0.383,0.162,0.271929825,0.237,0.403508772,0.373,0.337719298,0.101,0.298245614,0.5,0.24122807,0.013157895,0.254385965,0.263157895,0.311403509,0.24122807,0.350877193
205,0.399,0.147,0.279279279,0.239,0.400900901,0.369,0.346846847,0.104,0.301801802,0.5,0.243243243,0.013513514,0.256756757,0.265765766,0.306306306,0.243243243,0.355855856
206,0.464,0.16,0.262222222,0.222,0.36,0.351,0.32,0.093,0.28,0.484,0.235555556,0.013333333,0.244444444,0.248888889,0.288888889,0.222222222,0.333333333
207,0.568,0.156,0.278810409,0.234,0.3866171,0.372,0.356877323,0.1,0.301115242,0.517,0.256505576,0.014869888,0.260223048,0.26394052,0.308550186,0.241635688,0.36802974
208,0.624,0.128,0.272425249,0.229,0.372093023,0.352,0.348837209,0.096,0.289036545,0.495,0.245847176,0.013289037,0.252491694,0.255813953,0.299003322,0.235880399,0.352159468
209,0.738,0.057,0.214067278,0.183,0.314984709,0.263,0.293577982,0.08,0.232415902,0.367,0.189602446,0.009174312,0.201834862,0.204892966,0.226299694,0.195718654,0.26911315
210,0.268,0.085,0.104438642,0.091,0.154046997,0.131,0.133159269,0.039,0.109660574,0.185,0.091383812,0.005221932,0.093994778,0.101827676,0.117493473,0.091383812,0.127937337
211,0.351,0.052,0.155388471,0.13,0.213032581,0.185,0.197994987,0.055,0.157894737,0.268,0.135338346,0.007518797,0.137844612,0.145363409,0.165413534,0.13283208,0.187969925
212,0.263,0.04,0.094827586,0.082,0.137931034,0.116,0.120689655,0.034,0.096982759,0.168,0.081896552,0.004310345,0.086206897,0.090517241,0.105603448,0.081896552,0.11637931
213,0.279,0.043,0.073943662,0.063,0.10915493,0.092,0.093309859,0.026,0.075704225,0.129,0.063380282,0.003521127,0.066901408,0.070422535,0.080985915,0.063380282,0.089788732
214,0.269,0.051,0.078525641,0.067,0.113782051,0.096,0.104166667,0.029,0.081730769,0.139,0.067307692,0.003205128,0.070512821,0.075320513,0.088141026,0.068910256,0.09775641
215,0.353,0.082,0.093495935,0.079,0.12601626,0.11,0.117886179,0.033,0.093495935,0.16,0.081300813,0.004065041,0.082655827,0.086720867,0.097560976,0.078590786,0.109756098
216,0.225,0.046,0.145522388,0.131,0.212686567,0.183,0.194029851,0.052,0.152985075,0.254,0.130597015,0.007462687,0.134328358,0.141791045,0.160447761,0.126865672,0.175373134
217,0.167,0.087,0.07977208,0.074,0.128205128,0.103,0.102564103,0.028,0.085470085,0.14,0.071225071,0.002849003,0.074074074,0.07977208,0.091168091,0.071225071,0.0997151
218,0.265,0.129,0.155893536,0.137,0.231939163,0.194,0.201520913,0.057,0.159695817,0.274,0.136882129,0.007604563,0.140684411,0.152091255,0.174904943,0.136882129,0.190114068
219,0.378,0.171,0.23655914,0.197,0.315412186,0.276,0.304659498,0.082,0.23297491,0.405,0.200716846,0.010752688,0.207885305,0.218637993,0.250896057,0.200716846,0.275985663
220,0.671,0.074,0.31598513,0.257,0.405204461,0.357,0.416356877,0.112,0.308550186,0.535,0.271375465,0.014869888,0.275092937,0.286245353,0.327137546,0.267657993,0.371747212
221,0.309,0.116,0.130311615,0.113,0.1898017,0.159,0.169971671,0.048,0.133144476,0.229,0.116147309,0.005665722,0.11898017,0.124645892,0.144475921,0.113314448,0.158640227
222,0.315,0.162,0.204444444,0.178,0.297777778,0.249,0.266666667,0.076,0.208888889,0.356,0.177777778,0.008888889,0.182222222,0.195555556,0.222222222,0.177777778,0.248888889
223,0.336,0.121,0.299401198,0.257,0.425149701,0.359,0.383233533,0.108,0.299401198,0.515,0.25748503,0.011976048,0.263473054,0.281437126,0.323353293,0.25748503,0.353293413
224,0.505,0.09,0.226415094,0.192,0.309433962,0.264,0.286792453,0.079,0.222641509,0.385,0.196226415,0.011320755,0.2,0.20754717,0.237735849,0.19245283,0.260377358
225,0.402,0.04,0.166666667,0.14,0.222222222,0.193,0.214285714,0.058,0.164021164,0.283,0.142857143,0.007936508,0.145502646,0.153439153,0.174603175,0.14021164,0.193121693
226,0.338,0.078,0.073025335,0.064,0.102831595,0.088,0.09538003,0.027,0.074515648,0.127,0.064083458,0.002980626,0.06557377,0.068554396,0.078986587,0.062593145,0.087928465
227,0.296,0.079,0.145631068,0.126,0.207119741,0.175,0.187702265,0.052,0.145631068,0.249,0.126213592,0.006472492,0.129449838,0.13592233,0.158576052,0.126213592,0.171521036
228,0.289,0.077,0.146031746,0.127,0.206349206,0.175,0.187301587,0.051,0.146031746,0.251,0.126984127,0.006349206,0.13015873,0.136507937,0.158730159,0.126984127,0.171428571
229,0.321,0.073,0.142857143,0.125,0.202380952,0.17,0.18452381,0.051,0.142857143,0.244,0.12202381,0.005952381,0.12797619,0.133928571,0.154761905,0.12202381,0.166666667
230,0.368,0.095,0.132673267,0.113,0.182178218,0.154,0.174257426,0.048,0.130693069,0.224,0.114851485,0.005940594,0.116831683,0.122772277,0.140594059,0.114851485,0.15049505
231,0.448,0.121,0.176616915,0.152,0.241293532,0.206,0.226368159,0.062,0.174129353,0.299,0.151741294,0.007462687,0.156716418,0.164179104,0.186567164,0.151741294,0.199004975
232,0.504,0.142,0.224852071,0.195,0.304733728,0.26,0.289940828,0.08,0.218934911,0.385,0.195266272,0.00887574,0.198224852,0.210059172,0.236686391,0.192307692,0.25147929
233,0.493,0.166,0.260135135,0.223,0.347972973,0.297,0.334459459,0.091,0.253378378,0.439,0.226351351,0.010135135,0.22972973,0.239864865,0.273648649,0.222972973,0.287162162
234,0.646,0.174,0.307958478,0.263,0.408304498,0.349,0.401384083,0.111,0.301038062,0.516,0.266435986,0.01384083,0.273356401,0.287197232,0.3183391,0.269896194,0.335640138
235,0.612,0.139,0.323987539,0.277,0.420560748,0.361,0.423676012,0.115,0.31152648,0.539,0.280373832,0.012461059,0.286604361,0.299065421,0.330218069,0.283489097,0.345794393
236,0.269,0.129,0.255434783,0.22,0.331521739,0.288,0.33423913,0.09,0.244565217,0.424,0.222826087,0.010869565,0.225543478,0.236413043,0.260869565,0.220108696,0.266304348
237,0.739,0.056,0.241071429,0.208,0.310267857,0.268,0.319196429,0.087,0.227678571,0.397,0.207589286,0.008928571,0.214285714,0.223214286,0.245535714,0.209821429,0.241071429
238,0.289,0.083,0.099206349,0.087,0.134920635,0.113,0.130952381,0.036,0.095238095,0.167,0.08531746,0.003968254,0.089285714,0.093253968,0.103174603,0.087301587,0.099206349
239,0.454,0.076,0.154158215,0.136,0.204868154,0.176,0.202839757,0.055,0.148073022,0.256,0.133874239,0.006085193,0.139959432,0.146044625,0.160243408,0.133874239,0.148073022
240,0.599,0.078,0.139318885,0.124,0.190402477,0.158,0.185758514,0.051,0.134674923,0.231,0.120743034,0.004643963,0.126934985,0.133126935,0.145510836,0.123839009,0.131578947
241,0.585,0.171,0.142156863,0.127,0.200980392,0.163,0.191176471,0.052,0.138888889,0.237,0.124183007,0.004901961,0.130718954,0.137254902,0.151960784,0.129084967,0.133986928
242,0.562,0.054,0.301115242,0.275,0.446096654,0.349,0.416356877,0.115,0.304832714,0.506,0.26394052,0.011152416,0.282527881,0.29739777,0.327137546,0.278810409,0.289962825
243,0.568,0.069,0.097428958,0.088,0.142083897,0.112,0.131258457,0.037,0.096075778,0.164,0.085250338,0.00405954,0.089309878,0.094722598,0.105548038,0.089309878,0.093369418
244,0.268,0.088,0.117647059,0.111,0.183391003,0.138,0.155709343,0.045,0.117647059,0.194,0.103806228,0.003460208,0.107266436,0.114186851,0.124567474,0.107266436,0.107266436
245,0.473,0.063,0.156387665,0.148,0.248898678,0.187,0.209251101,0.059,0.158590308,0.262,0.136563877,0.004405286,0.143171806,0.156387665,0.174008811,0.145374449,0.140969163
246,0.444,0.063,0.111853088,0.107,0.185308848,0.135,0.150250417,0.043,0.115191987,0.189,0.098497496,0.001669449,0.103505843,0.113522538,0.12687813,0.105175292,0.101836394
247,0.433,0.06,0.111111111,0.106,0.18974359,0.133,0.145299145,0.043,0.112820513,0.186,0.097435897,0.003418803,0.102564103,0.114529915,0.126495726,0.105982906,0.100854701
248,0.39,0.058,0.108540925,0.103,0.18683274,0.128,0.138790036,0.041,0.110320285,0.18,0.09252669,0.003558719,0.097864769,0.110320285,0.122775801,0.101423488,0.096085409
249,0.366,0.116,0.100352113,0.099,0.176056338,0.121,0.126760563,0.039,0.102112676,0.167,0.086267606,0.003521127,0.091549296,0.103873239,0.116197183,0.095070423,0.088028169
250,0.336,0.061,0.201492537,0.198,0.361940299,0.243,0.246268657,0.078,0.205223881,0.332,0.171641791,0.003731343,0.186567164,0.212686567,0.235074627,0.190298507,0.179104478
251,0.321,0.063,0.11205074,0.11,0.202959831,0.133,0.128964059,0.042,0.11205074,0.182,0.093023256,0,0.101479915,0.11627907,0.131078224,0.105708245,0.097251586
252,0.302,0.058,0.114864865,0.113,0.207207207,0.135,0.126126126,0.045,0.114864865,0.182,0.094594595,0,0.103603604,0.119369369,0.135135135,0.108108108,0.099099099
253,0.27,0.059,0.108545035,0.106,0.200923788,0.127,0.110854503,0.042,0.108545035,0.169,0.087759815,0.002309469,0.096997691,0.113163972,0.127020785,0.101616628,0.092378753
254,0.244,0.057,0.115384615,0.11,0.223076923,0.131,0.107692308,0.041,0.11025641,0.169,0.087179487,0.002564103,0.094871795,0.117948718,0.130769231,0.105128205,0.094871795
255,0.221,0.06,0.112021858,0.109,0.221311475,0.128,0.101092896,0.038,0.109289617,0.167,0.084699454,0.00273224,0.092896175,0.117486339,0.131147541,0.103825137,0.095628415
256,0.204,0.056,0.104166667,0.113,0.229166667,0.131,0.098214286,0.033,0.113095238,0.164,0.083333333,0.00297619,0.092261905,0.12202381,0.136904762,0.104166667,0.098214286
257,0.181,0.053,0.093457944,0.112,0.239875389,0.125,0.090342679,0.028,0.109034268,0.156,0.074766355,0.003115265,0.087227414,0.118380062,0.133956386,0.102803738,0.096573209
258,0.161,0.052,0.082781457,0.109,0.238410596,0.119,0.086092715,0.026,0.109271523,0.146,0.069536424,0.003311258,0.086092715,0.11589404,0.132450331,0.099337748,0.092715232
259,0.137,0.049,0.077777778,0.111,0.248148148,0.119,0.081481481,0.022,0.107407407,0.141,0.062962963,0.003703704,0.085185185,0.114814815,0.133333333,0.1,0.092592593
260,0.113,0.045,0.069672131,0.111,0.25,0.115,0.077868852,0.02,0.102459016,0.127,0.053278689,0.004098361,0.081967213,0.114754098,0.12704918,0.094262295,0.090163934
261,0.094,0.039,0.058823529,0.104,0.230769231,0.109,0.076923077,0.018,0.090497738,0.109,0.045248869,0.004524887,0.07239819,0.108597285,0.122171946,0.085972851,0.085972851
262,0.075,0.028,0.044117647,0.098,0.220588235,0.098,0.068627451,0.015,0.078431373,0.069,0.034313725,0,0.06372549,0.098039216,0.107843137,0.078431373,0.083333333
263,0.059,0.019,0.027624309,0.094,0.20441989,0.094,0.066298343,0.011,0.066298343,0.044,0.027624309,0,0.049723757,0.08839779,0.082872928,0.071823204,0.077348066
264,0.024,0.015,0.02484472,0.075,0.167701863,0.075,0.049689441,0.012,0.049689441,0.037,0.02484472,0,0.031055901,0.068322981,0.043478261,0.049689441,0.055900621
265,0.018,0.009,0.02189781,0.029,0.102189781,0.029,0.03649635,0.007,0.02919708,0.029,0.01459854,0,0.02189781,0.02919708,0.02189781,0.02919708,0.02919708
266,0.014,0.011,0.017699115,0.018,0.03539823,0.018,0.017699115,0.009,0.017699115,0.027,0.017699115,0,0.017699115,0.017699115,0.017699115,0.017699115,0.017699115
267,0.008,0,0.010638298,0.011,0.021276596,0.021,0.010638298,0.011,0.010638298,0.021,0.010638298,0,0.010638298,0.010638298,0.021276596,0.010638298,0.010638298
268,0.006,0,0.013333333,0.013,0.013333333,0.013,0.013333333,0,0.013333333,0.013,0.013333333,0,0.013333333,0.013333333,0.013333333,0.013333333,0.013333333
269,0.003,0,0,0,0.016949153,0,0,0,0,0.017,0,0,0,0,0,0,0
270,0.002,0,0,0,0,0,0,0,0,0,0,0,0,0,0,0,0
271,0.002,0,0,0,0,0,0,0,0,0,0,0,0,0,0,0,0
272,0.002,0,0,0,0,0,0,0,0,0,0,0,0,0,0,0,0
273,0.002,0,0,0,0,0,0,0,0,0,0,0,0,0,0,0,0
274,0.002,0,0,0,0,0,0,0,0,0,0,0,0,0,0,0,0
275,0.002,0,0,0,0,0,0,0,0,0,0,0,0,0,0,0,0
276,0.002,0,0,0,0,0,0,0,0,0,0,0,0,0,0,0,0
277,0.002,0,0,0,0,0,0,0,0,0,0,0,0,0,0,0,0
278,0.002,0,0,0,0,0,0,0,0,0,0,0,0,0,0,0,0
279,0.002,0,0,0,0,0,0,0,0,0,0,0,0,0,0,0,0
280,0.002,0,0,0,0,0,0,0,0,0,0,0,0,0,0,0,0
281,0.002,0,0,0,0,0,0,0,0,0,0,0,0,0,0,0,0
282,0.002,0,0,0,0,0,0,0,0,0,0,0,0,0,0,0,0
283,0.002,0,0,0,0,0,0,0,0,0,0,0,0,0,0,0,0
284,0.002,0,0,0,0,0,0,0,0,0,0,0,0,0,0,0,0
285,0.002,0,0,0,0,0,0,0,0,0,0,0,0,0,0,0,0
286,0.002,0,0,0,0,0,0,0,0,0,0,0,0,0,0,0,0
287,0.002,0,0,0,0,0,0,0,0,0,0,0,0,0,0,0,0
288,0.002,0,0,0,0,0,0,0,0,0,0,0,0,0,0,0,0
289,0.002,0,0,0,0,0,0,0,0,0,0,0,0,0,0,0,0
290,0.002,0,0,0,0,0,0,0,0,0,0,0,0,0,0,0,0
291,0.002,0,0,0,0,0,0,0,0,0,0,0,0,0,0,0,0
292,0.002,0,0,0,0,0,0,0,0,0,0,0,0,0,0,0,0
293,0.002,0,0,0,0,0,0,0,0,0,0,0,0,0,0,0,0
294,0.002,0,0,0,0,0,0,0,0,0,0,0,0,0,0,0,0
295,0.002,0,0,0,0,0,0,0,0,0,0,0,0,0,0,0,0
296,0.002,0.5,0,0,0,0,0,0,0,0,0,0,0,0,0,0.5,0.5
297,0.002,0,0.5,0.5,0.5,0.5,0.5,0.5,0,0,0,0,0.5,0.5,0.5,0.5,0.5
298,0.002,0.5,0,0,0,0,0,0,0,0,0,0,0,0,0,0.5,0.5
299,0.002,0.5,0.5,0.5,0.5,0.5,0.5,0.5,0,0,0,0,0.5,0.5,0.5,0.5,0.5
300,0.002,0.5,0.5,0.5,0.5,0.5,0.5,0.5,0.5,0.5,0.5,0,0.5,0.5,0.5,0.5,0.5
301,0.002,0.5,0.5,0.5,0.5,0.5,0.5,0.5,0.5,0.5,0.5,0,0.5,0.5,0.5,0.5,0.5
302,0.002,0,0.5,0.5,0.5,0.5,0.5,0.5,0.5,0.5,0.5,0,0.5,0.5,0.5,0.5,0.5
303,0.002,0.5,0,0,0,0,0,0,0,0,0,0,0,0,0,0,0
304,0.002,0.5,0.5,0.5,0.5,0.5,0.5,0.5,0,0,0,0,0.5,0.5,0.5,0.5,0.5
305,0.002,0.5,0.5,0.5,0.5,0.5,0.5,0.5,0.5,0.5,0.5,0,0.5,0.5,0.5,0.5,0.5
306,0.002,0.5,0.5,0.5,0.5,0.5,0.5,0.5,0.5,0.5,0.5,0,0.5,0.5,0.5,0.5,0.5
307,0.002,0.5,0.5,0.5,0.5,0.5,0.5,0.5,0,0,0,0,0.5,0.5,0.5,0.5,0.5
308,0.002,0.5,0.5,0.5,0.5,0.5,0.5,0.5,0.5,0.5,0.5,0,0.5,0.5,0.5,0.5,0.5
309,0.002,0.5,0.5,0.5,0.5,0.5,0.5,0.5,0.5,0.5,0.5,0,0.5,0.5,0.5,0.5,0.5
310,0.002,0.5,0.5,0.5,0.5,0.5,0.5,0.5,0.5,0.5,0.5,0,0.5,0.5,0.5,0.5,0.5
311,0.002,0.5,0.5,0.5,0.5,0.5,0.5,0.5,0.5,0.5,0.5,0,0.5,0.5,0.5,0.5,0.5
312,0.002,0,0.5,0.5,0.5,0.5,0.5,0.5,0.5,0.5,0.5,0,0.5,0.5,0.5,0.5,0.5
313,0.002,0.5,0.5,0.5,0.5,0.5,0,0.5,0,0.5,0.5,0,0.5,0,0.5,0,0
314,0.002,0.5,0.5,0.5,0.5,0.5,0,0.5,0.5,0.5,0.5,0,0.5,0,0.5,0,0
315,0.002,0,0.5,0.5,0.5,0.5,0.5,0.5,0.5,0.5,0.5,0,0.5,0.5,0.5,0.5,0.5
316,0.002,0.5,0.5,0.5,0.5,0.5,0,0.5,0,0.5,0.5,0,0.5,0,0.5,0.5,0.5
317,0.002,0,0.5,0.5,0.5,0.5,0,0.5,0.5,0.5,0.5,0,0.5,0,0.5,0,0
318,0.002,0.5,0.5,0.5,0.5,0.5,0,0.5,0.5,0.5,0.5,0,0.5,0,0.5,0,0
319,0.002,0.5,0.5,0.5,0.5,0.5,0.5,0.5,0.5,0.5,0.5,0,0.5,0.5,0.5,0.5,0.5
320,0.002,0.5,0.5,0.5,0.5,0.5,0.5,0.5,0.5,0.5,0.5,0,0.5,0.5,0.5,0.5,0.5
321,0.002,0.5,0.5,0.5,0.5,0.5,0.5,0.5,0.5,0.5,0.5,0,0.5,0.5,0.5,0.5,0.5
322,0.004,0.5,0.5,0.5,0.5,0.5,0.5,0.5,0.5,0.5,0.5,0,0.5,0.5,0.5,0.5,0.5
323,0.008,0.5,0.5,0.5,1,1,0.5,0.5,0.5,1,0.5,0,0.5,0.5,1,0.5,1
324,0.012,0.5,0.5,1,2,1.5,1,0.5,1,1,0.5,0,1,1,1,1,1.5
325,0.016,0.5,1,1,2.5,2,1.5,0.5,1.5,1.5,1,0,1,1.5,2,1,2
326,0.02,1,1,1.5,3,6,2,1,2,2.5,1,0,1.5,3,4,1.5,6
327,0.026,0.5,1.5,2,3.5,9.5,2.5,1,2.5,3,1.5,0,1.5,2.5,6,2,9
328,0.03,0.25,0.75,1,2,6.25,1.5,0.5,1.5,1.75,0.75,0,1,1.25,4,1,5.75
329,0.07,0.25,0.5,0.625,1.625,3.625,0.75,0.25,0.75,1.125,0.5,0,0.5,0.75,2.5,0.5,2.125
330,0.038,0.188,0.333333333,0.417,0.833333333,2.417,0.583333333,0.25,0.666666667,1.167,0.333333333,0,0.333333333,0.583333333,2,0.416666667,0.833333333
331,0.087,0.15,0.3125,0.313,0.75,1,0.5,0.188,0.625,1.563,0.3125,0,0.3125,0.4375,1.6875,0.375,0.9375
332,0.131,0.115,0.25,0.3,0.6,0.5,0.5,0.25,0.5,1.6,0.25,0.05,0.25,0.65,1.4,0.35,1.8
333,0.151,0.133,0.192307692,0.231,1.038461538,0.538,1.115384615,0.269,0.576923077,1.423,0.192307692,0.038461538,0.192307692,0.346153846,1.230769231,0.307692308,1.730769231
334,0.173,0.157,0.2,0.233,1.533333333,0.567,1.3,0.267,0.633333333,1.467,0.2,0.033333333,0.266666667,0.366666667,1.266666667,0.6,1.633333333
335,0.195,0.395,0.114285714,0.1,0.885714286,0.6,0.614285714,0.129,0.428571429,0.729,0.128571429,0.014285714,0.1,0.271428571,0.585714286,0.4,0.757142857
336,0.22,0.218,0.315789474,0.342,1.736842105,1.579,1.236842105,0.263,1.026315789,1.579,0.236842105,0.052631579,0.368421053,0.868421053,1.184210526,0.868421053,1.526315789
337,0.242,0.168,0.195402299,0.184,0.770114943,0.724,0.574712644,0.126,0.563218391,0.77,0.114942529,0.022988506,0.390804598,0.32183908,0.551724138,0.413793103,0.701149425
338,0.265,0.159,0.183206107,0.153,0.534351145,0.511,0.41221374,0.092,0.396946565,0.565,0.114503817,0.015267176,0.290076336,0.305343511,0.381679389,0.297709924,0.496183206
339,0.288,0.156,0.19205298,0.166,0.483443709,0.464,0.38410596,0.086,0.364238411,0.536,0.125827815,0.013245033,0.271523179,0.291390728,0.350993377,0.271523179,0.456953642
340,0.312,0.149,0.196531792,0.202,0.445086705,0.422,0.352601156,0.098,0.335260116,0.503,0.179190751,0.011560694,0.25433526,0.271676301,0.323699422,0.25433526,0.421965318
341,0.334,0.141,0.205128205,0.241,0.405128205,0.39,0.333333333,0.092,0.307692308,0.477,0.164102564,0.01025641,0.241025641,0.256410256,0.302564103,0.241025641,0.38974359
342,0.359,0.136,0.204545455,0.227,0.372727273,0.359,0.313636364,0.086,0.286363636,0.445,0.181818182,0.009090909,0.222727273,0.240909091,0.281818182,0.222727273,0.359090909
343,0.385,0.128,0.20661157,0.215,0.351239669,0.339,0.301652893,0.083,0.272727273,0.43,0.223140496,0.012396694,0.214876033,0.231404959,0.268595041,0.214876033,0.342975207
344,0.406,0.125,0.203773585,0.204,0.339622642,0.321,0.290566038,0.079,0.256603774,0.411,0.21509434,0.011320755,0.20754717,0.218867925,0.252830189,0.20754717,0.320754717
345,0.426,0.119,0.201388889,0.194,0.319444444,0.302,0.277777778,0.076,0.243055556,0.392,0.208333333,0.010416667,0.197916667,0.208333333,0.239583333,0.194444444,0.305555556
346,0.454,0.117,0.195512821,0.186,0.301282051,0.285,0.272435897,0.074,0.230769231,0.378,0.201923077,0.009615385,0.189102564,0.198717949,0.230769231,0.189102564,0.291666667
347,0.473,0.114,0.188622754,0.177,0.284431138,0.272,0.263473054,0.069,0.218562874,0.362,0.194610778,0.008982036,0.182634731,0.191616766,0.221556886,0.182634731,0.275449102
348,0.5,0.109,0.186629526,0.17,0.270194986,0.259,0.259052925,0.067,0.211699164,0.351,0.192200557,0.008356546,0.178272981,0.186629526,0.211699164,0.178272981,0.267409471
349,0.521,0.089,0.179220779,0.164,0.257142857,0.247,0.249350649,0.065,0.202597403,0.34,0.184415584,0.007792208,0.171428571,0.179220779,0.205194805,0.171428571,0.254545455
350,0.529,0.11,0.147783251,0.133,0.209359606,0.195,0.206896552,0.054,0.162561576,0.278,0.147783251,0.007389163,0.137931034,0.145320197,0.165024631,0.140394089,0.204433498
351,0.589,0.101,0.185446009,0.164,0.255868545,0.242,0.258215962,0.066,0.204225352,0.345,0.187793427,0.009389671,0.17370892,0.183098592,0.20657277,0.176056338,0.253521127
352,0.579,0.099,0.169603524,0.15,0.226872247,0.216,0.235682819,0.059,0.182819383,0.313,0.169603524,0.008810573,0.158590308,0.165198238,0.18722467,0.158590308,0.22907489
353,0.595,0.096,0.167019027,0.146,0.21987315,0.207,0.23255814,0.059,0.179704017,0.307,0.167019027,0.00845666,0.154334038,0.162790698,0.181818182,0.156448203,0.221987315
354,0.612,0.094,0.164,0.142,0.214,0.2,0.23,0.056,0.174,0.3,0.164,0.008,0.15,0.16,0.176,0.154,0.214
355,0.636,0.095,0.161228407,0.14,0.207293666,0.192,0.224568138,0.056,0.16890595,0.292,0.159309021,0.007677543,0.147792706,0.15547025,0.170825336,0.151631478,0.207293666
356,0.646,0.085,0.162570888,0.14,0.206049149,0.189,0.2268431,0.055,0.168241966,0.293,0.160680529,0.007561437,0.147448015,0.155009452,0.172022684,0.151228733,0.206049149
357,0.626,0.086,0.146010187,0.126,0.181663837,0.166,0.202037351,0.049,0.149405772,0.26,0.142614601,0.006791171,0.130730051,0.137521222,0.152801358,0.134125637,0.181663837
358,0.639,0.087,0.150259067,0.13,0.186528497,0.171,0.208981002,0.05,0.153713299,0.268,0.146804836,0.006908463,0.134715026,0.141623489,0.15716753,0.139896373,0.184801382
359,0.643,0.087,0.151260504,0.131,0.183193277,0.17,0.211764706,0.052,0.152941176,0.269,0.14789916,0.006722689,0.136134454,0.142857143,0.157983193,0.141176471,0.18487395
360,0.657,0.085,0.151960784,0.129,0.179738562,0.165,0.209150327,0.051,0.150326797,0.265,0.145424837,0.006535948,0.133986928,0.140522876,0.155228758,0.138888889,0.181372549
361,0.707,0.084,0.15408805,0.129,0.176100629,0.162,0.209119497,0.05,0.149371069,0.263,0.144654088,0.006289308,0.133647799,0.139937107,0.152515723,0.139937107,0.179245283
362,0.691,0.089,0.151702786,0.125,0.171826625,0.158,0.205882353,0.05,0.145510836,0.255,0.142414861,0.00619195,0.13003096,0.137770898,0.148606811,0.137770898,0.173374613
363,0.729,0.089,0.162939297,0.134,0.18370607,0.166,0.21884984,0.053,0.154952077,0.272,0.151757188,0.006389776,0.138977636,0.146964856,0.158146965,0.146964856,0.185303514
364,0.746,0.092,0.162754304,0.135,0.183098592,0.166,0.220657277,0.053,0.153364632,0.272,0.150234742,0.006259781,0.139280125,0.145539906,0.158059468,0.148669797,0.183098592
365,0.761,0.067,0.166407465,0.138,0.186625194,0.17,0.223950233,0.054,0.157076205,0.278,0.153965785,0.00622084,0.141524106,0.149300156,0.161741835,0.152410575,0.185069984
366,0.758,0.072,0.121765601,0.102,0.140030441,0.125,0.161339422,0.041,0.115677321,0.202,0.111111111,0.00456621,0.103500761,0.109589041,0.118721461,0.111111111,0.132420091
367,0.24,0.091,0.130127298,0.11,0.152758133,0.134,0.178217822,0.044,0.12446959,0.215,0.118811881,0.005657709,0.111739745,0.117397454,0.127298444,0.120226308,0.145685997
368,0.774,0.064,0.16642547,0.139,0.18813314,0.168,0.222865412,0.055,0.154848046,0.274,0.15195369,0.00723589,0.141823444,0.149059334,0.160636758,0.15195369,0.18089725
369,0.372,0.062,0.11659808,0.099,0.135802469,0.119,0.155006859,0.04,0.109739369,0.192,0.106995885,0.004115226,0.100137174,0.105624143,0.113854595,0.106995885,0.127572016
370,0.248,0.03,0.112600536,0.095,0.132707775,0.117,0.150134048,0.039,0.105898123,0.184,0.103217158,0.004021448,0.095174263,0.101876676,0.109919571,0.103217158,0.121983914
371,0.511,0.042,0.053876478,0.049,0.072273325,0.06,0.070959264,0.02,0.053876478,0.092,0.049934297,0.002628121,0.047306176,0.051248357,0.056504599,0.051248357,0.060446781
372,0.255,0.104,0.07651715,0.069,0.098944591,0.084,0.100263852,0.026,0.073878628,0.128,0.071240106,0.002638522,0.065963061,0.071240106,0.077836412,0.071240106,0.084432718
373,0.191,0.052,0.1875,0.167,0.25,0.208,0.25,0.067,0.183333333,0.313,0.170833333,0.008333333,0.1625,0.175,0.191666667,0.175,0.208333333
374,0.798,0.091,0.093023256,0.081,0.117571059,0.101,0.124031008,0.032,0.090439276,0.155,0.086563307,0.003875969,0.081395349,0.086563307,0.094315245,0.086563307,0.100775194
375,0.751,0.161,0.163978495,0.145,0.204301075,0.177,0.215053763,0.056,0.158602151,0.272,0.150537634,0.005376344,0.142473118,0.153225806,0.163978495,0.153225806,0.174731183
376,0.253,0.045,0.286290323,0.254,0.358870968,0.31,0.383064516,0.101,0.274193548,0.472,0.262096774,0.012096774,0.25,0.27016129,0.286290323,0.27016129,0.302419355
377,0.465,0.067,0.080234834,0.07,0.105675147,0.088,0.109589041,0.031,0.078277886,0.133,0.070450098,0.003913894,0.070450098,0.076320939,0.082191781,0.078277886,0.088062622
378,0.693,0.157,0.117647059,0.11,0.160784314,0.133,0.149019608,0.043,0.11372549,0.196,0.105882353,0.003921569,0.101960784,0.109803922,0.121568627,0.109803922,0.125490196
379,0.182,0.063,0.282722513,0.251,0.366492147,0.314,0.376963351,0.105,0.272251309,0.466,0.256544503,0.010471204,0.246073298,0.267015707,0.287958115,0.261780105,0.287958115
380,0.683,0.041,0.114035088,0.1,0.144110276,0.124,0.154135338,0.041,0.109022556,0.185,0.102756892,0.005012531,0.098997494,0.106516291,0.114035088,0.107769424,0.114035088
381,0.165,0.123,0.074567244,0.067,0.09587217,0.081,0.101198402,0.028,0.071904128,0.121,0.066577896,0.002663116,0.065246338,0.07057257,0.075898802,0.071904128,0.075898802
382,0.194,0.06,0.221343874,0.202,0.28458498,0.245,0.292490119,0.079,0.213438735,0.364,0.201581028,0.007905138,0.193675889,0.209486166,0.225296443,0.209486166,0.221343874
383,0.661,0.032,0.109677419,0.099,0.139784946,0.12,0.146236559,0.039,0.105376344,0.183,0.098924731,0.004301075,0.094623656,0.103225806,0.111827957,0.103225806,0.111827957
384,0.225,0.148,0.056277056,0.053,0.073593074,0.065,0.072150072,0.02,0.054834055,0.094,0.051948052,0.002886003,0.050505051,0.054834055,0.057720058,0.053391053,0.056277056
385,0.29,0.025,0.263736264,0.247,0.357142857,0.302,0.357142857,0.099,0.263736264,0.44,0.241758242,0.010989011,0.236263736,0.258241758,0.28021978,0.258241758,0.269230769
386,0.179,0.261,0.045387994,0.041,0.058565154,0.051,0.055636896,0.016,0.042459736,0.075,0.039531479,0.001464129,0.03806735,0.042459736,0.046852123,0.040995608,0.043923865
387,0.556,0.242,0.448484848,0.424,0.618181818,0.515,0.612121212,0.164,0.448484848,0.745,0.412121212,0.018181818,0.406060606,0.448484848,0.478787879,0.442424242,0.424242424
388,0.542,0.047,0.427835052,0.407,0.582474227,0.495,0.577319588,0.16,0.432989691,0.711,0.396907216,0.015463918,0.386597938,0.432989691,0.463917526,0.427835052,0.407216495
389,0.239,0.204,0.083207262,0.08,0.116490166,0.098,0.10892587,0.03,0.084720121,0.141,0.077155825,0.003025719,0.074130106,0.084720121,0.092284418,0.084720121,0.081694402
390,0.516,0.107,0.355555556,0.342,0.502222222,0.413,0.466666667,0.133,0.364444444,0.596,0.328888889,0.008888889,0.32,0.364444444,0.395555556,0.36,0.337777778
391,0.474,0.184,0.186206897,0.183,0.275862069,0.221,0.244827586,0.069,0.193103448,0.314,0.172413793,0.006896552,0.168965517,0.193103448,0.210344828,0.189655172,0.182758621
392,0.391,0.067,0.324022346,0.318,0.497206704,0.38,0.418994413,0.123,0.335195531,0.536,0.296089385,0.011173184,0.290502793,0.340782123,0.368715084,0.329608939,0.318435754
393,0.285,0.052,0.116906475,0.117,0.181654676,0.14,0.147482014,0.043,0.122302158,0.196,0.107913669,0.003597122,0.106115108,0.124100719,0.134892086,0.120503597,0.113309353
394,0.229,0.138,0.092250923,0.092,0.145756458,0.111,0.114391144,0.033,0.095940959,0.153,0.084870849,0.001845018,0.08302583,0.097785978,0.10701107,0.094095941,0.090405904
395,0.385,0.05,0.242677824,0.247,0.393305439,0.293,0.288702929,0.088,0.251046025,0.402,0.221757322,0.0041841,0.217573222,0.259414226,0.284518828,0.251046025,0.234309623
396,0.271,0.053,0.089147287,0.091,0.153100775,0.107,0.100775194,0.033,0.091085271,0.143,0.079457364,0.001937984,0.079457364,0.096899225,0.104651163,0.093023256,0.085271318
397,0.284,0.049,0.094936709,0.097,0.164556962,0.114,0.101265823,0.036,0.097046414,0.15,0.082278481,0.002109705,0.084388186,0.103375527,0.111814346,0.097046414,0.088607595
398,0.216,0.06,0.089514066,0.092,0.16112532,0.105,0.092071611,0.033,0.089514066,0.138,0.074168798,0.002557545,0.076726343,0.097186701,0.104859335,0.092071611,0.081841432
399,0.207,0.039,0.112280702,0.116,0.2,0.133,0.112280702,0.039,0.112280702,0.172,0.09122807,0.003508772,0.094736842,0.122807018,0.133333333,0.112280702,0.101754386
400,0.077,0.01,0.069868996,0.074,0.122270742,0.087,0.074235808,0.022,0.074235808,0.114,0.056768559,0.004366812,0.061135371,0.07860262,0.087336245,0.074235808,0.065502183
401,0.044,0.022,0.018181818,0.018,0.031168831,0.023,0.020779221,0.008,0.018181818,0.031,0.015584416,0,0.015584416,0.020779221,0.020779221,0.018181818,0.018181818
402,0.062,0.021,0.036900369,0.037,0.055350554,0.044,0.04797048,0.015,0.036900369,0.063,0.033210332,0,0.033210332,0.036900369,0.040590406,0.036900369,0.040590406
403,0.062,0.023,0.035211268,0.035,0.049295775,0.042,0.045774648,0.014,0.035211268,0.06,0.031690141,0,0.031690141,0.035211268,0.038732394,0.035211268,0.038732394
404,0.059,0.019,0.041666667,0.042,0.060185185,0.051,0.055555556,0.014,0.046296296,0.074,0.041666667,0,0.037037037,0.041666667,0.046296296,0.041666667,0.050925926
405,0.048,0.039,0.033816425,0.034,0.053140097,0.043,0.048309179,0.014,0.038647343,0.063,0.033816425,0,0.033816425,0.038647343,0.043478261,0.038647343,0.043478261
406,0.04,0.068,0.077922078,0.078,0.116883117,0.091,0.103896104,0.026,0.077922078,0.13,0.077922078,0,0.077922078,0.077922078,0.090909091,0.077922078,0.090909091
407,0.03,0.032,0.090909091,0.091,0.159090909,0.136,0.136363636,0.045,0.113636364,0.182,0.090909091,0,0.090909091,0.113636364,0.113636364,0.113636364,0.113636364
408,0.02,0.016,0.048387097,0.048,0.064516129,0.048,0.064516129,0.016,0.048387097,0.081,0.048387097,0,0.048387097,0.048387097,0.048387097,0.048387097,0.048387097
409,0.012,0.017,0.032258065,0.032,0.048387097,0.032,0.032258065,0.016,0.032258065,0.048,0.032258065,0,0.032258065,0.032258065,0.032258065,0.032258065,0.032258065
410,0.008,0,0.016949153,0.017,0.033898305,0.017,0.016949153,0,0.016949153,0.034,0.016949153,0,0.016949153,0.016949153,0.016949153,0.016949153,0.016949153
411,0.004,0,0,0,0.020833333,0,0,0,0,0.021,0,0,0,0,0,0,0
412,0.002,0,0,0,0,0,0,0,0,0,0,0,0,0,0,0,0
413,0.002,0,0,0,0,0,0,0,0,0,0,0,0,0,0,0,0
414,0.002,0,0,0,0,0,0,0,0,0,0,0,0,0,0,0,0
415,0.002,0,0,0,0,0,0,0,0,0,0,0,0,0,0,0,0
416,0.002,0,0,0,0,0,0,0,0,0,0,0,0,0,0,0,0
417,0.002,0,0,0,0,0,0,0,0,0,0,0,0,0,0,0,0
418,0.002,0,0,0,0,0,0,0,0,0,0,0,0,0,0,0,0
419,0.002,0,0,0,0,0,0,0,0,0,0,0,0,0,0,0,0
420,0.002,0.5,0,0,0,0.5,0.5,0.5,0,0,0,0,0,0,0,0.5,0.5
421,0.002,0.5,0.5,0.5,0.5,0.5,0.5,0.5,0,0,0,0,0.5,0.5,0.5,0.5,0.5
422,0.002,0.5,0.5,0.5,0.5,0.5,0.5,0.5,0,0,0,0,0.5,0.5,0.5,0.5,0.5
423,0.002,0.5,0.5,0.5,0.5,0.5,0.5,0.5,0,0,0,0,0.5,0.5,0.5,0.5,0.5
424,0.002,0.5,0.5,0.5,0.5,0.5,0.5,0.5,0,0,0,0,0.5,0.5,0.5,0.5,0.5
425,0.002,0.5,0.5,0.5,0.5,0.5,0.5,0.5,0,0,0,0,0.5,0.5,0.5,0.5,0.5
426,0.002,0.5,0.5,0.5,0.5,0.5,0.5,0.5,0.5,0.5,0.5,0,0.5,0.5,0.5,0.5,0.5
427,0.002,0.5,0.5,0.5,0.5,0.5,0.5,0.5,0.5,0.5,0.5,0,0.5,0.5,0.5,0.5,0.5
428,0.002,0.5,0.5,0.5,0.5,0.5,0.5,0.5,0.5,0.5,0.5,0,0.5,0.5,0.5,0.5,0.5
429,0.002,0.5,0.5,0.5,0.5,0.5,0.5,0.5,0.5,0.5,0.5,0,0.5,0.5,0.5,0.5,0.5
430,0.002,0.5,0.5,0.5,0.5,0.5,0.5,0.5,0.5,0.5,0.5,0,0.5,0.5,0.5,0.5,0.5
431,0.002,0.5,0.5,0.5,0.5,0.5,0.5,0.5,0.5,0.5,0.5,0,0.5,0.5,0.5,0.5,0.5
432,0.002,0.5,0.5,0.5,0.5,0.5,0.5,0.5,0.5,0.5,0.5,0,0.5,0.5,0.5,0.5,0.5
433,0.002,0.5,0.5,0.5,0.5,0.5,0.5,0.5,0.5,0.5,0.5,0,0.5,0.5,0.5,0.5,0.5
434,0.002,0.5,0.5,0.5,0.5,0.5,0.5,0.5,0.5,0.5,0.5,0,0.5,0.5,0.5,0.5,0.5
435,0.002,0.5,0.5,0.5,0.5,0.5,0.5,0.5,0.5,0.5,0.5,0,0.5,0.5,0.5,0.5,0.5
436,0.002,0.5,0.5,0.5,0.5,0.5,0.5,0.5,0.5,0.5,0.5,0,0.5,0.5,0.5,0.5,0.5
437,0.002,0.5,0.5,0.5,0.5,0.5,0.5,0.5,0.5,0.5,0.5,0,0.5,0.5,0.5,0.5,0.5
438,0.002,0.5,0.5,0.5,0.5,0.5,0.5,0.5,0.5,0.5,0.5,0,0.5,0.5,0.5,0.5,0.5
439,0.002,0.5,0.5,0.5,0.5,0.5,0.5,0.5,0.5,0.5,0.5,0,0.5,0.5,0.5,0.5,0.5
440,0.002,0.5,0.5,0.5,0.5,0.5,0.5,0.5,0.5,0.5,0.5,0,0.5,0.5,0.5,0.5,0.5
441,0.002,0.5,0.5,0.5,0.5,0.5,0.5,0.5,0.5,0.5,0.5,0,0.5,0.5,0.5,0.5,0.5
442,0.002,0.5,0.5,0.5,0.5,0.5,0.5,0.5,0.5,0.5,0.5,0,0.5,0.5,0.5,0.5,0.5
443,0.002,0.5,0.5,0.5,0.5,0.5,0,0.5,0.5,0.5,0.5,0,0.5,0.5,0.5,0,0.5
444,0.002,0.5,0.5,0.5,0.5,0.5,0.5,0.5,0.5,0.5,0.5,0,0.5,0.5,0.5,0.5,0.5
445,0.002,0.5,0.5,0.5,0.5,0.5,0,0.5,0.5,0.5,0.5,0,0.5,0.5,0.5,0.5,0.5
446,0.002,0.5,0.5,0.5,0.5,0.5,0.5,0.5,0.5,0.5,0.5,0,0.5,0.5,0.5,0.5,0.5
447,0.002,0.5,0.5,0.5,0.5,0.5,0.5,0.5,0.5,0.5,0.5,0,0.5,0.5,0.5,0.5,0.5
448,0.002,0,0.5,0.5,0.5,0.5,0.5,0.5,0.5,0.5,0.5,0,0.5,0.5,0.5,0,0.5
449,0.002,0,0.5,0.5,0.5,0.5,0,0.5,0.5,0.5,0.5,0,0.5,0,0.5,0,0
450,0.002,0,0.5,0.5,0.5,0.5,0,0.5,0,0.5,0.5,0,0.5,0,0.5,0,0
451,0.002,0,0,0.5,0,0,0,0,0,0.5,0,0,0,0,0,0,0
452,0.002,0,0,0,0,0,0,0,0,0.5,0,0,0,0,0,0,0
453,0.002,0,0,0,0,0,0,0,0,0,0,0,0,0,0,0,0
454,0.002,0,0,0,0,0,0,0,0,0,0,0,0,0,0,0,0
455,0.002,0,0,0,0,0,0,0,0,0,0,0,0,0,0,0,0
456,0.002,0,0,0.5,0,0,0,0,0,0,0,0,0,0,0,0,0
457,0.002,0,0,0,0,0,0,0,0,0.5,0,0,0,0,0,0,0
458,0.002,0,0,0,0,0,0,0,0,0,0,0,0,0,0,0,0
459,0.002,0,0,0,0,0,0,0,0,0,0,0,0,0,0,0,0
460,0.002,0,0,0,0,0,0,0,0,0,0,0,0,0,0,0,0
461,0.002,0,0,0,0,0,0,0,0,0,0,0,0,0,0,0,0
462,0.002,0,0,0,0,0,0,0,0,0,0,0,0,0,0,0,0
463,0.002,0.5,0,0,0,0,0,0,0,0,0,0,0,0,0,0,0
464,0.002,0.5,0.5,0.5,0.5,0.5,0.5,0.5,0,0,0,0,0.5,0.5,0.5,0.5,0.5
465,0.002,0.5,0.5,0.5,0.5,0.5,0.5,0.5,0,0,0,0,0.5,0.5,0.5,0.5,0.5
466,0.002,0.5,0.5,0.5,0.5,0.5,0.5,0.5,0.5,0.5,0.5,0,0.5,0.5,0.5,0.5,0.5
467,0.002,0.5,0.5,0.5,0.5,0.5,0.5,0.5,0.5,0.5,0.5,0,0.5,0.5,0.5,0.5,0.5
468,0.002,0.5,0.5,0.5,0.5,0.5,0.5,0.5,0,0,0,0,0.5,0.5,0.5,0.5,0.5
469,0.004,0.5,0.5,0.5,0.5,0.5,0.5,0.5,0.5,0.5,0.5,0,0.5,0.5,0.5,0.5,0.5
470,0.006,0.5,0.5,0.5,0.5,0.5,0.5,0.5,0.5,0.5,0.5,0,0.5,0.5,0.5,0.5,0.5
471,0.008,0.5,0.5,0.5,1,0.5,0.5,0.5,0.5,0.5,0.5,0,0.5,0.5,0.5,0.5,0.5
472,0.01,0.5,0.5,0.5,1,1,0.5,0.5,0.5,1,0.5,0,0.5,0.5,1,0.5,1
473,0.012,0.5,1,1,1.5,1,1,0.5,1,1,0.5,0,1,1,1,1,1
474,0.015,0.25,1,1,1.5,1.5,1,0.5,1,1.5,1,0,1,1,1,1,1
475,0.018,0.167,0.75,0.5,1,0.75,0.75,0.25,0.75,0.75,0.5,0,0.5,0.5,0.75,0.5,0.75
476,0.022,0.25,0.5,0.5,0.833333333,0.667,0.5,0.167,0.5,0.667,0.5,0,0.5,0.5,0.5,0.5,0.5
477,0.024,0.2,0.5,0.375,0.75,0.5,0.5,0.125,0.5,0.5,0.375,0,0.375,0.5,0.5,0.375,0.5
478,0.03,0.167,0.4,0.4,0.7,0.5,0.5,0.1,0.4,0.5,0.3,0,0.4,0.4,0.5,0.4,0.5
479,0.034,0.133,0.416666667,0.333,0.666666667,0.5,0.416666667,0.167,0.416666667,0.5,0.333333333,0,0.333333333,0.416666667,0.416666667,0.416666667,0.416666667
480,0.036,0.111,0.333333333,0.333,0.533333333,0.4,0.4,0.133,0.333333333,0.4,0.266666667,0,0.266666667,0.333333333,0.4,0.333333333,0.4
481,0.038,0.091,0.277777778,0.278,0.5,0.333,0.333333333,0.111,0.277777778,0.333,0.222222222,0,0.277777778,0.277777778,0.333333333,0.277777778,0.333333333
482,0.038,0.125,0.227272727,0.227,0.409090909,0.318,0.272727273,0.091,0.227272727,0.273,0.181818182,0,0.227272727,0.227272727,0.272727273,0.227272727,0.272727273
483,0.04,0.1,0.25,0.208,0.375,0.292,0.25,0.083,0.25,0.292,0.208333333,0,0.208333333,0.25,0.25,0.208333333,0.25
484,0.05,0.118,0.233333333,0.2,0.4,0.3,0.266666667,0.067,0.266666667,0.3,0.2,0,0.2,0.233333333,0.266666667,0.233333333,0.266666667
485,0.064,0.111,0.264705882,0.235,0.411764706,0.324,0.294117647,0.088,0.264705882,0.324,0.205882353,0,0.235294118,0.264705882,0.294117647,0.235294118,0.294117647
486,0.068,0.105,0.25,0.222,0.416666667,0.306,0.277777778,0.083,0.277777778,0.306,0.194444444,0,0.222222222,0.25,0.277777778,0.25,0.277777778
487,0.066,0.132,0.236842105,0.237,0.421052632,0.316,0.263157895,0.079,0.263157895,0.289,0.210526316,0,0.210526316,0.236842105,0.263157895,0.236842105,0.263157895
488,0.077,0.125,0.289473684,0.263,0.473684211,0.342,0.315789474,0.079,0.289473684,0.342,0.236842105,0,0.236842105,0.289473684,0.315789474,0.263157895,0.315789474
489,0.082,0.1,0.275,0.25,0.475,0.35,0.325,0.1,0.3,0.35,0.225,0.025,0.25,0.275,0.325,0.275,0.325
490,0.082,0.094,0.22,0.22,0.38,0.28,0.26,0.08,0.24,0.28,0.18,0.02,0.2,0.22,0.26,0.22,0.26
491,0.091,0.088,0.203125,0.188,0.328125,0.25,0.21875,0.063,0.203125,0.25,0.15625,0.015625,0.171875,0.203125,0.21875,0.1875,0.21875
492,0.096,0.106,0.205882353,0.176,0.323529412,0.25,0.220588235,0.059,0.205882353,0.25,0.161764706,0.014705882,0.176470588,0.191176471,0.220588235,0.191176471,0.220588235
493,0.104,0.091,0.227272727,0.197,0.363636364,0.273,0.257575758,0.076,0.242424242,0.273,0.181818182,0.015151515,0.196969697,0.212121212,0.242424242,0.212121212,0.242424242
494,0.111,0.085,0.207792208,0.182,0.337662338,0.247,0.233766234,0.065,0.220779221,0.247,0.168831169,0.012987013,0.168831169,0.194805195,0.233766234,0.194805195,0.220779221
495,0.113,0.073,0.182926829,0.159,0.292682927,0.22,0.207317073,0.061,0.195121951,0.232,0.146341463,0.012195122,0.158536585,0.182926829,0.195121951,0.170731707,0.195121951
496,0.099,0.066,0.170731707,0.146,0.268292683,0.207,0.182926829,0.049,0.170731707,0.207,0.134146341,0.012195122,0.146341463,0.158536585,0.182926829,0.158536585,0.182926829
497,0.103,0.073,0.153846154,0.143,0.252747253,0.198,0.175824176,0.044,0.164835165,0.198,0.120879121,0.010989011,0.131868132,0.153846154,0.175824176,0.142857143,0.164835165
498,0.11,0.087,0.166666667,0.146,0.270833333,0.198,0.177083333,0.052,0.177083333,0.208,0.135416667,0.010416667,0.145833333,0.15625,0.177083333,0.15625,0.177083333
499,0.141,0.081,0.192307692,0.173,0.317307692,0.231,0.211538462,0.058,0.192307692,0.25,0.153846154,0.009615385,0.163461538,0.182692308,0.201923077,0.173076923,0.201923077
500,0.146,0.071,0.189189189,0.162,0.297297297,0.216,0.198198198,0.054,0.189189189,0.234,0.144144144,0.009009009,0.153153153,0.18018018,0.198198198,0.171171171,0.189189189
501,0.12,0.071,0.159292035,0.142,0.256637168,0.195,0.17699115,0.044,0.168141593,0.221,0.123893805,0.008849558,0.14159292,0.159292035,0.17699115,0.150442478,0.168141593
502,0.113,0.068,0.161616162,0.141,0.262626263,0.202,0.171717172,0.051,0.161616162,0.222,0.121212121,0.01010101,0.131313131,0.151515152,0.171717172,0.141414141,0.171717172
503,0.122,0.082,0.165048544,0.136,0.252427184,0.194,0.174757282,0.049,0.165048544,0.223,0.126213592,0.009708738,0.13592233,0.155339806,0.165048544,0.145631068,0.165048544
504,0.146,0.05,0.190909091,0.164,0.290909091,0.227,0.2,0.055,0.190909091,0.255,0.145454545,0.009090909,0.154545455,0.172727273,0.190909091,0.163636364,0.190909091
505,0.112,0.041,0.113475177,0.099,0.177304965,0.142,0.120567376,0.028,0.113475177,0.149,0.085106383,0.007092199,0.092198582,0.106382979,0.120567376,0.09929078,0.113475177
506,0.084,0.05,0.082191781,0.075,0.143835616,0.11,0.095890411,0.027,0.089041096,0.103,0.068493151,0.006849315,0.075342466,0.082191781,0.095890411,0.082191781,0.095890411
507,0.107,0.062,0.116666667,0.108,0.191666667,0.15,0.133333333,0.033,0.125,0.142,0.091666667,0.008333333,0.1,0.116666667,0.133333333,0.108333333,0.125
508,0.114,0.098,0.14159292,0.133,0.238938053,0.186,0.159292035,0.044,0.159292035,0.177,0.115044248,0.008849558,0.123893805,0.14159292,0.159292035,0.132743363,0.159292035
509,0.184,0.096,0.213114754,0.189,0.352459016,0.279,0.245901639,0.066,0.229508197,0.287,0.172131148,0.008196721,0.18852459,0.213114754,0.237704918,0.204918033,0.237704918
510,0.214,0.143,0.212328767,0.185,0.342465753,0.267,0.239726027,0.062,0.226027397,0.301,0.171232877,0.006849315,0.184931507,0.205479452,0.232876712,0.198630137,0.232876712
511,0.241,0.214,0.321428571,0.277,0.508928571,0.393,0.348214286,0.089,0.330357143,0.464,0.25,0.017857143,0.276785714,0.303571429,0.339285714,0.285714286,0.339285714
512,0.264,0.178,0.464285714,0.405,0.738095238,0.571,0.511904762,0.131,0.476190476,0.714,0.357142857,0.023809524,0.404761905,0.44047619,0.5,0.416666667,0.488095238
513,0.269,0.184,0.373831776,0.327,0.598130841,0.458,0.411214953,0.131,0.38317757,0.598,0.289719626,0.018691589,0.327102804,0.364485981,0.401869159,0.336448598,0.392523364
514,0.291,0.125,0.377192982,0.325,0.587719298,0.465,0.403508772,0.14,0.385964912,0.614,0.289473684,0.01754386,0.333333333,0.359649123,0.403508772,0.342105263,0.394736842
515,0.321,0.103,0.25,0.212,0.385869565,0.304,0.27173913,0.092,0.255434783,0.413,0.195652174,0.010869565,0.217391304,0.239130435,0.266304348,0.222826087,0.255434783
516,0.293,0.087,0.200934579,0.173,0.317757009,0.248,0.214953271,0.075,0.205607477,0.341,0.158878505,0.009345794,0.177570093,0.191588785,0.219626168,0.182242991,0.205607477
517,0.276,0.087,0.170124481,0.149,0.269709544,0.212,0.182572614,0.062,0.174273859,0.29,0.136929461,0.008298755,0.149377593,0.165975104,0.186721992,0.153526971,0.178423237
518,0.291,0.093,0.166666667,0.148,0.265151515,0.208,0.181818182,0.061,0.170454545,0.288,0.132575758,0.007575758,0.147727273,0.162878788,0.181818182,0.151515152,0.174242424
519,0.329,0.089,0.185873606,0.16,0.282527881,0.223,0.200743494,0.067,0.185873606,0.316,0.148698885,0.007434944,0.163568773,0.17472119,0.197026022,0.167286245,0.189591078
520,0.336,0.065,0.175257732,0.148,0.257731959,0.206,0.18556701,0.062,0.171821306,0.296,0.137457045,0.006872852,0.151202749,0.161512027,0.182130584,0.154639175,0.175257732
521,0.275,0.065,0.127725857,0.109,0.193146417,0.153,0.137071651,0.047,0.127725857,0.218,0.099688474,0.00623053,0.112149533,0.121495327,0.133956386,0.115264798,0.127725857
522,0.244,0.076,0.126279863,0.106,0.187713311,0.15,0.133105802,0.044,0.122866894,0.212,0.098976109,0.006825939,0.109215017,0.119453925,0.133105802,0.112627986,0.126279863
523,0.279,0.069,0.148550725,0.13,0.22826087,0.178,0.15942029,0.054,0.148550725,0.257,0.119565217,0.007246377,0.130434783,0.141304348,0.15942029,0.134057971,0.148550725
524,0.267,0.046,0.137457045,0.117,0.206185567,0.162,0.144329897,0.048,0.137457045,0.234,0.109965636,0.006872852,0.120274914,0.130584192,0.144329897,0.12371134,0.137457045
525,0.196,0.039,0.088145897,0.079,0.139817629,0.109,0.097264438,0.033,0.09118541,0.155,0.072948328,0.003039514,0.079027356,0.088145897,0.097264438,0.082066869,0.09118541
526,0.174,0.044,0.074404762,0.065,0.119047619,0.092,0.083333333,0.027,0.077380952,0.131,0.05952381,0.00297619,0.06547619,0.071428571,0.083333333,0.068452381,0.077380952
527,0.143,0.045,0.08,0.073,0.127272727,0.102,0.087272727,0.029,0.083636364,0.142,0.065454545,0.003636364,0.072727273,0.08,0.087272727,0.076363636,0.083636364
528,0.144,0.039,0.086065574,0.078,0.139344262,0.111,0.094262295,0.033,0.090163934,0.152,0.069672131,0.004098361,0.077868852,0.086065574,0.098360656,0.081967213,0.094262295
529,0.132,0.045,0.075268817,0.065,0.11827957,0.09,0.078853047,0.025,0.075268817,0.129,0.0609319,0.003584229,0.064516129,0.071684588,0.078853047,0.068100358,0.078853047
530,0.157,0.051,0.086142322,0.075,0.131086142,0.105,0.093632959,0.03,0.086142322,0.15,0.071161049,0.003745318,0.074906367,0.082397004,0.093632959,0.078651685,0.08988764
531,0.123,0.063,0.096938776,0.087,0.153061224,0.122,0.107142857,0.036,0.102040816,0.173,0.081632653,0.005102041,0.086734694,0.091836735,0.107142857,0.091836735,0.107142857
532,0.137,0.084,0.126436782,0.109,0.195402299,0.149,0.132183908,0.046,0.126436782,0.213,0.097701149,0.005747126,0.109195402,0.120689655,0.132183908,0.114942529,0.126436782
533,0.15,0.076,0.160839161,0.14,0.251748252,0.196,0.167832168,0.056,0.160839161,0.273,0.125874126,0.006993007,0.13986014,0.153846154,0.167832168,0.146853147,0.167832168
534,0.132,0.098,0.145833333,0.132,0.236111111,0.181,0.159722222,0.049,0.152777778,0.257,0.118055556,0.006944444,0.131944444,0.145833333,0.159722222,0.138888889,0.152777778
535,0.162,0.07,0.181818182,0.159,0.28030303,0.22,0.196969697,0.068,0.181818182,0.311,0.143939394,0.007575758,0.159090909,0.174242424,0.196969697,0.166666667,0.181818182
536,0.14,0.098,0.133757962,0.115,0.203821656,0.166,0.140127389,0.045,0.133757962,0.229,0.108280255,0.006369427,0.114649682,0.127388535,0.146496815,0.121019108,0.133757962
537,0.152,0.095,0.195121951,0.171,0.292682927,0.236,0.203252033,0.065,0.195121951,0.333,0.154471545,0.008130081,0.170731707,0.18699187,0.203252033,0.170731707,0.195121951
538,0.159,0.087,0.182481752,0.153,0.270072993,0.212,0.189781022,0.066,0.175182482,0.307,0.145985401,0.00729927,0.153284672,0.167883212,0.189781022,0.160583942,0.175182482
539,0.164,0.106,0.166666667,0.147,0.26,0.2,0.173333333,0.06,0.166666667,0.28,0.133333333,0.006666667,0.146666667,0.16,0.18,0.153333333,0.166666667
540,0.166,0.173,0.204545455,0.174,0.318181818,0.242,0.212121212,0.068,0.196969697,0.341,0.159090909,0.007575758,0.174242424,0.196969697,0.21969697,0.181818182,0.196969697
541,0.351,0.1,0.327160494,0.302,0.567901235,0.383,0.302469136,0.117,0.327160494,0.525,0.24691358,0.00617284,0.283950617,0.333333333,0.37654321,0.302469136,0.283950617
542,0.174,0.099,0.192857143,0.179,0.314285714,0.236,0.2,0.071,0.192857143,0.329,0.15,0.007142857,0.171428571,0.192857143,0.221428571,0.178571429,0.185714286
543,0.182,0.075,0.177631579,0.164,0.309210526,0.217,0.177631579,0.066,0.184210526,0.296,0.138157895,0.006578947,0.157894737,0.184210526,0.203947368,0.164473684,0.171052632
544,0.132,0.098,0.144654088,0.145,0.264150943,0.182,0.150943396,0.05,0.157232704,0.245,0.113207547,0.006289308,0.132075472,0.157232704,0.176100629,0.144654088,0.144654088
545,0.171,0.114,0.170731707,0.189,0.359756098,0.226,0.170731707,0.055,0.195121951,0.293,0.140243902,0.006097561,0.158536585,0.207317073,0.231707317,0.182926829,0.176829268
546,0.227,0.04,0.198795181,0.223,0.421686747,0.265,0.198795181,0.066,0.228915663,0.343,0.162650602,0.006024096,0.186746988,0.240963855,0.271084337,0.21686747,0.204819277
547,0.155,0.069,0.068376068,0.083,0.15954416,0.094,0.071225071,0.023,0.085470085,0.12,0.054131054,0.002849003,0.068376068,0.088319088,0.0997151,0.076923077,0.076923077
548,0.135,0.06,0.120689655,0.149,0.293103448,0.172,0.126436782,0.034,0.149425287,0.207,0.091954023,0.005747126,0.120689655,0.16091954,0.17816092,0.137931034,0.137931034
549,0.119,0.068,0.098901099,0.132,0.258241758,0.148,0.10989011,0.033,0.126373626,0.165,0.076923077,0.005494505,0.098901099,0.137362637,0.153846154,0.120879121,0.120879121
550,0.094,0.041,0.106060606,0.159,0.318181818,0.174,0.128787879,0.038,0.143939394,0.167,0.083333333,0.007575758,0.113636364,0.166666667,0.181818182,0.143939394,0.143939394
551,0.077,0.018,0.058479532,0.099,0.187134503,0.105,0.076023392,0.023,0.081871345,0.094,0.046783626,0,0.064327485,0.093567251,0.093567251,0.081871345,0.087719298
552,0.042,0.013,0.026431718,0.035,0.070484581,0.044,0.035242291,0.009,0.035242291,0.048,0.022026432,0,0.026431718,0.035242291,0.035242291,0.030837004,0.035242291
553,0.03,0.015,0.032258065,0.026,0.051612903,0.039,0.032258065,0.013,0.032258065,0.052,0.025806452,0,0.025806452,0.032258065,0.032258065,0.025806452,0.032258065
554,0.022,0.008,0.022222222,0.022,0.044444444,0.03,0.02962963,0.007,0.02962963,0.044,0.022222222,0,0.022222222,0.02962963,0.02962963,0.022222222,0.02962963
555,0.014,0.011,0.016806723,0.017,0.033613445,0.025,0.016806723,0.008,0.016806723,0.025,0.016806723,0,0.016806723,0.016806723,0.016806723,0.016806723,0.016806723
556,0.008,0.013,0.010638298,0.011,0.021276596,0.011,0.010638298,0.011,0.010638298,0.021,0.010638298,0,0.010638298,0.010638298,0.010638298,0.010638298,0.010638298
557,0.003,0.024,0.012987013,0.013,0.012987013,0.013,0.012987013,0.013,0.012987013,0.013,0.012987013,0,0.012987013,0.012987013,0.012987013,0.012987013,0.012987013
558,0.002,0.033,0.023809524,0.024,0.023809524,0.024,0.023809524,0.024,0.023809524,0.024,0.023809524,0,0.023809524,0.023809524,0.023809524,0.023809524,0.023809524
559,0.002,0.045,0.033333333,0.033,0.033333333,0.033,0.033333333,0.033,0.033333333,0.033,0.033333333,0,0.033333333,0.033333333,0.033333333,0.033333333,0.033333333
560,0.002,0.071,0.045454545,0.045,0.045454545,0.045,0.045454545,0.045,0.045454545,0.045,0.045454545,0,0.045454545,0.045454545,0.045454545,0.045454545,0.045454545
561,0.002,0.125,0.071428571,0.071,0.071428571,0.071,0.071428571,0.071,0.071428571,0.071,0.071428571,0,0.071428571,0.071428571,0.071428571,0.071428571,0.071428571
562,0.002,0.333,0.125,0.125,0.125,0.125,0.125,0.125,0.125,0.125,0.125,0,0.125,0.125,0.125,0.125,0.125
563,0.002,0.5,0.333333333,0.333,0.333333333,0.333,0.333333333,0.333,0.333333333,0.333,0.333333333,0,0.333333333,0.333333333,0.333333333,0.333333333,0.333333333
564,0.002,0,0.5,0.5,0.5,0.5,0,0.5,0.5,0.5,0.5,0,0.5,0.5,0.5,0.5,0.5
565,0.002,0,0.5,0.5,0.5,0.5,0,0.5,0.5,0.5,0.5,0,0.5,0,0.5,0,0.5
566,0.002,0,0.5,0.5,0.5,0.5,0,0.5,0,0.5,0.5,0,0.5,0,0.5,0,0
567,0.002,0,0.5,0.5,0,0.5,0,0.5,0,0.5,0.5,0,0.5,0,0.5,0,0
568,0.002,0,0.5,0.5,0,0.5,0,0.5,0,0.5,0.5,0,0.5,0,0.5,0,0
569,0.002,0,0,0,0,0,0,0,0,0,0,0,0,0,0,0,0
570,0.002,0,0,0,0,0,0,0,0,0,0,0,0,0,0,0,0
571,0.002,0,0,0,0,0,0,0,0,0,0,0,0,0,0,0,0
572,0.002,0,0,0,0,0,0,0,0,0,0,0,0,0,0,0,0
573,0.002,0,0,0,0,0,0,0,0,0,0,0,0,0,0,0,0
574,0.002,0,0,0,0,0,0,0,0,0,0,0,0,0,0,0,0
575,0.002,0,0,0,0,0,0,0,0,0,0,0,0,0,0,0,0
576,0.002,0,0,0,0,0,0,0,0,0,0,0,0,0,0,0,0
577,0.002,0,0,0,0,0,0,0,0,0,0,0,0,0,0,0,0
578,0.002,0,0,0,0,0,0,0,0,0,0,0,0,0,0,0,0
579,0.002,0,0,0,0,0,0,0,0,0,0,0,0,0,0,0,0
580,0.002,0,0,0,0,0,0,0,0,0,0,0,0,0,0,0,0
581,0.002,0,0,0,0,0,0,0,0,0,0,0,0,0,0,0,0
582,0.002,0,0,0,0,0,0,0,0,0,0,0,0,0,0,0,0
583,0.002,0,0,0,0,0,0,0,0,0,0,0,0,0,0,0,0
584,0.002,0,0,0,0,0,0,0,0,0,0,0,0,0,0,0,0
585,0.002,0,0,0,0,0,0,0,0,0,0,0,0,0,0,0,0
586,0.002,0,0,0,0,0,0,0,0,0,0,0,0,0,0,0,0
587,0.002,0,0,0,0,0,0,0,0,0,0,0,0,0,0,0,0
588,0.002,0,0,0,0,0,0,0,0,0,0,0,0,0,0,0,0
589,0.002,0,0,0,0,0,0,0,0,0,0,0,0,0,0,0,0
590,0.002,0,0,0,0,0,0,0,0,0,0,0,0,0,0,0,0
591,0.002,0,0,0,0,0,0,0,0,0,0,0,0,0,0,0,0
592,0.002,0,0,0,0,0,0,0,0,0,0,0,0,0,0,0,0
593,0.002,0,0,0,0,0,0,0,0,0,0,0,0,0,0,0,0
594,0.002,0,0,0,0,0,0,0,0,0,0,0,0,0,0,0,0
595,0.002,0,0,0,0,0,0,0,0,0,0,0,0,0,0,0,0
596,0.002,0,0,0,0,0,0,0,0,0,0,0,0,0,0,0,0
597,0.002,0,0,0,0,0,0,0,0,0,0,0,0,0,0,0,0
598,0.002,0,0,0,0,0,0,0,0,0,0,0,0,0,0,0,0
599,0.002,0,0,0,0,0,0,0,0,0,0,0,0,0,0,0,0
600,0.002,0,0,0,0,0,0,0,0,0,0,0,0,0,0,0,0
601,0.002,0,0,0,0,0,0,0,0,0,0,0,0,0,0,0,0
602,0.002,0,0,0,0,0,0,0,0,0,0,0,0,0,0,0,0
603,0.002,0,0,0,0,0,0,0,0,0,0,0,0,0,0,0,0
604,0.002,0,0,0,0,0,0,0,0,0,0,0,0,0,0,0,0
605,0.002,0,0,0,0,0,0,0,0,0,0,0,0,0,0,0,0
606,0.002,0,0,0,0,0,0,0,0,0,0,0,0,0,0,0,0
607,0.002,0,0,0,0,0,0,0,0,0,0,0,0,0,0,0,0
608,0.002,0,0,0,0,0,0,0,0,0,0,0,0,0,0,0,0
609,0.002,0,0,0,0.5,0,0,0,0,0,0,0,0,0,0,0,0
610,0.004,0.5,0.5,0.5,0.5,0.5,0.5,0,0.5,0.5,0.5,0,0.5,0.5,0.5,0.5,0.5
611,0.006,0.5,0.5,0.5,0.5,0.5,0.5,0,0.5,0.5,0.5,0,0.5,0.5,0.5,0.5,0.5
612,0.01,0.5,0.5,0.5,1,1,0.5,0.5,0.5,1,0.5,0,0.5,0.5,0.5,0.5,1
613,0.014,0.5,0.5,1,2,1.5,1,0.5,1,1,0.5,0,1,1,1,1,1.5
614,0.02,0.5,1,1.5,2.5,3,1.5,0.5,1.5,1.5,1,0,1,1.5,2,1,3
615,0.024,0.5,1.5,1.5,3,6,2,0.5,2,2.5,1,0,1.5,2,4,1.5,5.5
616,0.03,0.333,0.75,1,2,4.25,1.25,0.25,1.5,1.5,0.75,0,1,1.25,3,1,3.75
617,0.047,0.2,0.666666667,0.833,2,3.167,1.166666667,0.333,1,1.333,0.666666667,0,0.666666667,1,2.333333333,0.833333333,2
618,0.036,0.214,0.4,0.5,0.9,1.2,0.6,0.2,0.6,0.9,0.4,0,0.4,0.5,1.4,0.5,0.7
619,0.079,0.15,0.285714286,0.357,0.785714286,0.786,0.5,0.143,0.571428571,1.357,0.285714286,0,0.357142857,0.428571429,1.5,0.357142857,0.714285714
620,0.12,0.125,0.25,0.3,0.65,0.55,0.4,0.2,0.4,1.25,0.2,0.05,0.25,0.45,1,0.3,1.15
621,0.141,0.133,0.208333333,0.25,0.833333333,0.375,1.041666667,0.25,0.416666667,1.292,0.166666667,0.041666667,0.208333333,0.375,1.041666667,0.291666667,1.541666667
622,0.161,0.191,0.2,0.2,1.2,0.467,1.166666667,0.2,0.466666667,1.167,0.166666667,0.033333333,0.233333333,0.366666667,1.1,0.6,1.433333333
623,0.181,0.389,0.14893617,0.149,1.106382979,0.553,0.808510638,0.17,0.531914894,0.851,0.127659574,0.021276596,0.127659574,0.276595745,0.765957447,0.574468085,0.978723404
624,0.209,0.228,0.25,0.306,1.611111111,1.361,1.138888889,0.25,0.916666667,1.278,0.222222222,0.055555556,0.277777778,0.75,1.111111111,0.861111111,1.388888889
625,0.234,0.167,0.189873418,0.165,0.784810127,0.696,0.569620253,0.127,0.582278481,0.684,0.101265823,0.025316456,0.392405063,0.341772152,0.544303797,0.430379747,0.683544304
626,0.257,0.156,0.183333333,0.142,0.541666667,0.508,0.4,0.092,0.408333333,0.508,0.116666667,0.016666667,0.291666667,0.325,0.383333333,0.308333333,0.475
627,0.28,0.155,0.191489362,0.199,0.475177305,0.454,0.354609929,0.099,0.368794326,0.489,0.127659574,0.014184397,0.269503546,0.29787234,0.340425532,0.276595745,0.418439716
628,0.307,0.149,0.198757764,0.205,0.440993789,0.416,0.329192547,0.099,0.341614907,0.478,0.180124224,0.01242236,0.254658385,0.279503106,0.316770186,0.260869565,0.385093168
629,0.324,0.139,0.20441989,0.243,0.408839779,0.392,0.303867403,0.094,0.314917127,0.464,0.154696133,0.011049724,0.237569061,0.259668508,0.29281768,0.248618785,0.359116022
630,0.351,0.137,0.205741627,0.23,0.373205742,0.354,0.277511962,0.086,0.28708134,0.44,0.148325359,0.009569378,0.224880383,0.23923445,0.267942584,0.229665072,0.325358852
631,0.384,0.132,0.209401709,0.218,0.35042735,0.333,0.260683761,0.085,0.269230769,0.427,0.209401709,0.012820513,0.213675214,0.230769231,0.256410256,0.217948718,0.307692308
632,0.414,0.125,0.217898833,0.206,0.33463035,0.319,0.252918288,0.082,0.256809339,0.42,0.210116732,0.011673152,0.210116732,0.221789883,0.245136187,0.214007782,0.295719844
633,0.438,0.121,0.210714286,0.196,0.314285714,0.3,0.239285714,0.079,0.242857143,0.404,0.2,0.010714286,0.2,0.210714286,0.232142857,0.203571429,0.278571429
634,0.463,0.12,0.201954397,0.186,0.299674267,0.287,0.231270358,0.075,0.231270358,0.388,0.19218241,0.009771987,0.19218241,0.201954397,0.221498371,0.195439739,0.267100977
635,0.491,0.111,0.200617284,0.182,0.296296296,0.275,0.231481481,0.074,0.225308642,0.383,0.191358025,0.009259259,0.191358025,0.200617284,0.219135802,0.194444444,0.265432099
636,0.527,0.117,0.188034188,0.168,0.264957265,0.251,0.216524217,0.068,0.205128205,0.35,0.176638177,0.008547009,0.176638177,0.182336182,0.199430199,0.176638177,0.239316239
637,0.563,0.118,0.1953125,0.172,0.270833333,0.255,0.2265625,0.07,0.2109375,0.367,0.184895833,0.010416667,0.182291667,0.190104167,0.208333333,0.184895833,0.25
638,0.626,0.094,0.202898551,0.176,0.275362319,0.256,0.234299517,0.07,0.212560386,0.374,0.188405797,0.009661836,0.185990338,0.195652174,0.212560386,0.190821256,0.251207729
639,0.671,0.099,0.159817352,0.139,0.214611872,0.199,0.187214612,0.057,0.166666667,0.295,0.148401826,0.006849315,0.146118721,0.155251142,0.166666667,0.148401826,0.196347032
640,0.394,0.098,0.172786177,0.147,0.218142549,0.214,0.198704104,0.058,0.177105832,0.322,0.159827214,0.008639309,0.155507559,0.166306695,0.181425486,0.157667387,0.213822894
641,0.717,0.091,0.16904277,0.145,0.217922607,0.202,0.201629328,0.059,0.17311609,0.31,0.156822811,0.00814664,0.152749491,0.16293279,0.17311609,0.156822811,0.205702648
642,0.726,0.091,0.157495256,0.135,0.204933586,0.182,0.193548387,0.055,0.161290323,0.283,0.144212524,0.007590133,0.142314991,0.151802657,0.159392789,0.14800759,0.189753321
643,0.316,0.078,0.158081705,0.135,0.198934281,0.181,0.193605684,0.055,0.159857904,0.286,0.145648313,0.007104796,0.143872114,0.150976909,0.159857904,0.147424512,0.190053286
644,0.687,0.08,0.137380192,0.118,0.169329073,0.157,0.167731629,0.046,0.137380192,0.249,0.127795527,0.006389776,0.123003195,0.129392971,0.138977636,0.126198083,0.162939297
645,0.719,0.058,0.138599106,0.118,0.169895678,0.156,0.17585693,0.048,0.140089419,0.25,0.128166915,0.005961252,0.125186289,0.132637854,0.141579732,0.129657228,0.168405365
646,0.157,0.067,0.101522843,0.091,0.134517766,0.117,0.129441624,0.036,0.104060914,0.18,0.091370558,0.005076142,0.091370558,0.098984772,0.104060914,0.096446701,0.121827411
647,0.807,0.08,0.115760112,0.1,0.142259414,0.13,0.146443515,0.039,0.114365411,0.206,0.107391911,0.005578801,0.10320781,0.110181311,0.117154812,0.107391911,0.135285914
648,0.644,0.073,0.139118457,0.12,0.169421488,0.15,0.17630854,0.047,0.136363636,0.24,0.128099174,0.005509642,0.123966942,0.129476584,0.136363636,0.128099174,0.159779614
649,0.504,0.036,0.129746835,0.117,0.174050633,0.146,0.161392405,0.047,0.129746835,0.228,0.117088608,0.006329114,0.113924051,0.126582278,0.132911392,0.120253165,0.151898734
650,0.244,0.029,0.064046579,0.057,0.084425036,0.073,0.084425036,0.023,0.064046579,0.115,0.058224163,0.002911208,0.056768559,0.062590975,0.066957787,0.061135371,0.077147016
651,0.215,0.344,0.051460362,0.046,0.069541029,0.058,0.063977747,0.018,0.051460362,0.09,0.045897079,0.002781641,0.045897079,0.050069541,0.052851182,0.0472879,0.059805285
652,0.313,0.033,0.624203822,0.522,0.72611465,0.662,0.796178344,0.204,0.585987261,1.051,0.547770701,0.025477707,0.52866242,0.566878981,0.598726115,0.560509554,0.687898089
653,0.215,0.051,0.059479554,0.052,0.076827757,0.067,0.078066914,0.021,0.058240397,0.103,0.05204461,0.002478315,0.05204461,0.057001239,0.060718711,0.055762082,0.068153656
654,0.722,0.087,0.091614907,0.081,0.113354037,0.101,0.110248447,0.03,0.085403727,0.155,0.082298137,0.00310559,0.077639752,0.083850932,0.088509317,0.079192547,0.097826087
655,0.34,0.201,0.160714286,0.135,0.188492063,0.173,0.198412698,0.054,0.148809524,0.276,0.140873016,0.005952381,0.134920635,0.146825397,0.156746032,0.140873016,0.172619048
656,0.41,0.2,0.344262295,0.295,0.442622951,0.357,0.479508197,0.123,0.340163934,0.561,0.299180328,0.016393443,0.307377049,0.323770492,0.331967213,0.336065574,0.389344262
657,0.714,0.208,0.353488372,0.302,0.43255814,0.372,0.465116279,0.121,0.334883721,0.591,0.311627907,0.013953488,0.306976744,0.325581395,0.344186047,0.330232558,0.386046512
658,0.454,0.186,0.383386581,0.316,0.431309904,0.39,0.495207668,0.128,0.348242812,0.629,0.332268371,0.015974441,0.322683706,0.341853035,0.361022364,0.341853035,0.405750799
659,0.226,0.084,0.339534884,0.288,0.390697674,0.349,0.418604651,0.112,0.302325581,0.563,0.297674419,0.013953488,0.28372093,0.302325581,0.31627907,0.293023256,0.348837209
660,0.823,0.179,0.156509695,0.13,0.173130194,0.159,0.198060942,0.053,0.141274238,0.26,0.137119114,0.005540166,0.131578947,0.139889197,0.148199446,0.137119114,0.16066482
661,0.801,0.159,0.332352941,0.279,0.370588235,0.335,0.426470588,0.112,0.302941176,0.55,0.294117647,0.011764706,0.282352941,0.302941176,0.317647059,0.294117647,0.344117647
662,0.817,0.083,0.287804878,0.244,0.329268293,0.29,0.375609756,0.1,0.263414634,0.476,0.253658537,0.012195122,0.246341463,0.263414634,0.275609756,0.258536585,0.3
663,0.718,0.11,0.149859944,0.129,0.173669468,0.151,0.196078431,0.052,0.138655462,0.249,0.133053221,0.005602241,0.128851541,0.138655462,0.145658263,0.135854342,0.155462185
664,0.682,0.261,0.198237885,0.172,0.233480176,0.203,0.259911894,0.07,0.185022026,0.328,0.176211454,0.008810573,0.171806167,0.185022026,0.193832599,0.18061674,0.204845815
665,0.751,0.069,0.473451327,0.407,0.557522124,0.482,0.615044248,0.164,0.438053097,0.779,0.415929204,0.017699115,0.407079646,0.442477876,0.460176991,0.42920354,0.477876106
666,0.711,0.067,0.125151883,0.108,0.14945322,0.128,0.161603888,0.044,0.115431349,0.205,0.109356015,0.004860267,0.108140948,0.116646416,0.121506683,0.114216282,0.123936817
667,0.658,0.054,0.121098627,0.106,0.149812734,0.126,0.15980025,0.044,0.114856429,0.2,0.107365793,0.004993758,0.106117353,0.114856429,0.121098627,0.11360799,0.121098627
668,0.736,0.063,0.096695226,0.086,0.122399021,0.102,0.128518972,0.035,0.091799266,0.162,0.085679315,0.003671971,0.084455324,0.093023256,0.097919217,0.090575275,0.099143207
669,0.536,0.063,0.11281337,0.102,0.143454039,0.118,0.147632312,0.04,0.10724234,0.187,0.100278552,0.004178273,0.098885794,0.108635097,0.114206128,0.105849582,0.110027855
670,0.501,0.035,0.112903226,0.101,0.14516129,0.12,0.148093842,0.041,0.107038123,0.186,0.099706745,0.004398827,0.099706745,0.108504399,0.114369501,0.107038123,0.108504399
671,0.308,0.059,0.062583222,0.057,0.082556591,0.068,0.079893475,0.023,0.059920107,0.105,0.055925433,0.002663116,0.054593875,0.061251664,0.065246338,0.059920107,0.061251664
672,0.494,0.061,0.105485232,0.097,0.140646976,0.115,0.139240506,0.038,0.101265823,0.176,0.094233474,0.004219409,0.094233474,0.104078762,0.109704641,0.101265823,0.099859353
673,0.559,0.05,0.109422492,0.1,0.147416413,0.12,0.142857143,0.04,0.104863222,0.185,0.097264438,0.004559271,0.097264438,0.107902736,0.11550152,0.104863222,0.103343465
674,0.563,0.078,0.089673913,0.083,0.122282609,0.098,0.116847826,0.033,0.086956522,0.149,0.080163043,0.004076087,0.080163043,0.088315217,0.095108696,0.086956522,0.085597826
675,0.395,0.072,0.13619403,0.129,0.192164179,0.151,0.179104478,0.05,0.134328358,0.229,0.123134328,0.005597015,0.123134328,0.138059701,0.14738806,0.132462687,0.128731343
676,0.385,0.133,0.125748503,0.12,0.181636727,0.14,0.161676647,0.048,0.125748503,0.212,0.111776447,0.003992016,0.111776447,0.127744511,0.137724551,0.123752495,0.113772455
677,0.469,0.063,0.233766234,0.221,0.334415584,0.256,0.298701299,0.088,0.230519481,0.39,0.207792208,0.00974026,0.204545455,0.237012987,0.253246753,0.227272727,0.214285714
678,0.468,0.064,0.109311741,0.105,0.16194332,0.123,0.137651822,0.04,0.109311741,0.184,0.097165992,0.002024291,0.0951417,0.113360324,0.12145749,0.107287449,0.101214575
679,0.448,0.073,0.110912343,0.109,0.168157424,0.125,0.137745975,0.043,0.112701252,0.188,0.098389982,0.003577818,0.094812165,0.11627907,0.125223614,0.110912343,0.1019678
680,0.457,0.081,0.126110124,0.123,0.191829485,0.14,0.150976909,0.048,0.126110124,0.21,0.111900533,0.005328597,0.106571936,0.131438721,0.142095915,0.124333925,0.115452931
681,0.405,0.065,0.144303797,0.142,0.227848101,0.159,0.164556962,0.056,0.144303797,0.238,0.124050633,0.005063291,0.121518987,0.151898734,0.164556962,0.144303797,0.129113924
682,0.355,0.058,0.111688312,0.114,0.187012987,0.125,0.127272727,0.044,0.114285714,0.184,0.096103896,0.002597403,0.096103896,0.122077922,0.12987013,0.114285714,0.101298701
683,0.32,0.062,0.102345416,0.104,0.172707889,0.115,0.104477612,0.038,0.102345416,0.166,0.087420043,0.002132196,0.087420043,0.1108742,0.121535181,0.102345416,0.089552239
684,0.324,0.058,0.111111111,0.113,0.188034188,0.124,0.113247863,0.043,0.108974359,0.177,0.094017094,0.002136752,0.094017094,0.121794872,0.13034188,0.111111111,0.096153846
685,0.279,0.053,0.107142857,0.107,0.185267857,0.118,0.102678571,0.04,0.104910714,0.167,0.089285714,0.002232143,0.089285714,0.116071429,0.125,0.107142857,0.09375
686,0.249,0.049,0.100656455,0.098,0.172866521,0.107,0.089715536,0.035,0.096280088,0.149,0.078774617,0.002188184,0.078774617,0.107221007,0.115973742,0.096280088,0.083150985
687,0.206,0.054,0.09382716,0.096,0.172839506,0.104,0.079012346,0.032,0.091358025,0.138,0.071604938,0.002469136,0.074074074,0.103703704,0.113580247,0.09382716,0.079012346
688,0.189,0.05,0.090140845,0.104,0.183098592,0.107,0.081690141,0.028,0.095774648,0.144,0.073239437,0.002816901,0.076056338,0.112676056,0.118309859,0.098591549,0.084507042
689,0.162,0.043,0.08125,0.103,0.184375,0.106,0.075,0.025,0.096875,0.138,0.06875,0.003125,0.075,0.1125,0.11875,0.096875,0.084375
690,0.136,0.043,0.067901235,0.09,0.163580247,0.093,0.064814815,0.019,0.083333333,0.117,0.055555556,0.00308642,0.064814815,0.095679012,0.101851852,0.083333333,0.074074074
691,0.123,0.036,0.068100358,0.097,0.17921147,0.097,0.064516129,0.018,0.086021505,0.118,0.053763441,0.003584229,0.068100358,0.103942652,0.111111111,0.086021505,0.078853047
692,0.104,0.01,0.052208835,0.08,0.148594378,0.08,0.0562249,0.016,0.072289157,0.092,0.040160643,0.004016064,0.0562249,0.084337349,0.088353414,0.072289157,0.064257028
693,0.026,0.011,0.019417476,0.015,0.024271845,0.019,0.014563107,0.005,0.014563107,0.029,0.014563107,0,0.014563107,0.014563107,0.019417476,0.014563107,0.019417476
694,0.018,0.006,0.010582011,0.016,0.021164021,0.016,0.015873016,0.005,0.010582011,0.021,0.010582011,0,0.010582011,0.015873016,0.015873016,0.010582011,0.015873016
695,0.016,0.007,0.012345679,0.012,0.018518519,0.012,0.012345679,0.006,0.012345679,0.019,0.012345679,0,0.012345679,0.012345679,0.012345679,0.012345679,0.012345679
696,0.012,0.008,0.014705882,0.015,0.014705882,0.015,0.014705882,0.007,0.007352941,0.022,0.007352941,0,0.007352941,0.007352941,0.014705882,0.007352941,0.014705882
697,0.008,0.01,0.008130081,0.008,0.008130081,0.008,0.008130081,0.008,0.008130081,0.016,0.008130081,0,0.008130081,0.008130081,0.008130081,0.008130081,0.008130081
698,0.006,0.038,0.009615385,0.01,0.009615385,0.01,0.009615385,0.01,0.009615385,0.01,0.009615385,0,0.009615385,0.009615385,0.009615385,0.009615385,0.009615385
699,0.004,0.056,0.038461538,0.038,0.038461538,0.038,0.038461538,0.038,0.038461538,0.038,0.038461538,0,0.038461538,0.038461538,0.038461538,0.038461538,0.038461538
700,0.003,0.063,0.055555556,0.056,0.055555556,0.056,0.055555556,0.056,0.055555556,0.056,0.055555556,0,0.055555556,0.055555556,0.055555556,0.055555556,0.055555556
701,0.002,0.083,0.0625,0.063,0.0625,0.063,0.0625,0.063,0.0625,0.063,0.0625,0,0.0625,0.0625,0.0625,0.0625,0.0625
702,0.002,0.125,0.083333333,0.083,0.083333333,0.083,0.083333333,0.083,0.083333333,0.083,0.083333333,0,0.083333333,0.083333333,0.083333333,0.083333333,0.083333333
703,0.002,0.167,0.125,0.125,0.125,0.125,0.125,0.125,0.125,0.125,0.125,0,0.125,0.125,0.125,0.125,0.125
704,0.002,0,0.166666667,0.167,0.166666667,0.167,0,0.167,0.166666667,0.167,0.166666667,0,0.166666667,0.166666667,0.166666667,0.166666667,0.166666667
705,0.002,0,0.25,0.25,0.25,0.25,0,0.25,0.25,0.25,0.25,0,0.25,0,0.25,0,0.25
706,0.002,0,0.333333333,0.333,0.333333333,0.333,0,0.333,0,0.333,0.333333333,0,0.333333333,0,0.333333333,0,0
707,0.002,0,0.5,0.5,0,0.5,0,0.5,0,0.5,0.5,0,0.5,0,0.5,0,0
708,0.002,0,0,0.5,0,0,0,0.5,0,0.5,0,0,0,0,0.5,0,0
709,0.002,0,0,0.5,0,0,0,0.5,0,0.5,0,0,0,0,0.5,0,0
710,0.002,0,0,0.5,0,0,0,0,0,0,0,0,0,0,0,0,0
711,0.002,0,0,0,0,0,0,0,0,0.5,0,0,0,0,0.5,0,0
712,0.002,0,0,0,0,0,0,0,0,0,0,0,0,0,0,0,0
713,0.002,0,0,0,0,0,0,0,0,0,0,0,0,0,0,0,0
714,0.002,0,0,0,0,0,0,0,0,0,0,0,0,0,0,0,0
715,0.002,0,0,0,0,0,0,0,0,0,0,0,0,0,0,0,0
716,0.002,0,0,0,0,0,0,0,0,0,0,0,0,0,0,0,0
717,0.002,0,0,0,0,0,0,0,0,0,0,0,0,0,0,0,0
718,0.002,0,0,0,0,0,0,0,0,0,0,0,0,0,0,0,0
719,0.002,0,0,0,0,0,0,0,0,0,0,0,0,0,0,0,0
720,0.002,0,0,0,0,0,0,0,0,0,0,0,0,0,0,0,0
721,0.002,0,0,0,0,0,0,0,0,0,0,0,0,0,0,0,0
722,0.002,0,0,0,0,0,0,0,0,0,0,0,0,0,0,0,0
723,0.002,0,0,0,0,0,0,0,0,0,0,0,0,0,0,0,0
724,0.002,0,0,0,0,0,0,0,0,0,0,0,0,0,0,0,0
725,0.002,0,0,0,0,0,0,0,0,0,0,0,0,0,0,0,0
726,0.002,0,0,0,0,0,0,0,0,0,0,0,0,0,0,0,0
727,0.002,0,0,0,0,0,0,0,0,0,0,0,0,0,0,0,0
728,0.002,0,0,0,0,0,0,0,0,0,0,0,0,0,0,0,0
729,0.002,0,0,0,0,0,0,0,0,0,0,0,0,0,0,0,0
730,0.002,0,0,0,0,0,0,0,0,0,0,0,0,0,0,0,0
731,0.002,0,0,0,0,0,0,0,0,0,0,0,0,0,0,0,0
732,0.002,0,0,0,0,0,0,0,0,0,0,0,0,0,0,0,0
733,0.002,0,0,0,0,0,0,0,0,0,0,0,0,0,0,0,0
734,0.002,0,0,0,0,0,0,0,0,0,0,0,0,0,0,0,0
735,0.002,0,0,0,0,0,0,0,0,0,0,0,0,0,0,0,0
736,0.002,0,0,0,0,0,0,0,0,0,0,0,0,0,0,0,0
737,0.002,0,0,0,0,0,0,0,0,0,0,0,0,0,0,0,0
738,0.002,0,0,0,0,0,0,0,0,0,0,0,0,0,0,0,0
739,0.002,0,0,0,0,0,0,0,0,0,0,0,0,0,0,0,0
740,0.002,0,0,0,0,0,0,0,0,0,0,0,0,0,0,0,0
741,0.002,0,0,0,0,0,0,0,0,0,0,0,0,0,0,0,0
742,0.002,0,0,0,0,0,0,0,0,0,0,0,0,0,0,0,0
743,0.002,0,0,0,0,0,0,0,0,0,0,0,0,0,0,0,0
744,0.002,0,0,0,0,0,0,0,0,0,0,0,0,0,0,0,0
745,0.002,0,0,0,0,0,0,0,0,0,0,0,0,0,0,0,0
746,0.002,0,0,0,0,0,0,0,0,0,0,0,0,0,0,0,0
747,0.002,0,0,0,0,0,0,0,0,0,0,0,0,0,0,0,0
748,0.002,0,0,0,0,0,0,0,0,0,0,0,0,0,0,0,0
749,0.002,0,0,0,0,0,0,0,0,0,0,0,0,0,0,0,0
750,0.002,0,0,0,0,0,0,0,0,0,0,0,0,0,0,0,0
751,0.002,0,0,0,0,0,0,0,0,0,0,0,0,0,0,0,0
752,0.002,0,0,0,0,0,0,0,0,0,0,0,0,0,0,0,0
753,0.002,0.5,0,0,0.5,0.5,0.5,0,0,0.5,0,0,0,0,0.5,0,0.5
754,0.005,0.5,0.5,0.5,0.5,0.5,0.5,0.5,0.5,0.5,0.5,0,0.5,0.5,0.5,0.5,0.5
755,0.008,0.5,0.5,0.5,1,0.5,0.5,0.5,0.5,1,0.5,0,0.5,0.5,0.5,0.5,0.5
756,0.011,1,0.5,1,1.5,1,1,0.5,1,1.5,0.5,0,1,1,1,1,1
757,0.022,1,1.5,1.5,3.5,2.5,2.5,0.5,2,3,1.5,0,1.5,2,2,2,2.5
758,0.032,1.5,2,2.5,4.5,4.5,3.5,0.5,3,4.5,2,0,2.5,3,3.5,2.5,4
759,0.038,0.6,2.5,2.5,5,5.5,4,1,3,5,2.5,0,2.5,3,4.5,2.5,5.5
760,0.038,0.375,1,1,2,2.4,1.6,0.4,1.4,2,1,0,1,1.2,1.8,1,2.2
761,0.04,0.364,0.625,0.625,1.25,1.125,1,0.25,0.875,1.375,0.625,0,0.625,0.75,0.875,0.75,1
762,0.05,0.227,0.636363636,0.636,1.090909091,0.909,0.909090909,0.182,0.727272727,1.182,0.545454545,0,0.545454545,0.636363636,0.727272727,0.636363636,0.818181818
763,0.065,0.188,0.409090909,0.364,0.681818182,0.545,0.545454545,0.091,0.454545455,0.818,0.363636364,0,0.363636364,0.409090909,0.5,0.409090909,0.545454545
764,0.079,0.184,0.3125,0.313,0.5625,0.469,0.46875,0.094,0.375,0.688,0.3125,0.03125,0.3125,0.34375,0.40625,0.3125,0.4375
765,0.091,0.237,0.315789474,0.316,0.578947368,0.474,0.473684211,0.105,0.394736842,0.658,0.315789474,0.026315789,0.315789474,0.368421053,0.394736842,0.342105263,0.447368421
766,0.108,0.275,0.368421053,0.395,0.684210526,0.553,0.578947368,0.132,0.473684211,0.763,0.368421053,0.026315789,0.368421053,0.421052632,0.473684211,0.394736842,0.526315789
767,0.12,0.24,0.4,0.4,0.75,0.6,0.625,0.15,0.5,0.85,0.4,0.025,0.4,0.475,0.525,0.45,0.6
768,0.141,0.154,0.36,0.36,0.62,0.5,0.54,0.14,0.42,0.72,0.36,0.02,0.34,0.4,0.44,0.38,0.5
769,0.117,0.114,0.246153846,0.231,0.415384615,0.323,0.353846154,0.092,0.276923077,0.477,0.246153846,0.015384615,0.230769231,0.261538462,0.292307692,0.246153846,0.323076923
770,0.099,0.077,0.17721519,0.177,0.291139241,0.241,0.253164557,0.076,0.202531646,0.342,0.17721519,0.012658228,0.164556962,0.189873418,0.202531646,0.17721519,0.227848101
771,0.079,0.056,0.120879121,0.121,0.197802198,0.165,0.175824176,0.044,0.131868132,0.231,0.120879121,0.010989011,0.10989011,0.131868132,0.142857143,0.120879121,0.153846154
772,0.067,0.067,0.092592593,0.083,0.148148148,0.12,0.12962963,0.028,0.101851852,0.157,0.083333333,0,0.083333333,0.092592593,0.101851852,0.092592593,0.111111111
773,0.095,0.05,0.108333333,0.1,0.166666667,0.142,0.15,0.033,0.116666667,0.192,0.1,0.008333333,0.091666667,0.108333333,0.116666667,0.1,0.133333333
774,0.084,0.068,0.085106383,0.078,0.134751773,0.113,0.120567376,0.035,0.092198582,0.156,0.078014184,0.007092199,0.078014184,0.085106383,0.09929078,0.085106383,0.106382979
775,0.097,0.081,0.11965812,0.103,0.170940171,0.145,0.153846154,0.043,0.11965812,0.205,0.102564103,0.008547009,0.102564103,0.111111111,0.128205128,0.102564103,0.136752137
776,0.097,0.114,0.151515152,0.131,0.222222222,0.182,0.191919192,0.051,0.151515152,0.253,0.131313131,0.01010101,0.121212121,0.141414141,0.151515152,0.131313131,0.171717172
0,0,0.149,0.189873418,0.177,0.291139241,0.241,0.253164557,0.076,0.202531646,0.342,0.17721519,0.012658228,0.164556962,0.189873418,0.202531646,0.17721519,0.227848101
0,0,0.126,0.268656716,0.239,0.402985075,0.328,0.358208955,0.104,0.268656716,0.463,0.23880597,0.014925373,0.23880597,0.268656716,0.28358209,0.23880597,0.313432836
0,0,0.202,0.221052632,0.2,0.326315789,0.263,0.294736842,0.084,0.221052632,0.389,0.2,0.010526316,0.189473684,0.221052632,0.231578947,0.2,0.252631579
0,0,0.165,0.345238095,0.298,0.488095238,0.405,0.452380952,0.119,0.345238095,0.595,0.30952381,0.011904762,0.297619048,0.333333333,0.357142857,0.30952381,0.392857143
0,0,0.165,0.278350515,0.247,0.412371134,0.33,0.371134021,0.103,0.278350515,0.485,0.257731959,0.010309278,0.237113402,0.278350515,0.288659794,0.257731959,0.329896907
0,0,1.165,0.278350515,0.258,0.432989691,0.34,0.381443299,0.103,0.288659794,0.495,0.257731959,0.010309278,0.24742268,0.288659794,0.298969072,0.257731959,0.340206186
