1,0,0,0,0,0,0,0,0,0,0,0,0,0,0,0,0,0
2,0,0,0,0,0,0,0,0,0,0,0,0,0,0,0,0,0
3,0,0,0,0,0,0,0,0,0,0,0,0,0,0,0,0,0
4,0,0,0,0,0,0,0,0,0,0,0,0,0,0,0,0,0
5,0,0,0,0,0,0,0,0,0,0,0,0,0,0,0,0,0
6,0,0,0,0,0,0,0,0,0,0,0,0,0,0,0,0,0
7,0.002,0,0,0,0,0,0,0,0,0,0,0,0,0,0,0,0
8,0.002,0,0,0,0,0,0,0,0,0,0,0,0,0,0,0,0
9,0.002,0,0,0,0,0,0,0,0,0,0,0,0,0,0,0,0
10,0.002,0,0,0,0,0,0,0,0,0,0,0,0,0,0,0,0
11,0.002,0,0,0,0,0,0,0,0,0,0,0,0,0,0,0,0
12,0.002,0,0,0,0,0,0,0,0,0,0,0,0,0,0,0,0
13,0.002,0,0,0,0,0,0,0,0,0,0,0,0,0,0,0,0
14,0.002,0,0,0,0,0,0,0,0,0,0,0,0,0,0,0,0
15,0.002,0,0,0,0,0,0,0,0,0,0,0,0,0,0,0,0
16,0.002,0,0,0,0,0,0,0,0,0,0,0,0,0,0,0,0
17,0.002,0,0,0,0,0,0,0,0,0,0,0,0,0,0,0,0
18,0.002,0,0,0,0,0,0,0,0,0,0,0,0,0,0,0,0
19,0.002,0,0,0,0,0.001,0,0.001,0,0,0,0,0,0,0,0,0
20,0.002,0,0,0,0,0,0,0,0,0,0,0,0.001,0.001,0.001,0,0
21,0.002,0,0,0,0,0,0,0,0,0,0,0,0,0,0,0,0
22,0.002,0.001,0.001,0.001,0.001,0.001,0,0.001,0,0,0,0,0.001,0.001,0.001,0.001,0.001
23,0.002,0,0,0,0,0.001,0,0.001,0,0,0,0,0,0,0,0,0
24,0.002,0,0,0,0,0.001,0.001,0.001,0,0,0,0,0.001,0.001,0.001,0.001,0.001
25,0.002,0.001,0.001,0.001,0.001,0.001,0.001,0.001,0,0,0,0,0.001,0.001,0.001,0.001,0.001
26,0.002,0.001,0.001,0.001,0.001,0.001,0.001,0.001,0,0,0,0,0.001,0.001,0.001,0.001,0.001
27,0.002,0.001,0.001,0.001,0.001,0.001,0.001,0.001,0,0,0,0,0.001,0.001,0.001,0.001,0.001
28,0.002,0.001,0.001,0.001,0.001,0.001,0.001,0.001,0,0.001,0,0,0.001,0.001,0.001,0.001,0.001
29,0.002,0.001,0.001,0.001,0.001,0.001,0.001,0.001,0.001,0.001,0.001,0,0.001,0.001,0.001,0.001,0.001
30,0.002,0.001,0.001,0.001,0.001,0.001,0.001,0.001,0.001,0.001,0.001,0,0.001,0.001,0.001,0.001,0.001
31,0.002,0.001,0.001,0.001,0.002,0.001,0.001,0.001,0.001,0.002,0.001,0,0.001,0.001,0.001,0.001,0.001
32,0.002,0.001,0.001,0.001,0.002,0.002,0.002,0.001,0.002,0.002,0.001,0,0.001,0.001,0.002,0.001,0.002
33,0.002,0.001,0.002,0.002,0.003,0.003,0.002,0.001,0.002,0.002,0.001,0,0.002,0.002,0.002,0.002,0.002
34,0.002,0.001,0.003,0.003,0.005,0.004,0.004,0.001,0.003,0.003,0.002,0,0.003,0.003,0.003,0.003,0.004
35,0.002,0.002,0.004,0.003,0.006,0.005,0.005,0.001,0.004,0.004,0.003,0,0.003,0.004,0.004,0.003,0.004
36,0.002,0.002,0.004,0.003,0.006,0.005,0.005,0.001,0.004,0.004,0.003,0,0.003,0.004,0.004,0.003,0.004
37,0.002,0.002,0.004,0.003,0.006,0.005,0.005,0.001,0.004,0.004,0.003,0,0.003,0.004,0.004,0.004,0.005
38,0.002,0.002,0.005,0.004,0.008,0.007,0.006,0.002,0.005,0.006,0.004,0,0.004,0.005,0.006,0.005,0.006
39,0.002,0.003,0.006,0.006,0.01,0.008,0.008,0.002,0.006,0.007,0.005,0,0.005,0.006,0.007,0.006,0.007
40,0.002,0.004,0.008,0.007,0.013,0.011,0.011,0.003,0.009,0.01,0.006,0,0.007,0.008,0.01,0.008,0.01
41,0.004,0.005,0.011,0.01,0.018,0.015,0.014,0.004,0.012,0.013,0.009,0.001,0.01,0.011,0.013,0.01,0.013
42,0.008,0.005,0.012,0.01,0.018,0.015,0.015,0.004,0.012,0.014,0.009,0.001,0.01,0.011,0.013,0.011,0.014
43,0.008,0.005,0.011,0.01,0.018,0.015,0.014,0.004,0.012,0.014,0.009,0.001,0.01,0.011,0.013,0.01,0.013
44,0.012,0.007,0.014,0.012,0.022,0.018,0.018,0.004,0.015,0.017,0.011,0.001,0.012,0.013,0.016,0.013,0.017
45,0.014,0.007,0.015,0.013,0.025,0.02,0.019,0.005,0.016,0.019,0.012,0.001,0.013,0.015,0.017,0.014,0.018
46,0.022,0.008,0.017,0.015,0.028,0.023,0.022,0.005,0.018,0.022,0.013,0.001,0.015,0.017,0.02,0.015,0.02
47,0.026,0.01,0.02,0.017,0.032,0.026,0.025,0.006,0.021,0.026,0.016,0.001,0.017,0.019,0.022,0.018,0.023
48,0.028,0.016,0.03,0.027,0.048,0.04,0.039,0.009,0.032,0.043,0.024,0.001,0.027,0.029,0.035,0.027,0.037
49,0.026,0.018,0.033,0.029,0.051,0.043,0.042,0.009,0.035,0.05,0.027,0.002,0.03,0.032,0.037,0.029,0.04
50,0.034,0.017,0.03,0.026,0.047,0.039,0.038,0.009,0.032,0.048,0.024,0.001,0.027,0.029,0.034,0.027,0.036
51,0.042,0.016,0.027,0.025,0.045,0.036,0.036,0.008,0.029,0.046,0.023,0.001,0.025,0.027,0.032,0.025,0.034
52,0.056,0.018,0.032,0.029,0.051,0.042,0.043,0.011,0.035,0.055,0.027,0.002,0.03,0.032,0.037,0.029,0.041
53,0.079,0.026,0.046,0.04,0.07,0.059,0.06,0.017,0.048,0.08,0.038,0.002,0.042,0.044,0.052,0.04,0.058
54,0.085,0.041,0.071,0.062,0.105,0.094,0.094,0.026,0.076,0.126,0.062,0.003,0.066,0.068,0.081,0.063,0.093
55,0.079,0.031,0.056,0.048,0.081,0.07,0.073,0.021,0.058,0.097,0.048,0.003,0.051,0.053,0.062,0.048,0.07
56,0.1,0.025,0.044,0.038,0.063,0.054,0.057,0.016,0.045,0.076,0.037,0.002,0.04,0.042,0.049,0.038,0.055
57,0.107,0.027,0.049,0.041,0.069,0.059,0.063,0.018,0.049,0.084,0.041,0.002,0.044,0.046,0.053,0.041,0.059
58,0.117,0.022,0.039,0.034,0.056,0.048,0.051,0.015,0.04,0.068,0.033,0.002,0.035,0.037,0.043,0.033,0.048
59,0.137,0.018,0.033,0.028,0.047,0.04,0.043,0.012,0.034,0.057,0.028,0.001,0.029,0.031,0.036,0.028,0.04
60,0.202,0.019,0.034,0.029,0.048,0.041,0.044,0.012,0.034,0.058,0.028,0.001,0.03,0.032,0.037,0.028,0.04
61,0.23,0.016,0.028,0.025,0.042,0.035,0.037,0.01,0.029,0.049,0.024,0.001,0.025,0.027,0.031,0.024,0.035
62,0.211,0.011,0.02,0.018,0.03,0.026,0.027,0.008,0.021,0.035,0.017,0.001,0.018,0.019,0.023,0.017,0.025
63,0.188,0.009,0.017,0.015,0.026,0.021,0.022,0.006,0.017,0.029,0.014,0.001,0.015,0.016,0.019,0.014,0.021
64,0.214,0.009,0.016,0.014,0.025,0.02,0.021,0.006,0.016,0.027,0.013,0.001,0.014,0.015,0.018,0.014,0.02
65,0.286,0.01,0.018,0.016,0.027,0.022,0.023,0.007,0.018,0.031,0.015,0.001,0.016,0.017,0.02,0.015,0.022
66,0.429,0.011,0.021,0.018,0.032,0.026,0.028,0.007,0.022,0.034,0.018,0.001,0.018,0.02,0.024,0.018,0.026
67,0.396,0.011,0.02,0.019,0.033,0.028,0.028,0.006,0.022,0.03,0.018,0.001,0.018,0.02,0.024,0.019,0.026
68,0.261,0.014,0.025,0.023,0.041,0.034,0.034,0.007,0.027,0.042,0.022,0.001,0.023,0.025,0.03,0.023,0.032
69,0.331,0.013,0.022,0.021,0.037,0.03,0.031,0.009,0.024,0.039,0.02,0.001,0.021,0.023,0.027,0.021,0.028
70,0.26,0.01,0.018,0.017,0.031,0.025,0.025,0.006,0.02,0.03,0.016,0.001,0.017,0.019,0.022,0.017,0.024
71,0.223,0.008,0.016,0.015,0.027,0.022,0.021,0.005,0.018,0.022,0.014,0.001,0.014,0.016,0.019,0.015,0.02
72,0.235,0.006,0.012,0.011,0.021,0.016,0.016,0.004,0.013,0.016,0.01,0.001,0.011,0.012,0.014,0.011,0.015
73,0.205,0.004,0.009,0.009,0.016,0.013,0.011,0.003,0.01,0.011,0.007,0,0.008,0.009,0.011,0.008,0.011
74,0.143,0.006,0.012,0.011,0.021,0.017,0.015,0.004,0.013,0.015,0.01,0.001,0.011,0.012,0.014,0.011,0.014
75,0.119,0.007,0.015,0.014,0.026,0.02,0.018,0.005,0.016,0.019,0.012,0.001,0.013,0.015,0.017,0.014,0.017
76,0.105,0.008,0.017,0.015,0.029,0.023,0.02,0.005,0.018,0.021,0.013,0.001,0.015,0.017,0.019,0.016,0.02
77,0.115,0.009,0.02,0.017,0.032,0.025,0.023,0.006,0.021,0.024,0.015,0.001,0.017,0.019,0.022,0.018,0.022
78,0.14,0.009,0.02,0.017,0.032,0.025,0.023,0.006,0.021,0.024,0.015,0.001,0.017,0.019,0.022,0.018,0.022
79,0.147,0.007,0.017,0.014,0.027,0.021,0.019,0.005,0.017,0.02,0.013,0.001,0.014,0.016,0.018,0.015,0.018
80,0.17,0.007,0.015,0.013,0.025,0.019,0.017,0.005,0.016,0.018,0.012,0.001,0.013,0.015,0.017,0.014,0.017
81,0.166,0.006,0.013,0.012,0.022,0.017,0.015,0.004,0.014,0.016,0.01,0.001,0.011,0.012,0.014,0.012,0.014
82,0.133,0.006,0.013,0.011,0.021,0.016,0.014,0.004,0.013,0.015,0.01,0.001,0.011,0.012,0.014,0.011,0.014
83,0.124,0.005,0.012,0.011,0.02,0.015,0.013,0.004,0.013,0.015,0.009,0.001,0.01,0.012,0.013,0.011,0.013
84,0.093,0.005,0.01,0.009,0.018,0.013,0.011,0.003,0.011,0.012,0.008,0,0.009,0.01,0.011,0.009,0.011
85,0.067,0.005,0.011,0.01,0.019,0.014,0.012,0.004,0.012,0.013,0.009,0.001,0.01,0.011,0.012,0.01,0.013
86,0.091,0.005,0.011,0.011,0.02,0.015,0.013,0.004,0.013,0.014,0.009,0.001,0.01,0.011,0.013,0.011,0.013
87,0.112,0.007,0.015,0.013,0.025,0.019,0.017,0.005,0.016,0.018,0.012,0.001,0.013,0.014,0.016,0.014,0.017
88,0.125,0.01,0.022,0.019,0.036,0.028,0.025,0.007,0.023,0.027,0.017,0.001,0.019,0.021,0.024,0.02,0.025
89,0.141,0.017,0.039,0.033,0.06,0.046,0.044,0.013,0.039,0.046,0.03,0.002,0.033,0.036,0.04,0.034,0.041
90,0.149,0.019,0.043,0.036,0.066,0.051,0.048,0.014,0.043,0.053,0.032,0.002,0.037,0.04,0.045,0.038,0.044
91,0.124,0.018,0.041,0.034,0.062,0.047,0.044,0.013,0.041,0.051,0.03,0.002,0.035,0.038,0.042,0.035,0.041
92,0.113,0.017,0.036,0.03,0.056,0.042,0.038,0.011,0.036,0.047,0.026,0.002,0.031,0.034,0.038,0.031,0.036
93,0.096,0.014,0.03,0.025,0.047,0.036,0.032,0.009,0.03,0.04,0.022,0.001,0.026,0.028,0.032,0.026,0.031
94,0.093,0.011,0.023,0.02,0.037,0.029,0.025,0.007,0.024,0.032,0.018,0.001,0.02,0.022,0.025,0.02,0.024
95,0.093,0.01,0.022,0.018,0.033,0.026,0.023,0.006,0.022,0.03,0.016,0.001,0.019,0.02,0.023,0.019,0.022
96,0.075,0.008,0.017,0.015,0.027,0.021,0.019,0.005,0.018,0.025,0.013,0.001,0.015,0.016,0.019,0.015,0.018
97,0.083,0.008,0.017,0.014,0.025,0.02,0.018,0.005,0.017,0.025,0.013,0.001,0.015,0.015,0.018,0.014,0.017
98,0.085,0.005,0.01,0.009,0.016,0.013,0.011,0.003,0.01,0.016,0.008,0,0.009,0.01,0.011,0.009,0.011
99,0.109,0.006,0.012,0.01,0.02,0.015,0.013,0.004,0.012,0.019,0.009,0.001,0.011,0.011,0.013,0.01,0.013
100,0.148,0.012,0.024,0.02,0.038,0.029,0.025,0.007,0.024,0.037,0.018,0.001,0.021,0.022,0.026,0.02,0.023
101,0.27,0.01,0.02,0.018,0.034,0.025,0.021,0.006,0.021,0.033,0.015,0.001,0.018,0.02,0.023,0.018,0.02
102,0.306,0.011,0.022,0.019,0.036,0.027,0.022,0.007,0.022,0.035,0.016,0.001,0.02,0.021,0.024,0.019,0.021
103,0.283,0.013,0.025,0.024,0.047,0.032,0.025,0.01,0.027,0.041,0.018,0.001,0.023,0.026,0.03,0.023,0.023
104,0.25,0.008,0.016,0.015,0.03,0.02,0.015,0.006,0.017,0.026,0.011,0.001,0.014,0.016,0.019,0.014,0.015
105,0.208,0.021,0.041,0.039,0.085,0.051,0.037,0.015,0.042,0.064,0.029,0.001,0.036,0.042,0.049,0.037,0.037
106,0.168,0.024,0.045,0.044,0.095,0.056,0.041,0.015,0.048,0.071,0.032,0.002,0.04,0.048,0.055,0.041,0.041
107,0.156,0.015,0.028,0.028,0.059,0.037,0.028,0.01,0.031,0.047,0.021,0.001,0.026,0.031,0.036,0.027,0.028
108,0.116,0.017,0.03,0.032,0.069,0.042,0.031,0.01,0.035,0.051,0.023,0.001,0.029,0.035,0.04,0.03,0.032
109,0.134,0.014,0.024,0.027,0.059,0.034,0.025,0.008,0.029,0.041,0.018,0.001,0.024,0.029,0.034,0.025,0.026
110,0.067,0.009,0.016,0.016,0.033,0.021,0.017,0.006,0.018,0.027,0.012,0.001,0.015,0.017,0.02,0.015,0.017
111,0.068,0.006,0.011,0.01,0.02,0.014,0.011,0.004,0.012,0.018,0.008,0,0.01,0.011,0.013,0.01,0.011
112,0.161,0.004,0.008,0.007,0.013,0.01,0.008,0.003,0.008,0.013,0.006,0,0.007,0.008,0.009,0.007,0.008
113,0.142,0.004,0.007,0.006,0.011,0.009,0.007,0.003,0.007,0.011,0.005,0,0.006,0.007,0.008,0.006,0.007
114,0.142,0.003,0.006,0.006,0.01,0.008,0.007,0.002,0.007,0.011,0.005,0,0.006,0.006,0.007,0.006,0.007
115,0.205,0.003,0.005,0.004,0.007,0.006,0.005,0.002,0.005,0.008,0.004,0,0.004,0.005,0.005,0.004,0.005
116,0.112,0.001,0.002,0.002,0.003,0.002,0.002,0.001,0.002,0.003,0.001,0,0.002,0.002,0.002,0.002,0.002
117,0.155,0,0.001,0.001,0.001,0.001,0.001,0,0.001,0.001,0.001,0,0.001,0.001,0.001,0.001,0.001
118,0.251,0,0.001,0.001,0.001,0.001,0.001,0,0.001,0.001,0.001,0,0.001,0.001,0.001,0.001,0.001
119,0.215,0,0,0,0,0,0,0,0,0.001,0,0,0,0,0,0,0
120,0.199,0,0,0,0,0,0,0,0,0,0,0,0,0,0,0,0
121,0.158,0,0,0,0,0,0,0,0,0,0,0,0,0,0,0,0
122,0.113,0,0,0,0,0,0,0,0,0,0,0,0,0,0,0,0
123,0.073,0,0,0,0,0,0,0,0,0,0,0,0,0,0,0,0
124,0.053,0,0,0,0,0,0,0,0,0,0,0,0,0,0,0,0
125,0.042,0,0,0,0,0,0,0,0,0,0,0,0,0,0,0,0
126,0.041,0,0,0,0,0,0,0,0,0,0,0,0,0,0,0,0
127,0.032,0,0,0,0,0,0,0,0,0,0,0,0,0,0,0,0
128,0.012,0,0,0,0,0,0,0,0,0,0,0,0,0,0,0,0
129,0.006,0,0,0,0,0,0,0,0,0,0,0,0,0,0,0,0
130,0.004,0,0,0,0,0,0,0,0,0,0,0,0,0,0,0,0
131,0.002,0,0,0,0,0,0,0,0,0,0,0,0,0,0,0,0
132,0.002,0,0,0,0,0,0,0,0,0,0,0,0,0,0,0,0
133,0.002,0,0,0,0,0,0,0,0,0,0,0,0,0,0,0,0
134,0.002,0,0,0,0,0,0,0,0,0,0,0,0,0,0,0,0
135,0.002,0,0,0,0,0,0,0,0,0,0,0,0,0,0,0,0
136,0.002,0,0,0,0,0,0,0,0,0,0,0,0,0,0,0,0
137,0.002,0,0,0,0,0,0,0,0,0,0,0,0,0,0,0,0
138,0.002,0,0,0,0,0,0,0,0,0,0,0,0,0,0,0,0
139,0.002,0,0,0,0,0,0,0,0,0,0,0,0,0,0,0,0
140,0.002,0,0,0,0,0,0,0,0,0,0,0,0,0,0,0,0
141,0.002,0,0,0,0,0,0,0,0,0,0,0,0,0,0,0,0
142,0.002,0,0,0,0,0,0,0,0,0,0,0,0,0,0,0,0
143,0.002,0,0,0,0,0,0,0,0,0,0,0,0,0,0,0,0
144,0.002,0,0,0,0,0,0,0,0,0,0,0,0,0,0,0,0
145,0.002,0,0,0,0,0,0,0,0,0,0,0,0,0,0,0,0
146,0.002,0,0,0,0,0,0,0,0,0,0,0,0,0,0,0,0
147,0.002,0,0,0,0,0,0,0,0,0,0,0,0,0,0,0,0
148,0.002,0,0,0,0,0,0,0,0,0,0,0,0,0,0,0,0
149,0.002,0,0,0,0,0,0,0,0,0,0,0,0,0,0,0,0
150,0.002,0.001,0.001,0.001,0.001,0.001,0.001,0.001,0,0,0,0,0,0,0,0.001,0.001
151,0.002,0.001,0.001,0.001,0.001,0.001,0.001,0.001,0,0,0,0,0.001,0.001,0.001,0.001,0.001
152,0.002,0,0,0,0,0,0,0,0,0,0,0,0,0,0,0,0
153,0.002,0.001,0.001,0.001,0.001,0.001,0.001,0.001,0.001,0.001,0.001,0,0.001,0.001,0.001,0.001,0.001
154,0.002,0.001,0.001,0.001,0.001,0.001,0.001,0.001,0.001,0.001,0.001,0,0.001,0.001,0.001,0.001,0.001
155,0.002,0.001,0.001,0.001,0.001,0.001,0.001,0.001,0.001,0.001,0.001,0,0.001,0.001,0.001,0.001,0.001
156,0.002,0.001,0.001,0.001,0.001,0.001,0.001,0.001,0,0,0,0,0.001,0.001,0.001,0.001,0.001
157,0.002,0.001,0.001,0.001,0.001,0.001,0.001,0.001,0.001,0.001,0.001,0,0.001,0.001,0.001,0.001,0.001
158,0.002,0,0,0,0,0,0,0,0,0,0,0,0,0,0,0.001,0.001
159,0.002,0.001,0.001,0.001,0.001,0.001,0.001,0.001,0,0,0,0,0.001,0.001,0.001,0.001,0.001
160,0.002,0.001,0.001,0.001,0.001,0.001,0.001,0.001,0,0,0,0,0.001,0.001,0.001,0.001,0.001
161,0.002,0.001,0.001,0.001,0.001,0.001,0.001,0.001,0.001,0.001,0.001,0,0.001,0.001,0.001,0.001,0.001
162,0.002,0.001,0.001,0.001,0.001,0.001,0.001,0.001,0.001,0.001,0.001,0,0.001,0.001,0.001,0.001,0.001
163,0.002,0.001,0.001,0.001,0.001,0.001,0.001,0.001,0.001,0.001,0.001,0,0.001,0.001,0.001,0.001,0.001
164,0.002,0.001,0.001,0.001,0.001,0.001,0.001,0.001,0.001,0.001,0.001,0,0.001,0.001,0.001,0.001,0.001
165,0.002,0.001,0.001,0.001,0.001,0.001,0.001,0.001,0.001,0.001,0.001,0,0.001,0.001,0.001,0.001,0.001
166,0.002,0.001,0.001,0.001,0.001,0.001,0.001,0.001,0.001,0.001,0.001,0,0.001,0.001,0.001,0.001,0.001
167,0.002,0.001,0.001,0.001,0.001,0.001,0.001,0.001,0.001,0.001,0.001,0,0.001,0.001,0.001,0.001,0.001
168,0.002,0.001,0.001,0.001,0.001,0.001,0.001,0.001,0.001,0.001,0.001,0,0.001,0,0.001,0.001,0.001
169,0.002,0.001,0.001,0.001,0.001,0.001,0.001,0.001,0.001,0.001,0.001,0,0.001,0.001,0.001,0.001,0.001
170,0.002,0.001,0.001,0.001,0.001,0.001,0.001,0.001,0.001,0.001,0.001,0,0.001,0.001,0.001,0.001,0.001
171,0.002,0.001,0.001,0.001,0.001,0.001,0.001,0.001,0.001,0.001,0.001,0,0.001,0.001,0.001,0.001,0.001
172,0.002,0.001,0.001,0.001,0.001,0.001,0.001,0.001,0.001,0.001,0.001,0,0.001,0.001,0.001,0.001,0.001
173,0.002,0.001,0.001,0.001,0.001,0.001,0.001,0.001,0.001,0.001,0.001,0,0.001,0.001,0.001,0.001,0.001
174,0.002,0.001,0.001,0.001,0.002,0.001,0.001,0.001,0.001,0.002,0.001,0,0.001,0.001,0.001,0.001,0.001
175,0.002,0.001,0.002,0.002,0.003,0.002,0.002,0.001,0.002,0.003,0.001,0,0.002,0.002,0.002,0.002,0.002
176,0.002,0.001,0.002,0.002,0.003,0.003,0.002,0.001,0.002,0.004,0.002,0,0.002,0.002,0.002,0.002,0.002
177,0.002,0.001,0.002,0.002,0.003,0.002,0.002,0.001,0.002,0.003,0.001,0,0.002,0.002,0.002,0.002,0.002
178,0.002,0.002,0.004,0.003,0.006,0.005,0.004,0.001,0.004,0.006,0.003,0,0.003,0.003,0.004,0.003,0.004
179,0.002,0.003,0.005,0.005,0.008,0.007,0.006,0.002,0.006,0.009,0.004,0,0.005,0.005,0.006,0.005,0.006
180,0.002,0.004,0.007,0.007,0.012,0.01,0.009,0.003,0.008,0.014,0.006,0,0.007,0.007,0.009,0.007,0.009
181,0.002,0.004,0.008,0.007,0.012,0.01,0.009,0.003,0.008,0.014,0.006,0,0.007,0.007,0.009,0.007,0.009
182,0.002,0.005,0.009,0.008,0.015,0.012,0.01,0.004,0.01,0.016,0.007,0,0.008,0.009,0.01,0.008,0.011
183,0.002,0.007,0.013,0.011,0.023,0.018,0.016,0.005,0.015,0.025,0.01,0.001,0.011,0.013,0.016,0.012,0.018
184,0.004,0.01,0.017,0.016,0.035,0.027,0.025,0.008,0.022,0.038,0.015,0.001,0.017,0.019,0.025,0.018,0.028
185,0.006,0.012,0.019,0.018,0.041,0.032,0.028,0.009,0.026,0.043,0.017,0.001,0.019,0.022,0.028,0.021,0.031
186,0.008,0.02,0.022,0.022,0.071,0.063,0.047,0.015,0.046,0.073,0.017,0.002,0.024,0.038,0.049,0.036,0.059
187,0.012,0.022,0.02,0.019,0.075,0.067,0.047,0.015,0.05,0.075,0.011,0.002,0.038,0.031,0.05,0.036,0.062
188,0.016,0.023,0.027,0.022,0.076,0.07,0.05,0.016,0.053,0.079,0.015,0.002,0.041,0.041,0.052,0.038,0.064
189,0.014,0.026,0.035,0.029,0.08,0.072,0.055,0.017,0.056,0.086,0.022,0.002,0.044,0.046,0.056,0.042,0.067
190,0.024,0.017,0.028,0.026,0.05,0.041,0.036,0.012,0.034,0.055,0.024,0.001,0.028,0.029,0.035,0.027,0.039
191,0.034,0.02,0.034,0.031,0.057,0.05,0.043,0.013,0.04,0.067,0.028,0.002,0.033,0.035,0.043,0.032,0.047
192,0.055,0.018,0.032,0.028,0.052,0.043,0.04,0.012,0.036,0.059,0.027,0.002,0.03,0.032,0.038,0.029,0.041
193,0.053,0.018,0.032,0.029,0.053,0.043,0.04,0.013,0.036,0.059,0.027,0.002,0.03,0.032,0.038,0.029,0.04
194,0.06,0.018,0.032,0.029,0.053,0.043,0.04,0.012,0.035,0.059,0.027,0.002,0.03,0.032,0.038,0.029,0.04
195,0.091,0.021,0.038,0.033,0.06,0.05,0.047,0.015,0.042,0.069,0.032,0.002,0.035,0.037,0.044,0.034,0.048
196,0.133,0.025,0.044,0.039,0.07,0.059,0.055,0.017,0.049,0.081,0.037,0.002,0.041,0.044,0.051,0.04,0.056
197,0.148,0.029,0.051,0.045,0.079,0.068,0.064,0.019,0.056,0.093,0.044,0.002,0.048,0.05,0.058,0.046,0.065
198,0.229,0.035,0.062,0.054,0.092,0.085,0.077,0.023,0.068,0.114,0.055,0.003,0.058,0.06,0.071,0.055,0.08
199,0.259,0.036,0.062,0.053,0.089,0.082,0.077,0.023,0.067,0.111,0.054,0.003,0.057,0.059,0.068,0.054,0.079
200,0.273,0.033,0.059,0.05,0.081,0.079,0.072,0.021,0.063,0.109,0.053,0.003,0.055,0.056,0.065,0.05,0.075
201,0.343,0.043,0.075,0.063,0.104,0.1,0.096,0.027,0.081,0.139,0.069,0.004,0.07,0.071,0.083,0.065,0.099
202,0.239,0.047,0.082,0.069,0.112,0.106,0.105,0.029,0.087,0.149,0.074,0.004,0.076,0.077,0.09,0.071,0.106
203,0.214,0.042,0.07,0.06,0.103,0.086,0.096,0.026,0.076,0.12,0.062,0.003,0.066,0.067,0.074,0.064,0.088
204,0.228,0.022,0.04,0.035,0.059,0.05,0.051,0.015,0.042,0.071,0.035,0.002,0.036,0.039,0.045,0.035,0.049
205,0.222,0.034,0.062,0.052,0.085,0.074,0.079,0.022,0.063,0.107,0.054,0.003,0.055,0.058,0.066,0.053,0.075
206,0.225,0.024,0.044,0.038,0.064,0.054,0.056,0.016,0.045,0.078,0.038,0.002,0.04,0.042,0.049,0.038,0.054
207,0.269,0.023,0.042,0.036,0.062,0.052,0.053,0.015,0.043,0.073,0.036,0.002,0.038,0.04,0.046,0.036,0.051
208,0.301,0.027,0.049,0.042,0.071,0.06,0.065,0.018,0.051,0.087,0.042,0.002,0.044,0.047,0.055,0.043,0.061
209,0.327,0.038,0.069,0.058,0.093,0.081,0.087,0.024,0.069,0.118,0.06,0.003,0.061,0.064,0.072,0.058,0.081
210,0.383,0.022,0.039,0.035,0.057,0.049,0.052,0.014,0.041,0.068,0.035,0.002,0.036,0.038,0.043,0.034,0.047
211,0.399,0.016,0.028,0.026,0.045,0.036,0.036,0.01,0.03,0.049,0.025,0.001,0.026,0.028,0.032,0.025,0.035
212,0.464,0.023,0.041,0.036,0.061,0.051,0.053,0.015,0.042,0.072,0.036,0.002,0.037,0.04,0.046,0.036,0.05
213,0.568,0.036,0.066,0.055,0.088,0.077,0.085,0.023,0.065,0.113,0.056,0.003,0.058,0.061,0.07,0.056,0.077
214,0.624,0.046,0.085,0.069,0.109,0.096,0.112,0.03,0.083,0.144,0.073,0.004,0.074,0.077,0.088,0.072,0.1
215,0.738,0.026,0.046,0.04,0.067,0.056,0.06,0.017,0.047,0.081,0.041,0.002,0.042,0.044,0.051,0.04,0.056
216,0.268,0.026,0.046,0.04,0.067,0.056,0.06,0.017,0.047,0.08,0.04,0.002,0.041,0.044,0.05,0.04,0.056
217,0.351,0.027,0.05,0.043,0.071,0.06,0.064,0.018,0.05,0.086,0.043,0.002,0.044,0.047,0.054,0.043,0.059
218,0.263,0.032,0.06,0.051,0.082,0.07,0.076,0.021,0.059,0.102,0.052,0.003,0.053,0.055,0.063,0.051,0.069
219,0.279,0.034,0.063,0.053,0.084,0.073,0.081,0.022,0.062,0.107,0.054,0.003,0.055,0.058,0.066,0.053,0.073
220,0.269,0.027,0.049,0.043,0.069,0.059,0.064,0.018,0.05,0.085,0.043,0.002,0.044,0.046,0.053,0.042,0.059
221,0.353,0.024,0.045,0.039,0.064,0.054,0.058,0.016,0.045,0.077,0.039,0.002,0.04,0.042,0.049,0.039,0.053
222,0.225,0.025,0.046,0.04,0.065,0.055,0.059,0.016,0.046,0.079,0.04,0.002,0.041,0.043,0.05,0.04,0.054
223,0.167,0.026,0.048,0.042,0.068,0.057,0.062,0.017,0.048,0.082,0.041,0.002,0.043,0.045,0.052,0.041,0.056
224,0.265,0.037,0.067,0.057,0.092,0.078,0.088,0.024,0.066,0.113,0.058,0.003,0.059,0.062,0.071,0.058,0.076
225,0.378,0.038,0.071,0.061,0.097,0.083,0.091,0.025,0.07,0.12,0.061,0.003,0.063,0.066,0.075,0.061,0.08
226,0.671,0.041,0.076,0.066,0.103,0.088,0.098,0.027,0.074,0.13,0.066,0.003,0.067,0.071,0.08,0.065,0.085
227,0.309,0.042,0.077,0.066,0.103,0.088,0.099,0.027,0.075,0.13,0.067,0.003,0.068,0.071,0.081,0.066,0.085
228,0.315,0.048,0.089,0.076,0.118,0.101,0.116,0.032,0.087,0.149,0.077,0.004,0.079,0.083,0.092,0.078,0.097
229,0.336,0.056,0.104,0.089,0.135,0.116,0.136,0.037,0.1,0.173,0.09,0.004,0.092,0.096,0.106,0.091,0.111
230,0.505,0.051,0.094,0.081,0.122,0.106,0.123,0.033,0.09,0.156,0.082,0.004,0.083,0.087,0.096,0.081,0.098
231,0.402,0.058,0.108,0.093,0.139,0.12,0.143,0.039,0.102,0.178,0.093,0.004,0.096,0.1,0.11,0.094,0.108
232,0.338,0.028,0.05,0.044,0.068,0.057,0.066,0.018,0.048,0.084,0.043,0.002,0.045,0.047,0.052,0.044,0.05
233,0.296,0.041,0.076,0.067,0.101,0.087,0.1,0.027,0.073,0.126,0.066,0.003,0.069,0.072,0.079,0.066,0.073
234,0.289,0.049,0.09,0.08,0.123,0.102,0.12,0.033,0.087,0.149,0.078,0.003,0.082,0.086,0.094,0.08,0.085
235,0.321,0.048,0.087,0.078,0.123,0.1,0.117,0.032,0.085,0.145,0.076,0.003,0.08,0.084,0.093,0.079,0.082
236,0.368,0.046,0.081,0.074,0.12,0.094,0.112,0.031,0.082,0.136,0.071,0.003,0.076,0.08,0.088,0.075,0.078
237,0.448,0.04,0.072,0.065,0.105,0.083,0.097,0.027,0.071,0.121,0.063,0.003,0.066,0.07,0.078,0.066,0.069
238,0.504,0.02,0.034,0.032,0.053,0.04,0.045,0.013,0.034,0.056,0.03,0.001,0.031,0.033,0.036,0.031,0.031
239,0.493,0.04,0.071,0.067,0.113,0.085,0.095,0.027,0.072,0.119,0.062,0.002,0.065,0.071,0.079,0.066,0.064
240,0.646,0.038,0.067,0.064,0.111,0.081,0.09,0.026,0.069,0.113,0.059,0.001,0.062,0.068,0.076,0.063,0.061
241,0.612,0.037,0.065,0.062,0.111,0.078,0.085,0.025,0.066,0.109,0.057,0.002,0.06,0.067,0.074,0.062,0.059
242,0.269,0.034,0.061,0.058,0.105,0.072,0.078,0.023,0.062,0.101,0.052,0.002,0.055,0.062,0.069,0.057,0.054
243,0.739,0.033,0.057,0.056,0.1,0.069,0.072,0.022,0.058,0.095,0.049,0.002,0.052,0.059,0.066,0.054,0.05
244,0.289,0.031,0.054,0.053,0.097,0.065,0.066,0.021,0.055,0.089,0.046,0.001,0.05,0.057,0.063,0.051,0.048
245,0.454,0.029,0.053,0.052,0.096,0.063,0.061,0.02,0.053,0.086,0.044,0,0.048,0.055,0.062,0.05,0.046
246,0.599,0.028,0.051,0.05,0.092,0.06,0.056,0.02,0.051,0.081,0.042,0,0.046,0.053,0.06,0.048,0.044
247,0.585,0.025,0.047,0.046,0.087,0.055,0.048,0.018,0.047,0.073,0.038,0.001,0.042,0.049,0.055,0.044,0.04
248,0.562,0.023,0.045,0.043,0.087,0.051,0.042,0.016,0.043,0.066,0.034,0.001,0.037,0.046,0.051,0.041,0.037
249,0.568,0.021,0.041,0.04,0.081,0.047,0.037,0.014,0.04,0.061,0.031,0.001,0.034,0.043,0.048,0.038,0.035
250,0.268,0.02,0.035,0.038,0.077,0.044,0.033,0.011,0.038,0.055,0.028,0.001,0.031,0.041,0.046,0.035,0.033
251,0.473,0.018,0.03,0.036,0.077,0.04,0.029,0.009,0.035,0.05,0.024,0.001,0.028,0.038,0.043,0.033,0.031
252,0.444,0.016,0.025,0.033,0.072,0.036,0.026,0.008,0.033,0.044,0.021,0.001,0.026,0.035,0.04,0.03,0.028
253,0.433,0.014,0.021,0.03,0.067,0.032,0.022,0.006,0.029,0.038,0.017,0.001,0.023,0.031,0.036,0.027,0.025
254,0.39,0.012,0.017,0.027,0.061,0.028,0.019,0.005,0.025,0.031,0.013,0.001,0.02,0.028,0.031,0.023,0.022
255,0.366,0.01,0.013,0.023,0.051,0.024,0.017,0.004,0.02,0.024,0.01,0.001,0.016,0.024,0.027,0.019,0.019
256,0.336,0.008,0.009,0.02,0.045,0.02,0.014,0.003,0.016,0.014,0.007,0,0.013,0.02,0.022,0.016,0.017
257,0.321,0.005,0.005,0.017,0.037,0.017,0.012,0.002,0.012,0.008,0.005,0,0.009,0.016,0.015,0.013,0.014
258,0.302,0.003,0.004,0.012,0.027,0.012,0.008,0.002,0.008,0.006,0.004,0,0.005,0.011,0.007,0.008,0.009
259,0.27,0.002,0.003,0.004,0.014,0.004,0.005,0.001,0.004,0.004,0.002,0,0.003,0.004,0.003,0.004,0.004
260,0.244,0.001,0.002,0.002,0.004,0.002,0.002,0.001,0.002,0.003,0.002,0,0.002,0.002,0.002,0.002,0.002
261,0.221,0.001,0.001,0.001,0.002,0.002,0.001,0.001,0.001,0.002,0.001,0,0.001,0.001,0.002,0.001,0.001
262,0.204,0,0.001,0.001,0.001,0.001,0.001,0,0.001,0.001,0.001,0,0.001,0.001,0.001,0.001,0.001
263,0.181,0,0,0,0.001,0,0,0,0,0.001,0,0,0,0,0,0,0
264,0.161,0,0,0,0,0,0,0,0,0,0,0,0,0,0,0,0
265,0.137,0,0,0,0,0,0,0,0,0,0,0,0,0,0,0,0
266,0.113,0,0,0,0,0,0,0,0,0,0,0,0,0,0,0,0
267,0.094,0,0,0,0,0,0,0,0,0,0,0,0,0,0,0,0
268,0.075,0,0,0,0,0,0,0,0,0,0,0,0,0,0,0,0
269,0.059,0,0,0,0,0,0,0,0,0,0,0,0,0,0,0,0
270,0.024,0,0,0,0,0,0,0,0,0,0,0,0,0,0,0,0
271,0.018,0,0,0,0,0,0,0,0,0,0,0,0,0,0,0,0
272,0.014,0,0,0,0,0,0,0,0,0,0,0,0,0,0,0,0
273,0.008,0,0,0,0,0,0,0,0,0,0,0,0,0,0,0,0
274,0.006,0,0,0,0,0,0,0,0,0,0,0,0,0,0,0,0
275,0.003,0,0,0,0,0,0,0,0,0,0,0,0,0,0,0,0
276,0.002,0,0,0,0,0,0,0,0,0,0,0,0,0,0,0,0
277,0.002,0,0,0,0,0,0,0,0,0,0,0,0,0,0,0,0
278,0.002,0,0,0,0,0,0,0,0,0,0,0,0,0,0,0,0
279,0.002,0,0,0,0,0,0,0,0,0,0,0,0,0,0,0,0
280,0.002,0,0,0,0,0,0,0,0,0,0,0,0,0,0,0,0
281,0.002,0,0,0,0,0,0,0,0,0,0,0,0,0,0,0,0
282,0.002,0,0,0,0,0,0,0,0,0,0,0,0,0,0,0,0
283,0.002,0,0,0,0,0,0,0,0,0,0,0,0,0,0,0,0
284,0.002,0,0,0,0,0,0,0,0,0,0,0,0,0,0,0,0
285,0.002,0,0,0,0,0,0,0,0,0,0,0,0,0,0,0,0
286,0.002,0,0,0,0,0,0,0,0,0,0,0,0,0,0,0,0
287,0.002,0,0,0,0,0,0,0,0,0,0,0,0,0,0,0,0
288,0.002,0,0,0,0,0,0,0,0,0,0,0,0,0,0,0,0
289,0.002,0,0,0,0,0,0,0,0,0,0,0,0,0,0,0,0
290,0.002,0,0,0,0,0,0,0,0,0,0,0,0,0,0,0.001,0.001
291,0.002,0.001,0.001,0.001,0.001,0.001,0.001,0.001,0,0,0,0,0.001,0.001,0.001,0.001,0.001
292,0.002,0,0,0,0,0,0,0,0,0,0,0,0,0,0,0.001,0.001
293,0.002,0.001,0.001,0.001,0.001,0.001,0.001,0.001,0,0,0,0,0.001,0.001,0.001,0.001,0.001
294,0.002,0.001,0.001,0.001,0.001,0.001,0.001,0.001,0.001,0.001,0.001,0,0.001,0.001,0.001,0.001,0.001
295,0.002,0.001,0.001,0.001,0.001,0.001,0.001,0.001,0.001,0.001,0.001,0,0.001,0.001,0.001,0.001,0.001
296,0.002,0.001,0.001,0.001,0.001,0.001,0.001,0.001,0.001,0.001,0.001,0,0.001,0.001,0.001,0.001,0.001
297,0.002,0,0,0,0,0,0,0,0,0,0,0,0,0,0,0,0
298,0.002,0.001,0.001,0.001,0.001,0.001,0.001,0.001,0,0,0,0,0.001,0.001,0.001,0.001,0.001
299,0.002,0.001,0.001,0.001,0.001,0.001,0.001,0.001,0.001,0.001,0.001,0,0.001,0.001,0.001,0.001,0.001
300,0.002,0.001,0.001,0.001,0.001,0.001,0.001,0.001,0.001,0.001,0.001,0,0.001,0.001,0.001,0.001,0.001
301,0.002,0.001,0.001,0.001,0.001,0.001,0.001,0.001,0,0,0,0,0.001,0.001,0.001,0.001,0.001
302,0.002,0.001,0.001,0.001,0.001,0.001,0.001,0.001,0.001,0.001,0.001,0,0.001,0.001,0.001,0.001,0.001
303,0.002,0.001,0.001,0.001,0.001,0.001,0.001,0.001,0.001,0.001,0.001,0,0.001,0.001,0.001,0.001,0.001
304,0.002,0.001,0.001,0.001,0.001,0.001,0.001,0.001,0.001,0.001,0.001,0,0.001,0.001,0.001,0.001,0.001
305,0.002,0.001,0.001,0.001,0.001,0.001,0.001,0.001,0.001,0.001,0.001,0,0.001,0.001,0.001,0.001,0.001
306,0.002,0.001,0.001,0.001,0.001,0.001,0.001,0.001,0.001,0.001,0.001,0,0.001,0.001,0.001,0.001,0.001
307,0.002,0,0.001,0.001,0.001,0.001,0,0.001,0,0.001,0.001,0,0.001,0,0.001,0,0
308,0.002,0.001,0.001,0.001,0.001,0.001,0,0.001,0.001,0.001,0.001,0,0.001,0,0.001,0,0
309,0.002,0.001,0.001,0.001,0.001,0.001,0.001,0.001,0.001,0.001,0.001,0,0.001,0.001,0.001,0.001,0.001
310,0.002,0,0.001,0.001,0.001,0.001,0,0.001,0,0.001,0.001,0,0.001,0,0.001,0.001,0.001
311,0.002,0.001,0.001,0.001,0.001,0.001,0,0.001,0.001,0.001,0.001,0,0.001,0,0.001,0,0
312,0.002,0,0.001,0.001,0.001,0.001,0,0.001,0.001,0.001,0.001,0,0.001,0,0.001,0,0
313,0.002,0.001,0.001,0.001,0.001,0.001,0.001,0.001,0.001,0.001,0.001,0,0.001,0.001,0.001,0.001,0.001
314,0.002,0.001,0.001,0.001,0.001,0.001,0.001,0.001,0.001,0.001,0.001,0,0.001,0.001,0.001,0.001,0.001
315,0.002,0.001,0.001,0.001,0.001,0.001,0.001,0.001,0.001,0.001,0.001,0,0.001,0.001,0.001,0.001,0.001
316,0.002,0.001,0.001,0.001,0.001,0.001,0.001,0.001,0.001,0.001,0.001,0,0.001,0.001,0.001,0.001,0.001
317,0.002,0.001,0.001,0.001,0.002,0.002,0.001,0.001,0.001,0.002,0.001,0,0.001,0.001,0.002,0.001,0.002
318,0.002,0.001,0.001,0.002,0.004,0.003,0.002,0.001,0.002,0.002,0.001,0,0.002,0.002,0.002,0.002,0.003
319,0.002,0.001,0.002,0.002,0.005,0.004,0.003,0.001,0.003,0.003,0.002,0,0.002,0.003,0.004,0.002,0.004
320,0.002,0.001,0.002,0.003,0.006,0.012,0.004,0.002,0.004,0.005,0.002,0,0.003,0.006,0.008,0.003,0.012
321,0.002,0.002,0.003,0.004,0.007,0.019,0.005,0.002,0.005,0.006,0.003,0,0.003,0.005,0.012,0.004,0.018
322,0.002,0.002,0.003,0.004,0.008,0.025,0.006,0.002,0.006,0.007,0.003,0,0.004,0.005,0.016,0.004,0.023
323,0.002,0.002,0.004,0.005,0.013,0.029,0.006,0.002,0.006,0.009,0.004,0,0.004,0.006,0.02,0.004,0.017
324,0.002,0.003,0.004,0.005,0.01,0.029,0.007,0.003,0.008,0.014,0.004,0,0.004,0.007,0.024,0.005,0.01
325,0.002,0.003,0.005,0.005,0.012,0.016,0.008,0.003,0.01,0.025,0.005,0,0.005,0.007,0.027,0.006,0.015
326,0.002,0.003,0.005,0.006,0.012,0.01,0.01,0.005,0.01,0.032,0.005,0.001,0.005,0.013,0.028,0.007,0.036
327,0.002,0.003,0.005,0.006,0.027,0.014,0.029,0.007,0.015,0.037,0.005,0.001,0.005,0.009,0.032,0.008,0.045
328,0.004,0.004,0.006,0.007,0.046,0.017,0.039,0.008,0.019,0.044,0.006,0.001,0.008,0.011,0.038,0.018,0.049
329,0.008,0.011,0.008,0.007,0.062,0.042,0.043,0.009,0.03,0.051,0.009,0.001,0.007,0.019,0.041,0.028,0.053
330,0.012,0.015,0.012,0.013,0.066,0.06,0.047,0.01,0.039,0.06,0.009,0.002,0.014,0.033,0.045,0.033,0.058
331,0.016,0.019,0.017,0.016,0.067,0.063,0.05,0.011,0.049,0.067,0.01,0.002,0.034,0.028,0.048,0.036,0.061
332,0.02,0.022,0.024,0.02,0.07,0.067,0.054,0.012,0.052,0.074,0.015,0.002,0.038,0.04,0.05,0.039,0.065
333,0.026,0.024,0.029,0.025,0.073,0.07,0.058,0.013,0.055,0.081,0.019,0.002,0.041,0.044,0.053,0.041,0.069
334,0.03,0.027,0.034,0.035,0.077,0.073,0.061,0.017,0.058,0.087,0.031,0.002,0.044,0.047,0.056,0.044,0.073
335,0.07,0.029,0.04,0.047,0.079,0.076,0.065,0.018,0.06,0.093,0.032,0.002,0.047,0.05,0.059,0.047,0.076
336,0.038,0.031,0.045,0.05,0.082,0.079,0.069,0.019,0.063,0.098,0.04,0.002,0.049,0.053,0.062,0.049,0.079
337,0.087,0.033,0.05,0.052,0.085,0.082,0.073,0.02,0.066,0.104,0.054,0.003,0.052,0.056,0.065,0.052,0.083
338,0.131,0.034,0.054,0.054,0.09,0.085,0.077,0.021,0.068,0.109,0.057,0.003,0.055,0.058,0.067,0.055,0.085
339,0.151,0.036,0.058,0.056,0.092,0.087,0.08,0.022,0.07,0.113,0.06,0.003,0.057,0.06,0.069,0.056,0.088
340,0.173,0.037,0.061,0.058,0.094,0.089,0.085,0.023,0.072,0.118,0.063,0.003,0.059,0.062,0.072,0.059,0.091
341,0.195,0.039,0.063,0.059,0.095,0.091,0.088,0.023,0.073,0.121,0.065,0.003,0.061,0.064,0.074,0.061,0.092
342,0.22,0.041,0.067,0.061,0.097,0.093,0.093,0.024,0.076,0.126,0.069,0.003,0.064,0.067,0.076,0.064,0.096
343,0.242,0.042,0.069,0.063,0.099,0.095,0.096,0.025,0.078,0.131,0.071,0.003,0.066,0.069,0.079,0.066,0.098
344,0.265,0.036,0.06,0.054,0.085,0.079,0.084,0.022,0.066,0.113,0.06,0.003,0.056,0.059,0.067,0.057,0.083
345,0.288,0.047,0.079,0.07,0.109,0.103,0.11,0.028,0.087,0.147,0.08,0.004,0.074,0.078,0.088,0.075,0.108
346,0.312,0.046,0.077,0.068,0.103,0.098,0.107,0.027,0.083,0.142,0.077,0.004,0.072,0.075,0.085,0.072,0.104
347,0.334,0.047,0.079,0.069,0.104,0.098,0.11,0.028,0.085,0.145,0.079,0.004,0.073,0.077,0.086,0.074,0.105
348,0.359,0.048,0.082,0.071,0.107,0.1,0.115,0.028,0.087,0.15,0.082,0.004,0.075,0.08,0.088,0.077,0.107
349,0.385,0.049,0.084,0.073,0.108,0.1,0.117,0.029,0.088,0.152,0.083,0.004,0.077,0.081,0.089,0.079,0.108
350,0.406,0.05,0.086,0.074,0.109,0.1,0.12,0.029,0.089,0.155,0.085,0.004,0.078,0.082,0.091,0.08,0.109
351,0.426,0.05,0.086,0.074,0.107,0.098,0.119,0.029,0.088,0.153,0.084,0.004,0.077,0.081,0.09,0.079,0.107
352,0.454,0.05,0.087,0.075,0.108,0.099,0.121,0.029,0.089,0.155,0.085,0.004,0.078,0.082,0.091,0.081,0.107
353,0.473,0.052,0.09,0.078,0.109,0.101,0.126,0.031,0.091,0.16,0.088,0.004,0.081,0.085,0.094,0.084,0.11
354,0.5,0.053,0.093,0.079,0.11,0.101,0.128,0.031,0.092,0.162,0.089,0.004,0.082,0.086,0.095,0.085,0.111
355,0.521,0.054,0.098,0.082,0.112,0.103,0.133,0.032,0.095,0.167,0.092,0.004,0.085,0.089,0.097,0.089,0.114
356,0.529,0.054,0.098,0.081,0.111,0.102,0.133,0.032,0.094,0.165,0.092,0.004,0.084,0.089,0.096,0.089,0.112
357,0.589,0.056,0.102,0.084,0.115,0.104,0.137,0.033,0.097,0.17,0.095,0.004,0.087,0.092,0.099,0.092,0.116
358,0.579,0.057,0.104,0.086,0.117,0.106,0.141,0.034,0.098,0.174,0.096,0.004,0.089,0.093,0.101,0.095,0.117
359,0.595,0.059,0.107,0.089,0.12,0.109,0.144,0.035,0.101,0.179,0.099,0.004,0.091,0.096,0.104,0.098,0.119
360,0.612,0.044,0.08,0.067,0.092,0.082,0.106,0.027,0.076,0.133,0.073,0.003,0.068,0.072,0.078,0.073,0.087
361,0.636,0.051,0.092,0.078,0.108,0.095,0.126,0.031,0.088,0.152,0.084,0.004,0.079,0.083,0.09,0.085,0.103
362,0.646,0.063,0.115,0.096,0.13,0.116,0.154,0.038,0.107,0.189,0.105,0.005,0.098,0.103,0.111,0.105,0.125
363,0.626,0.047,0.085,0.072,0.099,0.087,0.113,0.029,0.08,0.14,0.078,0.003,0.073,0.077,0.083,0.078,0.093
364,0.639,0.046,0.084,0.071,0.099,0.087,0.112,0.029,0.079,0.137,0.077,0.003,0.071,0.076,0.082,0.077,0.091
365,0.643,0.023,0.041,0.037,0.055,0.046,0.054,0.015,0.041,0.07,0.038,0.002,0.036,0.039,0.043,0.039,0.046
366,0.657,0.032,0.058,0.052,0.075,0.064,0.076,0.02,0.056,0.097,0.054,0.002,0.05,0.054,0.059,0.054,0.064
367,0.707,0.025,0.045,0.04,0.06,0.05,0.06,0.016,0.044,0.075,0.041,0.002,0.039,0.042,0.046,0.042,0.05
368,0.691,0.04,0.072,0.063,0.091,0.078,0.096,0.025,0.07,0.12,0.067,0.003,0.063,0.067,0.073,0.067,0.078
369,0.729,0.034,0.061,0.054,0.076,0.066,0.08,0.021,0.059,0.101,0.056,0.002,0.053,0.057,0.061,0.057,0.065
370,0.746,0.04,0.071,0.063,0.089,0.077,0.095,0.025,0.068,0.117,0.065,0.003,0.062,0.067,0.071,0.067,0.075
371,0.761,0.023,0.041,0.036,0.054,0.045,0.056,0.016,0.04,0.068,0.036,0.002,0.036,0.039,0.042,0.04,0.045
372,0.758,0.017,0.03,0.028,0.041,0.034,0.038,0.011,0.029,0.05,0.027,0.001,0.026,0.028,0.031,0.028,0.032
373,0.24,0.03,0.054,0.048,0.07,0.06,0.072,0.02,0.052,0.089,0.049,0.002,0.047,0.051,0.055,0.05,0.055
374,0.774,0.05,0.091,0.08,0.115,0.099,0.123,0.033,0.087,0.148,0.082,0.004,0.079,0.085,0.091,0.086,0.091
375,0.372,0.031,0.056,0.05,0.072,0.061,0.076,0.021,0.054,0.091,0.05,0.002,0.049,0.053,0.057,0.054,0.057
376,0.248,0.031,0.056,0.051,0.072,0.062,0.074,0.02,0.054,0.092,0.051,0.002,0.049,0.053,0.057,0.053,0.056
377,0.511,0.028,0.051,0.046,0.065,0.056,0.068,0.018,0.049,0.085,0.046,0.002,0.044,0.048,0.052,0.048,0.052
378,0.255,0.022,0.039,0.037,0.051,0.045,0.05,0.014,0.038,0.065,0.036,0.002,0.035,0.038,0.04,0.037,0.039
379,0.191,0.027,0.048,0.045,0.065,0.055,0.065,0.018,0.048,0.08,0.044,0.002,0.043,0.047,0.051,0.047,0.049
380,0.798,0.017,0.031,0.028,0.04,0.035,0.038,0.011,0.029,0.051,0.027,0.001,0.026,0.029,0.032,0.028,0.03
381,0.751,0.043,0.074,0.07,0.102,0.085,0.101,0.027,0.074,0.123,0.068,0.003,0.067,0.074,0.079,0.073,0.07
382,0.253,0.047,0.083,0.079,0.113,0.096,0.112,0.031,0.084,0.138,0.077,0.003,0.075,0.084,0.09,0.083,0.079
383,0.465,0.031,0.055,0.053,0.077,0.065,0.072,0.02,0.056,0.093,0.051,0.002,0.049,0.056,0.061,0.056,0.054
384,0.693,0.046,0.08,0.077,0.113,0.093,0.105,0.03,0.082,0.134,0.074,0.002,0.072,0.082,0.089,0.081,0.076
385,0.182,0.031,0.054,0.053,0.08,0.064,0.071,0.02,0.056,0.091,0.05,0.002,0.049,0.056,0.061,0.055,0.053
386,0.683,0.033,0.058,0.057,0.089,0.068,0.075,0.022,0.06,0.096,0.053,0.002,0.052,0.061,0.066,0.059,0.057
387,0.165,0.037,0.065,0.065,0.101,0.078,0.082,0.024,0.068,0.109,0.06,0.002,0.059,0.069,0.075,0.067,0.063
388,0.194,0.028,0.05,0.05,0.079,0.06,0.062,0.018,0.052,0.083,0.046,0.001,0.045,0.053,0.058,0.051,0.049
389,0.661,0.033,0.058,0.059,0.094,0.07,0.069,0.021,0.06,0.096,0.053,0.001,0.052,0.062,0.068,0.06,0.056
390,0.225,0.026,0.046,0.047,0.079,0.055,0.052,0.017,0.047,0.074,0.041,0.001,0.041,0.05,0.054,0.048,0.044
391,0.29,0.025,0.045,0.046,0.078,0.054,0.048,0.017,0.046,0.071,0.039,0.001,0.04,0.049,0.053,0.046,0.042
392,0.179,0.019,0.035,0.036,0.063,0.041,0.036,0.013,0.035,0.054,0.029,0.001,0.03,0.038,0.041,0.036,0.032
393,0.556,0.017,0.032,0.033,0.057,0.038,0.032,0.011,0.032,0.049,0.026,0.001,0.027,0.035,0.038,0.032,0.029
394,0.542,0.009,0.016,0.017,0.028,0.02,0.017,0.005,0.017,0.026,0.013,0.001,0.014,0.018,0.02,0.017,0.015
395,0.239,0.004,0.007,0.007,0.012,0.009,0.008,0.003,0.007,0.012,0.006,0,0.006,0.008,0.008,0.007,0.007
396,0.516,0.006,0.01,0.01,0.015,0.012,0.013,0.004,0.01,0.017,0.009,0,0.009,0.01,0.011,0.01,0.011
397,0.474,0.006,0.01,0.01,0.014,0.012,0.013,0.004,0.01,0.017,0.009,0,0.009,0.01,0.011,0.01,0.011
398,0.391,0.005,0.009,0.009,0.013,0.011,0.012,0.003,0.01,0.016,0.009,0,0.008,0.009,0.01,0.009,0.011
399,0.285,0.004,0.007,0.007,0.011,0.009,0.01,0.003,0.008,0.013,0.007,0,0.007,0.008,0.009,0.008,0.009
400,0.229,0.003,0.006,0.006,0.009,0.007,0.008,0.002,0.006,0.01,0.006,0,0.006,0.006,0.007,0.006,0.007
401,0.385,0.003,0.004,0.004,0.007,0.006,0.006,0.002,0.005,0.008,0.004,0,0.004,0.005,0.005,0.005,0.005
402,0.271,0.002,0.003,0.003,0.004,0.003,0.004,0.001,0.003,0.005,0.003,0,0.003,0.003,0.003,0.003,0.003
403,0.284,0.001,0.002,0.002,0.003,0.002,0.002,0.001,0.002,0.003,0.002,0,0.002,0.002,0.002,0.002,0.002
404,0.216,0.001,0.001,0.001,0.002,0.001,0.001,0,0.001,0.002,0.001,0,0.001,0.001,0.001,0.001,0.001
405,0.207,0,0,0,0.001,0,0,0,0,0.001,0,0,0,0,0,0,0
406,0.077,0,0,0,0,0,0,0,0,0,0,0,0,0,0,0,0
407,0.044,0,0,0,0,0,0,0,0,0,0,0,0,0,0,0,0
408,0.062,0,0,0,0,0,0,0,0,0,0,0,0,0,0,0,0
409,0.062,0,0,0,0,0,0,0,0,0,0,0,0,0,0,0,0
410,0.059,0,0,0,0,0,0,0,0,0,0,0,0,0,0,0,0
411,0.048,0,0,0,0,0,0,0,0,0,0,0,0,0,0,0,0
412,0.04,0,0,0,0,0,0,0,0,0,0,0,0,0,0,0,0
413,0.03,0,0,0,0,0,0,0,0,0,0,0,0,0,0,0,0
414,0.02,0,0,0,0,0.001,0.001,0.001,0,0,0,0,0,0,0,0.001,0.001
415,0.012,0.001,0.001,0.001,0.001,0.001,0.001,0.001,0,0,0,0,0.001,0.001,0.001,0.001,0.001
416,0.008,0.001,0.001,0.001,0.001,0.001,0.001,0.001,0,0,0,0,0.001,0.001,0.001,0.001,0.001
417,0.004,0.001,0.001,0.001,0.001,0.001,0.001,0.001,0,0,0,0,0.001,0.001,0.001,0.001,0.001
418,0.002,0.001,0.001,0.001,0.001,0.001,0.001,0.001,0,0,0,0,0.001,0.001,0.001,0.001,0.001
419,0.002,0.001,0.001,0.001,0.001,0.001,0.001,0.001,0,0,0,0,0.001,0.001,0.001,0.001,0.001
420,0.002,0.001,0.001,0.001,0.001,0.001,0.001,0.001,0.001,0.001,0.001,0,0.001,0.001,0.001,0.001,0.001
421,0.002,0.001,0.001,0.001,0.001,0.001,0.001,0.001,0.001,0.001,0.001,0,0.001,0.001,0.001,0.001,0.001
422,0.002,0.001,0.001,0.001,0.001,0.001,0.001,0.001,0.001,0.001,0.001,0,0.001,0.001,0.001,0.001,0.001
423,0.002,0.001,0.001,0.001,0.001,0.001,0.001,0.001,0.001,0.001,0.001,0,0.001,0.001,0.001,0.001,0.001
424,0.002,0.001,0.001,0.001,0.001,0.001,0.001,0.001,0.001,0.001,0.001,0,0.001,0.001,0.001,0.001,0.001
425,0.002,0.001,0.001,0.001,0.001,0.001,0.001,0.001,0.001,0.001,0.001,0,0.001,0.001,0.001,0.001,0.001
426,0.002,0.001,0.001,0.001,0.001,0.001,0.001,0.001,0.001,0.001,0.001,0,0.001,0.001,0.001,0.001,0.001
427,0.002,0.001,0.001,0.001,0.001,0.001,0.001,0.001,0.001,0.001,0.001,0,0.001,0.001,0.001,0.001,0.001
428,0.002,0.001,0.001,0.001,0.001,0.001,0.001,0.001,0.001,0.001,0.001,0,0.001,0.001,0.001,0.001,0.001
429,0.002,0.001,0.001,0.001,0.001,0.001,0.001,0.001,0.001,0.001,0.001,0,0.001,0.001,0.001,0.001,0.001
430,0.002,0.001,0.001,0.001,0.001,0.001,0.001,0.001,0.001,0.001,0.001,0,0.001,0.001,0.001,0.001,0.001
431,0.002,0.001,0.001,0.001,0.001,0.001,0.001,0.001,0.001,0.001,0.001,0,0.001,0.001,0.001,0.001,0.001
432,0.002,0.001,0.001,0.001,0.001,0.001,0.001,0.001,0.001,0.001,0.001,0,0.001,0.001,0.001,0.001,0.001
433,0.002,0.001,0.001,0.001,0.001,0.001,0.001,0.001,0.001,0.001,0.001,0,0.001,0.001,0.001,0.001,0.001
434,0.002,0.001,0.001,0.001,0.001,0.001,0.001,0.001,0.001,0.001,0.001,0,0.001,0.001,0.001,0.001,0.001
435,0.002,0.001,0.001,0.001,0.001,0.001,0.001,0.001,0.001,0.001,0.001,0,0.001,0.001,0.001,0.001,0.001
436,0.002,0.001,0.001,0.001,0.001,0.001,0.001,0.001,0.001,0.001,0.001,0,0.001,0.001,0.001,0.001,0.001
437,0.002,0.001,0.001,0.001,0.001,0.001,0,0.001,0.001,0.001,0.001,0,0.001,0.001,0.001,0,0.001
438,0.002,0.001,0.001,0.001,0.001,0.001,0.001,0.001,0.001,0.001,0.001,0,0.001,0.001,0.001,0.001,0.001
439,0.002,0.001,0.001,0.001,0.001,0.001,0,0.001,0.001,0.001,0.001,0,0.001,0.001,0.001,0.001,0.001
440,0.002,0.001,0.001,0.001,0.001,0.001,0.001,0.001,0.001,0.001,0.001,0,0.001,0.001,0.001,0.001,0.001
441,0.002,0.001,0.001,0.001,0.001,0.001,0.001,0.001,0.001,0.001,0.001,0,0.001,0.001,0.001,0.001,0.001
442,0.002,0.001,0.001,0.001,0.001,0.001,0.001,0.001,0.001,0.001,0.001,0,0.001,0.001,0.001,0,0.001
443,0.002,0,0.001,0.001,0.001,0.001,0,0.001,0.001,0.001,0.001,0,0.001,0,0.001,0,0
444,0.002,0,0.001,0.001,0.001,0.001,0,0.001,0,0.001,0.001,0,0.001,0,0.001,0,0
445,0.002,0,0,0.001,0,0,0,0,0,0.001,0,0,0,0,0,0,0
446,0.002,0,0,0,0,0,0,0,0,0.001,0,0,0,0,0,0,0
447,0.002,0,0,0,0,0,0,0,0,0,0,0,0,0,0,0,0
448,0.002,0,0,0,0,0,0,0,0,0,0,0,0,0,0,0,0
449,0.002,0,0,0,0,0,0,0,0,0,0,0,0,0,0,0,0
450,0.002,0,0,0.001,0,0,0,0,0,0,0,0,0,0,0,0,0
451,0.002,0,0,0,0,0,0,0,0,0.001,0,0,0,0,0,0,0
452,0.002,0,0,0,0,0,0,0,0,0,0,0,0,0,0,0,0
453,0.002,0,0,0,0,0,0,0,0,0,0,0,0,0,0,0,0
454,0.002,0,0,0,0,0,0,0,0,0,0,0,0,0,0,0,0
455,0.002,0,0,0,0,0,0,0,0,0,0,0,0,0,0,0,0
456,0.002,0,0,0,0,0,0,0,0,0,0,0,0,0,0,0,0
457,0.002,0,0,0,0,0,0,0,0,0,0,0,0,0,0,0,0
458,0.002,0.001,0.001,0.001,0.001,0.001,0.001,0.001,0,0,0,0,0.001,0.001,0.001,0.001,0.001
459,0.002,0.001,0.001,0.001,0.001,0.001,0.001,0.001,0,0,0,0,0.001,0.001,0.001,0.001,0.001
460,0.002,0.001,0.001,0.001,0.001,0.001,0.001,0.001,0.001,0.001,0.001,0,0.001,0.001,0.001,0.001,0.001
461,0.002,0.001,0.001,0.001,0.001,0.001,0.001,0.001,0.001,0.001,0.001,0,0.001,0.001,0.001,0.001,0.001
462,0.002,0.001,0.001,0.001,0.001,0.001,0.001,0.001,0,0,0,0,0.001,0.001,0.001,0.001,0.001
463,0.002,0.001,0.001,0.001,0.001,0.001,0.001,0.001,0.001,0.001,0.001,0,0.001,0.001,0.001,0.001,0.001
464,0.002,0.001,0.001,0.001,0.001,0.001,0.001,0.001,0.001,0.001,0.001,0,0.001,0.001,0.001,0.001,0.001
465,0.002,0.001,0.001,0.001,0.002,0.001,0.001,0.001,0.001,0.001,0.001,0,0.001,0.001,0.001,0.001,0.001
466,0.002,0.001,0.001,0.001,0.002,0.002,0.001,0.001,0.001,0.002,0.001,0,0.001,0.001,0.002,0.001,0.002
467,0.002,0.001,0.002,0.002,0.003,0.002,0.002,0.001,0.002,0.002,0.001,0,0.002,0.002,0.002,0.002,0.002
468,0.002,0.001,0.002,0.002,0.003,0.003,0.002,0.001,0.002,0.003,0.002,0,0.002,0.002,0.002,0.002,0.002
469,0.002,0.001,0.003,0.002,0.004,0.003,0.003,0.001,0.003,0.003,0.002,0,0.002,0.002,0.003,0.002,0.003
470,0.002,0.001,0.003,0.003,0.005,0.004,0.003,0.001,0.003,0.004,0.003,0,0.003,0.003,0.003,0.003,0.003
471,0.002,0.002,0.004,0.003,0.006,0.004,0.004,0.001,0.004,0.004,0.003,0,0.003,0.004,0.004,0.003,0.004
472,0.002,0.002,0.004,0.004,0.007,0.005,0.005,0.001,0.004,0.005,0.003,0,0.004,0.004,0.005,0.004,0.005
473,0.002,0.002,0.005,0.004,0.008,0.006,0.005,0.002,0.005,0.006,0.004,0,0.004,0.005,0.005,0.005,0.005
474,0.002,0.002,0.005,0.005,0.008,0.006,0.006,0.002,0.005,0.006,0.004,0,0.004,0.005,0.006,0.005,0.006
475,0.004,0.002,0.005,0.005,0.009,0.006,0.006,0.002,0.005,0.006,0.004,0,0.005,0.005,0.006,0.005,0.006
476,0.006,0.002,0.005,0.005,0.009,0.007,0.006,0.002,0.005,0.006,0.004,0,0.005,0.005,0.006,0.005,0.006
477,0.008,0.003,0.006,0.005,0.009,0.007,0.006,0.002,0.006,0.007,0.005,0,0.005,0.006,0.006,0.005,0.006
478,0.01,0.003,0.007,0.006,0.012,0.009,0.008,0.002,0.008,0.009,0.006,0,0.006,0.007,0.008,0.007,0.008
479,0.012,0.004,0.009,0.008,0.014,0.011,0.01,0.003,0.009,0.011,0.007,0,0.008,0.009,0.01,0.008,0.01
480,0.015,0.004,0.009,0.008,0.015,0.011,0.01,0.003,0.01,0.011,0.007,0,0.008,0.009,0.01,0.009,0.01
481,0.018,0.004,0.009,0.009,0.016,0.012,0.01,0.003,0.01,0.011,0.008,0,0.008,0.009,0.01,0.009,0.01
482,0.022,0.005,0.011,0.01,0.018,0.013,0.012,0.003,0.011,0.013,0.009,0,0.009,0.011,0.012,0.01,0.012
483,0.024,0.005,0.011,0.01,0.019,0.014,0.013,0.004,0.012,0.014,0.009,0.001,0.01,0.011,0.013,0.011,0.013
484,0.03,0.005,0.011,0.011,0.019,0.014,0.013,0.004,0.012,0.014,0.009,0.001,0.01,0.011,0.013,0.011,0.013
485,0.034,0.006,0.013,0.012,0.021,0.016,0.014,0.004,0.013,0.016,0.01,0.001,0.011,0.013,0.014,0.012,0.014
486,0.036,0.006,0.014,0.012,0.022,0.017,0.015,0.004,0.014,0.017,0.011,0.001,0.012,0.013,0.015,0.013,0.015
487,0.038,0.007,0.015,0.013,0.024,0.018,0.017,0.005,0.016,0.018,0.012,0.001,0.013,0.014,0.016,0.014,0.016
488,0.038,0.007,0.016,0.014,0.026,0.019,0.018,0.005,0.017,0.019,0.013,0.001,0.013,0.015,0.018,0.015,0.017
489,0.04,0.007,0.015,0.013,0.024,0.018,0.017,0.005,0.016,0.019,0.012,0.001,0.013,0.015,0.016,0.014,0.016
490,0.05,0.006,0.014,0.012,0.022,0.017,0.015,0.004,0.014,0.017,0.011,0.001,0.012,0.013,0.015,0.013,0.015
491,0.064,0.006,0.014,0.013,0.023,0.018,0.016,0.004,0.015,0.018,0.011,0.001,0.012,0.014,0.016,0.013,0.015
492,0.068,0.007,0.016,0.014,0.026,0.019,0.017,0.005,0.017,0.02,0.013,0.001,0.014,0.015,0.017,0.015,0.017
493,0.066,0.009,0.02,0.018,0.033,0.024,0.022,0.006,0.02,0.026,0.016,0.001,0.017,0.019,0.021,0.018,0.021
494,0.077,0.009,0.021,0.018,0.033,0.024,0.022,0.006,0.021,0.026,0.016,0.001,0.017,0.02,0.022,0.019,0.021
495,0.082,0.008,0.018,0.016,0.029,0.022,0.02,0.005,0.019,0.025,0.014,0.001,0.016,0.018,0.02,0.017,0.019
496,0.082,0.007,0.016,0.014,0.026,0.02,0.017,0.005,0.016,0.022,0.012,0.001,0.013,0.015,0.017,0.014,0.017
497,0.091,0.007,0.017,0.014,0.026,0.02,0.018,0.005,0.017,0.023,0.013,0.001,0.014,0.016,0.017,0.015,0.017
498,0.096,0.009,0.021,0.018,0.032,0.025,0.022,0.006,0.021,0.028,0.016,0.001,0.017,0.019,0.021,0.018,0.021
499,0.104,0.007,0.016,0.014,0.025,0.02,0.017,0.004,0.016,0.021,0.012,0.001,0.013,0.015,0.017,0.014,0.016
500,0.111,0.006,0.012,0.011,0.021,0.016,0.014,0.004,0.013,0.015,0.01,0.001,0.011,0.012,0.014,0.012,0.014
501,0.113,0.006,0.014,0.013,0.023,0.018,0.016,0.004,0.015,0.017,0.011,0.001,0.012,0.014,0.016,0.013,0.015
502,0.099,0.007,0.016,0.015,0.027,0.021,0.018,0.005,0.018,0.02,0.013,0.001,0.014,0.016,0.018,0.015,0.018
503,0.103,0.012,0.026,0.023,0.043,0.034,0.03,0.008,0.028,0.035,0.021,0.001,0.023,0.026,0.029,0.025,0.029
504,0.11,0.014,0.031,0.027,0.05,0.039,0.035,0.009,0.033,0.044,0.025,0.001,0.027,0.03,0.034,0.029,0.034
505,0.141,0.016,0.036,0.031,0.057,0.044,0.039,0.01,0.037,0.052,0.028,0.002,0.031,0.034,0.038,0.032,0.038
506,0.146,0.018,0.039,0.034,0.062,0.048,0.043,0.011,0.04,0.06,0.03,0.002,0.034,0.037,0.042,0.035,0.041
507,0.12,0.019,0.04,0.035,0.064,0.049,0.044,0.014,0.041,0.064,0.031,0.002,0.035,0.039,0.043,0.036,0.042
508,0.113,0.021,0.043,0.037,0.067,0.053,0.046,0.016,0.044,0.07,0.033,0.002,0.038,0.041,0.046,0.039,0.045
509,0.122,0.023,0.046,0.039,0.071,0.056,0.05,0.017,0.047,0.076,0.036,0.002,0.04,0.044,0.049,0.041,0.047
510,0.146,0.022,0.043,0.037,0.068,0.053,0.046,0.016,0.044,0.073,0.034,0.002,0.038,0.041,0.047,0.039,0.044
511,0.112,0.021,0.041,0.036,0.065,0.051,0.044,0.015,0.042,0.07,0.033,0.002,0.036,0.04,0.045,0.037,0.043
512,0.084,0.023,0.044,0.039,0.07,0.055,0.048,0.016,0.045,0.076,0.035,0.002,0.039,0.043,0.048,0.04,0.046
513,0.107,0.025,0.05,0.043,0.076,0.06,0.054,0.018,0.05,0.085,0.04,0.002,0.044,0.047,0.053,0.045,0.051
514,0.114,0.026,0.051,0.043,0.075,0.06,0.054,0.018,0.05,0.086,0.04,0.002,0.044,0.047,0.053,0.045,0.051
515,0.184,0.021,0.041,0.035,0.062,0.049,0.044,0.015,0.041,0.07,0.032,0.002,0.036,0.039,0.043,0.037,0.041
516,0.214,0.019,0.037,0.031,0.055,0.044,0.039,0.013,0.036,0.062,0.029,0.002,0.032,0.035,0.039,0.033,0.037
517,0.241,0.021,0.041,0.036,0.063,0.049,0.044,0.015,0.041,0.071,0.033,0.002,0.036,0.039,0.044,0.037,0.041
518,0.264,0.02,0.04,0.034,0.06,0.047,0.042,0.014,0.04,0.068,0.032,0.002,0.035,0.038,0.042,0.036,0.04
519,0.269,0.015,0.029,0.026,0.046,0.036,0.032,0.011,0.03,0.051,0.024,0.001,0.026,0.029,0.032,0.027,0.03
520,0.291,0.013,0.025,0.022,0.04,0.031,0.028,0.009,0.026,0.044,0.02,0.001,0.022,0.024,0.028,0.023,0.026
521,0.321,0.012,0.022,0.02,0.035,0.028,0.024,0.008,0.023,0.039,0.018,0.001,0.02,0.022,0.024,0.021,0.023
522,0.293,0.011,0.021,0.019,0.034,0.027,0.023,0.008,0.022,0.037,0.017,0.001,0.019,0.021,0.024,0.02,0.023
523,0.276,0.011,0.021,0.018,0.033,0.025,0.022,0.007,0.021,0.036,0.017,0.001,0.018,0.02,0.022,0.019,0.022
524,0.291,0.012,0.023,0.02,0.035,0.028,0.025,0.008,0.023,0.04,0.019,0.001,0.02,0.022,0.025,0.021,0.024
525,0.329,0.01,0.019,0.017,0.03,0.024,0.021,0.007,0.02,0.034,0.016,0.001,0.017,0.018,0.021,0.018,0.021
526,0.336,0.011,0.022,0.019,0.034,0.026,0.023,0.008,0.022,0.037,0.017,0.001,0.019,0.021,0.023,0.02,0.022
527,0.275,0.012,0.023,0.02,0.036,0.028,0.024,0.008,0.023,0.039,0.018,0.001,0.02,0.022,0.024,0.021,0.024
528,0.244,0.011,0.021,0.019,0.034,0.026,0.023,0.007,0.022,0.037,0.017,0.001,0.019,0.021,0.023,0.02,0.022
529,0.279,0.013,0.024,0.021,0.037,0.029,0.026,0.009,0.024,0.041,0.019,0.001,0.021,0.023,0.026,0.022,0.024
530,0.267,0.011,0.021,0.018,0.032,0.026,0.022,0.007,0.021,0.036,0.017,0.001,0.018,0.02,0.023,0.019,0.021
531,0.196,0.012,0.024,0.021,0.036,0.029,0.025,0.008,0.024,0.041,0.019,0.001,0.021,0.023,0.025,0.021,0.024
532,0.174,0.013,0.025,0.021,0.037,0.029,0.026,0.009,0.024,0.042,0.02,0.001,0.021,0.023,0.026,0.022,0.024
533,0.143,0.013,0.025,0.022,0.039,0.03,0.026,0.009,0.025,0.042,0.02,0.001,0.022,0.024,0.027,0.023,0.025
534,0.144,0.014,0.027,0.023,0.042,0.032,0.028,0.009,0.026,0.045,0.021,0.001,0.023,0.026,0.029,0.024,0.026
535,0.132,0.028,0.053,0.049,0.092,0.062,0.049,0.019,0.053,0.085,0.04,0.001,0.046,0.054,0.061,0.049,0.046
536,0.157,0.014,0.027,0.025,0.044,0.033,0.028,0.01,0.027,0.046,0.021,0.001,0.024,0.027,0.031,0.025,0.026
537,0.123,0.015,0.027,0.025,0.047,0.033,0.027,0.01,0.028,0.045,0.021,0.001,0.024,0.028,0.031,0.025,0.026
538,0.137,0.012,0.023,0.023,0.042,0.029,0.024,0.008,0.025,0.039,0.018,0.001,0.021,0.025,0.028,0.023,0.023
539,0.15,0.016,0.028,0.031,0.059,0.037,0.028,0.009,0.032,0.048,0.023,0.001,0.026,0.034,0.038,0.03,0.029
540,0.132,0.019,0.033,0.037,0.07,0.044,0.033,0.011,0.038,0.057,0.027,0.001,0.031,0.04,0.045,0.036,0.034
541,0.162,0.014,0.024,0.029,0.056,0.033,0.025,0.008,0.03,0.042,0.019,0.001,0.024,0.031,0.035,0.027,0.027
542,0.14,0.012,0.021,0.026,0.051,0.03,0.022,0.006,0.026,0.036,0.016,0.001,0.021,0.028,0.031,0.024,0.024
543,0.152,0.011,0.018,0.024,0.047,0.027,0.02,0.006,0.023,0.03,0.014,0.001,0.018,0.025,0.028,0.022,0.022
544,0.159,0.009,0.014,0.021,0.042,0.023,0.017,0.005,0.019,0.022,0.011,0.001,0.015,0.022,0.024,0.019,0.019
545,0.164,0.007,0.01,0.017,0.032,0.018,0.013,0.004,0.014,0.016,0.008,0,0.011,0.016,0.016,0.014,0.015
546,0.166,0.004,0.006,0.008,0.016,0.01,0.008,0.002,0.008,0.011,0.005,0,0.006,0.008,0.008,0.007,0.008
547,0.351,0.002,0.005,0.004,0.008,0.006,0.005,0.002,0.005,0.008,0.004,0,0.004,0.005,0.005,0.004,0.005
548,0.174,0.002,0.003,0.003,0.006,0.004,0.004,0.001,0.004,0.006,0.003,0,0.003,0.004,0.004,0.003,0.004
549,0.182,0.001,0.002,0.002,0.004,0.003,0.002,0.001,0.002,0.003,0.002,0,0.002,0.002,0.002,0.002,0.002
550,0.132,0.001,0.001,0.001,0.002,0.001,0.001,0.001,0.001,0.002,0.001,0,0.001,0.001,0.001,0.001,0.001
551,0.171,0.001,0.001,0.001,0.001,0.001,0.001,0.001,0.001,0.001,0.001,0,0.001,0.001,0.001,0.001,0.001
552,0.227,0.001,0.001,0.001,0.001,0.001,0.001,0.001,0.001,0.001,0.001,0,0.001,0.001,0.001,0.001,0.001
553,0.155,0.001,0.001,0.001,0.001,0.001,0.001,0.001,0.001,0.001,0.001,0,0.001,0.001,0.001,0.001,0.001
554,0.135,0.001,0.001,0.001,0.001,0.001,0.001,0.001,0.001,0.001,0.001,0,0.001,0.001,0.001,0.001,0.001
555,0.119,0.001,0.001,0.001,0.001,0.001,0.001,0.001,0.001,0.001,0.001,0,0.001,0.001,0.001,0.001,0.001
556,0.094,0.001,0.001,0.001,0.001,0.001,0.001,0.001,0.001,0.001,0.001,0,0.001,0.001,0.001,0.001,0.001
557,0.077,0.001,0.001,0.001,0.001,0.001,0.001,0.001,0.001,0.001,0.001,0,0.001,0.001,0.001,0.001,0.001
558,0.042,0.001,0.001,0.001,0.001,0.001,0,0.001,0.001,0.001,0.001,0,0.001,0.001,0.001,0.001,0.001
559,0.03,0,0.001,0.001,0.001,0.001,0,0.001,0.001,0.001,0.001,0,0.001,0,0.001,0,0.001
560,0.022,0,0.001,0.001,0.001,0.001,0,0.001,0,0.001,0.001,0,0.001,0,0.001,0,0
561,0.014,0,0.001,0.001,0,0.001,0,0.001,0,0.001,0.001,0,0.001,0,0.001,0,0
562,0.008,0,0.001,0.001,0,0.001,0,0.001,0,0.001,0.001,0,0.001,0,0.001,0,0
563,0.003,0,0,0,0,0,0,0,0,0,0,0,0,0,0,0,0
564,0.002,0,0,0,0,0,0,0,0,0,0,0,0,0,0,0,0
565,0.002,0,0,0,0,0,0,0,0,0,0,0,0,0,0,0,0
566,0.002,0,0,0,0,0,0,0,0,0,0,0,0,0,0,0,0
567,0.002,0,0,0,0,0,0,0,0,0,0,0,0,0,0,0,0
568,0.002,0,0,0,0,0,0,0,0,0,0,0,0,0,0,0,0
569,0.002,0,0,0,0,0,0,0,0,0,0,0,0,0,0,0,0
570,0.002,0,0,0,0,0,0,0,0,0,0,0,0,0,0,0,0
571,0.002,0,0,0,0,0,0,0,0,0,0,0,0,0,0,0,0
572,0.002,0,0,0,0,0,0,0,0,0,0,0,0,0,0,0,0
573,0.002,0,0,0,0,0,0,0,0,0,0,0,0,0,0,0,0
574,0.002,0,0,0,0,0,0,0,0,0,0,0,0,0,0,0,0
575,0.002,0,0,0,0,0,0,0,0,0,0,0,0,0,0,0,0
576,0.002,0,0,0,0,0,0,0,0,0,0,0,0,0,0,0,0
577,0.002,0,0,0,0,0,0,0,0,0,0,0,0,0,0,0,0
578,0.002,0,0,0,0,0,0,0,0,0,0,0,0,0,0,0,0
579,0.002,0,0,0,0,0,0,0,0,0,0,0,0,0,0,0,0
580,0.002,0,0,0,0,0,0,0,0,0,0,0,0,0,0,0,0
581,0.002,0,0,0,0,0,0,0,0,0,0,0,0,0,0,0,0
582,0.002,0,0,0,0,0,0,0,0,0,0,0,0,0,0,0,0
583,0.002,0,0,0,0,0,0,0,0,0,0,0,0,0,0,0,0
584,0.002,0,0,0,0,0,0,0,0,0,0,0,0,0,0,0,0
585,0.002,0,0,0,0,0,0,0,0,0,0,0,0,0,0,0,0
586,0.002,0,0,0,0,0,0,0,0,0,0,0,0,0,0,0,0
587,0.002,0,0,0,0,0,0,0,0,0,0,0,0,0,0,0,0
588,0.002,0,0,0,0,0,0,0,0,0,0,0,0,0,0,0,0
589,0.002,0,0,0,0,0,0,0,0,0,0,0,0,0,0,0,0
590,0.002,0,0,0,0,0,0,0,0,0,0,0,0,0,0,0,0
591,0.002,0,0,0,0,0,0,0,0,0,0,0,0,0,0,0,0
592,0.002,0,0,0,0,0,0,0,0,0,0,0,0,0,0,0,0
593,0.002,0,0,0,0,0,0,0,0,0,0,0,0,0,0,0,0
594,0.002,0,0,0,0,0,0,0,0,0,0,0,0,0,0,0,0
595,0.002,0,0,0,0,0,0,0,0,0,0,0,0,0,0,0,0
596,0.002,0,0,0,0,0,0,0,0,0,0,0,0,0,0,0,0
597,0.002,0,0,0,0,0,0,0,0,0,0,0,0,0,0,0,0
598,0.002,0,0,0,0,0,0,0,0,0,0,0,0,0,0,0,0
599,0.002,0,0,0,0,0,0,0,0,0,0,0,0,0,0,0,0
600,0.002,0,0,0,0,0,0,0,0,0,0,0,0,0,0,0,0
601,0.002,0,0,0,0,0,0,0,0,0,0,0,0,0,0,0,0
602,0.002,0,0,0,0,0,0,0,0,0,0,0,0,0,0,0,0
603,0.002,0,0,0,0.001,0,0,0,0,0,0,0,0,0,0,0,0
604,0.002,0,0.001,0.001,0.001,0.001,0.001,0,0.001,0.001,0.001,0,0.001,0.001,0.001,0.001,0.001
605,0.002,0.001,0.001,0.001,0.001,0.001,0.001,0,0.001,0.001,0.001,0,0.001,0.001,0.001,0.001,0.001
606,0.002,0.001,0.001,0.001,0.002,0.002,0.001,0.001,0.001,0.002,0.001,0,0.001,0.001,0.001,0.001,0.002
607,0.002,0.001,0.001,0.002,0.004,0.003,0.002,0.001,0.002,0.002,0.001,0,0.002,0.002,0.002,0.002,0.003
608,0.002,0.001,0.002,0.003,0.005,0.006,0.003,0.001,0.003,0.003,0.002,0,0.002,0.003,0.004,0.002,0.006
609,0.002,0.001,0.003,0.003,0.006,0.012,0.004,0.001,0.004,0.005,0.002,0,0.003,0.004,0.008,0.003,0.011
610,0.002,0.002,0.003,0.004,0.008,0.017,0.005,0.001,0.006,0.006,0.003,0,0.004,0.005,0.012,0.004,0.015
611,0.002,0.002,0.004,0.005,0.012,0.019,0.007,0.002,0.006,0.008,0.004,0,0.004,0.006,0.014,0.005,0.012
612,0.002,0.002,0.004,0.005,0.009,0.012,0.006,0.002,0.006,0.009,0.004,0,0.004,0.005,0.014,0.005,0.007
613,0.002,0.003,0.004,0.005,0.011,0.011,0.007,0.002,0.008,0.019,0.004,0,0.005,0.006,0.021,0.005,0.01
614,0.002,0.003,0.005,0.006,0.013,0.011,0.008,0.004,0.008,0.025,0.004,0.001,0.005,0.009,0.02,0.006,0.023
615,0.002,0.003,0.005,0.006,0.02,0.009,0.025,0.006,0.01,0.031,0.004,0.001,0.005,0.009,0.025,0.007,0.037
616,0.004,0.004,0.006,0.006,0.036,0.014,0.035,0.006,0.014,0.035,0.005,0.001,0.007,0.011,0.033,0.018,0.043
617,0.006,0.009,0.007,0.007,0.052,0.026,0.038,0.008,0.025,0.04,0.006,0.001,0.006,0.013,0.036,0.027,0.046
618,0.01,0.014,0.009,0.011,0.058,0.049,0.041,0.009,0.033,0.046,0.008,0.002,0.01,0.027,0.04,0.031,0.05
619,0.014,0.018,0.015,0.013,0.062,0.055,0.045,0.01,0.046,0.054,0.008,0.002,0.031,0.027,0.043,0.034,0.054
620,0.02,0.02,0.022,0.017,0.065,0.061,0.048,0.011,0.049,0.061,0.014,0.002,0.035,0.039,0.046,0.037,0.057
621,0.024,0.022,0.027,0.028,0.067,0.064,0.05,0.014,0.052,0.069,0.018,0.002,0.038,0.042,0.048,0.039,0.059
622,0.03,0.025,0.032,0.033,0.071,0.067,0.053,0.016,0.055,0.077,0.029,0.002,0.041,0.045,0.051,0.042,0.062
623,0.047,0.027,0.037,0.044,0.074,0.071,0.055,0.017,0.057,0.084,0.028,0.002,0.043,0.047,0.053,0.045,0.065
624,0.036,0.029,0.043,0.048,0.078,0.074,0.058,0.018,0.06,0.092,0.031,0.002,0.047,0.05,0.056,0.048,0.068
625,0.079,0.032,0.049,0.051,0.082,0.078,0.061,0.02,0.063,0.1,0.049,0.003,0.05,0.054,0.06,0.051,0.072
626,0.12,0.034,0.056,0.053,0.086,0.082,0.065,0.021,0.066,0.108,0.054,0.003,0.054,0.057,0.063,0.055,0.076
627,0.141,0.035,0.059,0.055,0.088,0.084,0.067,0.022,0.068,0.113,0.056,0.003,0.056,0.059,0.065,0.057,0.078
628,0.161,0.037,0.062,0.057,0.092,0.088,0.071,0.023,0.071,0.119,0.059,0.003,0.059,0.062,0.068,0.06,0.082
629,0.181,0.039,0.065,0.059,0.096,0.089,0.075,0.024,0.073,0.124,0.062,0.003,0.062,0.065,0.071,0.063,0.086
630,0.209,0.039,0.066,0.059,0.093,0.088,0.076,0.024,0.072,0.123,0.062,0.003,0.062,0.064,0.07,0.062,0.084
631,0.234,0.045,0.075,0.066,0.104,0.098,0.087,0.027,0.081,0.141,0.071,0.004,0.07,0.073,0.08,0.071,0.096
632,0.257,0.049,0.084,0.073,0.114,0.106,0.097,0.029,0.088,0.155,0.078,0.004,0.077,0.081,0.088,0.079,0.104
633,0.28,0.041,0.07,0.061,0.094,0.087,0.082,0.025,0.073,0.129,0.065,0.003,0.064,0.068,0.073,0.065,0.086
634,0.307,0.046,0.08,0.068,0.101,0.099,0.092,0.027,0.082,0.149,0.074,0.004,0.072,0.077,0.084,0.073,0.099
635,0.324,0.048,0.083,0.071,0.107,0.099,0.099,0.029,0.085,0.152,0.077,0.004,0.075,0.08,0.085,0.077,0.101
636,0.351,0.048,0.083,0.071,0.108,0.096,0.102,0.029,0.085,0.149,0.076,0.004,0.075,0.08,0.084,0.078,0.1
637,0.384,0.051,0.089,0.076,0.112,0.102,0.109,0.031,0.09,0.161,0.082,0.004,0.081,0.085,0.09,0.083,0.107
638,0.414,0.049,0.086,0.074,0.106,0.098,0.105,0.029,0.086,0.156,0.08,0.004,0.077,0.081,0.087,0.079,0.102
639,0.438,0.054,0.093,0.079,0.114,0.105,0.118,0.032,0.094,0.168,0.086,0.004,0.084,0.089,0.095,0.087,0.113
640,0.463,0.023,0.04,0.036,0.053,0.046,0.051,0.014,0.041,0.071,0.036,0.002,0.036,0.039,0.041,0.038,0.048
641,0.491,0.048,0.083,0.072,0.102,0.093,0.105,0.028,0.082,0.148,0.077,0.004,0.074,0.079,0.084,0.077,0.097
642,0.527,0.058,0.101,0.087,0.123,0.109,0.128,0.034,0.099,0.174,0.093,0.004,0.09,0.094,0.099,0.093,0.116
643,0.563,0.023,0.041,0.037,0.055,0.046,0.051,0.015,0.041,0.072,0.037,0.002,0.036,0.04,0.042,0.038,0.048
644,0.626,0.025,0.044,0.039,0.058,0.05,0.058,0.016,0.044,0.079,0.04,0.002,0.039,0.043,0.046,0.042,0.053
645,0.671,0.021,0.037,0.033,0.05,0.042,0.046,0.013,0.037,0.065,0.033,0.002,0.033,0.036,0.038,0.034,0.043
646,0.394,0.054,0.098,0.082,0.114,0.104,0.125,0.032,0.092,0.165,0.086,0.004,0.083,0.089,0.094,0.088,0.108
647,0.717,0.027,0.048,0.042,0.062,0.054,0.063,0.017,0.047,0.083,0.042,0.002,0.042,0.046,0.049,0.045,0.055
648,0.726,0.033,0.059,0.052,0.073,0.065,0.071,0.019,0.055,0.1,0.053,0.002,0.05,0.054,0.057,0.051,0.063
649,0.316,0.044,0.081,0.068,0.095,0.087,0.1,0.027,0.075,0.139,0.071,0.003,0.068,0.074,0.079,0.071,0.087
650,0.687,0.049,0.084,0.072,0.108,0.087,0.117,0.03,0.083,0.137,0.073,0.004,0.075,0.079,0.081,0.082,0.095
651,0.719,0.043,0.076,0.065,0.093,0.08,0.1,0.026,0.072,0.127,0.067,0.003,0.066,0.07,0.074,0.071,0.083
652,0.157,0.065,0.12,0.099,0.135,0.122,0.155,0.04,0.109,0.197,0.104,0.005,0.101,0.107,0.113,0.107,0.127
653,0.807,0.04,0.073,0.062,0.084,0.075,0.09,0.024,0.065,0.121,0.064,0.003,0.061,0.065,0.068,0.063,0.075
654,0.644,0.061,0.113,0.094,0.125,0.115,0.143,0.038,0.102,0.188,0.099,0.004,0.095,0.101,0.107,0.099,0.116
655,0.504,0.061,0.113,0.095,0.126,0.114,0.145,0.038,0.103,0.187,0.1,0.004,0.096,0.103,0.108,0.1,0.117
656,0.244,0.065,0.118,0.1,0.135,0.119,0.154,0.041,0.108,0.195,0.104,0.005,0.101,0.108,0.113,0.106,0.123
657,0.215,0.059,0.107,0.092,0.124,0.108,0.14,0.037,0.099,0.178,0.095,0.004,0.092,0.099,0.104,0.097,0.111
658,0.313,0.05,0.09,0.078,0.106,0.092,0.118,0.032,0.084,0.149,0.08,0.004,0.078,0.084,0.088,0.082,0.093
659,0.215,0.059,0.107,0.092,0.126,0.109,0.139,0.037,0.099,0.176,0.094,0.004,0.092,0.1,0.104,0.097,0.108
660,0.722,0.057,0.103,0.089,0.123,0.105,0.133,0.036,0.095,0.169,0.09,0.004,0.089,0.096,0.1,0.094,0.102
661,0.34,0.054,0.097,0.085,0.12,0.101,0.128,0.035,0.092,0.16,0.086,0.004,0.085,0.092,0.097,0.091,0.097
662,0.41,0.044,0.079,0.07,0.1,0.083,0.105,0.029,0.075,0.132,0.07,0.003,0.069,0.076,0.08,0.074,0.081
663,0.714,0.045,0.081,0.073,0.103,0.085,0.106,0.029,0.077,0.134,0.072,0.003,0.071,0.078,0.082,0.076,0.079
664,0.454,0.043,0.077,0.069,0.099,0.082,0.101,0.028,0.073,0.127,0.068,0.003,0.068,0.074,0.078,0.073,0.074
665,0.226,0.026,0.047,0.043,0.062,0.051,0.06,0.017,0.045,0.079,0.042,0.002,0.041,0.046,0.049,0.045,0.046
666,0.823,0.042,0.075,0.069,0.1,0.082,0.099,0.027,0.072,0.125,0.067,0.003,0.067,0.074,0.078,0.072,0.071
667,0.801,0.04,0.072,0.066,0.097,0.079,0.094,0.026,0.069,0.122,0.064,0.003,0.064,0.071,0.076,0.069,0.068
668,0.817,0.037,0.066,0.061,0.09,0.072,0.086,0.024,0.064,0.11,0.059,0.003,0.059,0.065,0.07,0.064,0.063
669,0.718,0.042,0.073,0.069,0.103,0.081,0.096,0.027,0.072,0.123,0.066,0.003,0.066,0.074,0.079,0.071,0.069
670,0.682,0.036,0.063,0.06,0.091,0.07,0.081,0.024,0.063,0.106,0.056,0.002,0.056,0.064,0.069,0.062,0.057
671,0.751,0.041,0.072,0.068,0.103,0.079,0.092,0.027,0.071,0.12,0.064,0.003,0.063,0.073,0.078,0.07,0.066
672,0.711,0.031,0.054,0.052,0.08,0.061,0.068,0.02,0.054,0.091,0.048,0.001,0.047,0.056,0.06,0.053,0.05
673,0.658,0.036,0.062,0.061,0.094,0.07,0.077,0.024,0.063,0.105,0.055,0.002,0.053,0.065,0.07,0.062,0.057
674,0.736,0.041,0.071,0.069,0.108,0.079,0.085,0.027,0.071,0.118,0.063,0.003,0.06,0.074,0.08,0.07,0.065
675,0.536,0.032,0.057,0.056,0.09,0.063,0.065,0.022,0.057,0.094,0.049,0.002,0.048,0.06,0.065,0.057,0.051
676,0.501,0.025,0.043,0.044,0.072,0.048,0.049,0.017,0.044,0.071,0.037,0.001,0.037,0.047,0.05,0.044,0.039
677,0.308,0.027,0.048,0.049,0.081,0.054,0.049,0.018,0.048,0.078,0.041,0.001,0.041,0.052,0.057,0.048,0.042
678,0.494,0.029,0.052,0.053,0.088,0.058,0.053,0.02,0.051,0.083,0.044,0.001,0.044,0.057,0.061,0.052,0.045
679,0.559,0.026,0.048,0.048,0.083,0.053,0.046,0.018,0.047,0.075,0.04,0.001,0.04,0.052,0.056,0.048,0.042
680,0.563,0.024,0.046,0.045,0.079,0.049,0.041,0.016,0.044,0.068,0.036,0.001,0.036,0.049,0.053,0.044,0.038
681,0.395,0.02,0.038,0.039,0.07,0.042,0.032,0.013,0.037,0.056,0.029,0.001,0.03,0.042,0.046,0.038,0.032
682,0.385,0.019,0.032,0.037,0.065,0.038,0.029,0.01,0.034,0.051,0.026,0.001,0.027,0.04,0.042,0.035,0.03
683,0.469,0.016,0.026,0.033,0.059,0.034,0.024,0.008,0.031,0.044,0.022,0.001,0.024,0.036,0.038,0.031,0.027
684,0.468,0.014,0.022,0.029,0.053,0.03,0.021,0.006,0.027,0.038,0.018,0.001,0.021,0.031,0.033,0.027,0.024
685,0.448,0.012,0.019,0.027,0.05,0.027,0.018,0.005,0.024,0.033,0.015,0.001,0.019,0.029,0.031,0.024,0.022
686,0.457,0.009,0.013,0.02,0.037,0.02,0.014,0.004,0.018,0.023,0.01,0.001,0.014,0.021,0.022,0.018,0.016
687,0.405,0.002,0.004,0.003,0.005,0.004,0.003,0.001,0.003,0.006,0.003,0,0.003,0.003,0.004,0.003,0.004
688,0.355,0.002,0.002,0.003,0.004,0.003,0.003,0.001,0.002,0.004,0.002,0,0.002,0.003,0.003,0.002,0.003
689,0.32,0.001,0.002,0.002,0.003,0.002,0.002,0.001,0.002,0.003,0.002,0,0.002,0.002,0.002,0.002,0.002
690,0.324,0.001,0.002,0.002,0.002,0.002,0.002,0.001,0.001,0.003,0.001,0,0.001,0.001,0.002,0.001,0.002
691,0.279,0.001,0.001,0.001,0.001,0.001,0.001,0.001,0.001,0.002,0.001,0,0.001,0.001,0.001,0.001,0.001
692,0.249,0.001,0.001,0.001,0.001,0.001,0.001,0.001,0.001,0.001,0.001,0,0.001,0.001,0.001,0.001,0.001
693,0.206,0.001,0.001,0.001,0.001,0.001,0.001,0.001,0.001,0.001,0.001,0,0.001,0.001,0.001,0.001,0.001
694,0.189,0.001,0.001,0.001,0.001,0.001,0.001,0.001,0.001,0.001,0.001,0,0.001,0.001,0.001,0.001,0.001
695,0.162,0.001,0.001,0.001,0.001,0.001,0.001,0.001,0.001,0.001,0.001,0,0.001,0.001,0.001,0.001,0.001
696,0.136,0.001,0.001,0.001,0.001,0.001,0.001,0.001,0.001,0.001,0.001,0,0.001,0.001,0.001,0.001,0.001
697,0.123,0.001,0.001,0.001,0.001,0.001,0.001,0.001,0.001,0.001,0.001,0,0.001,0.001,0.001,0.001,0.001
698,0.104,0.001,0.001,0.001,0.001,0.001,0,0.001,0.001,0.001,0.001,0,0.001,0.001,0.001,0.001,0.001
699,0.026,0,0.001,0.001,0.001,0.001,0,0.001,0.001,0.001,0.001,0,0.001,0,0.001,0,0.001
700,0.018,0,0.001,0.001,0.001,0.001,0,0.001,0,0.001,0.001,0,0.001,0,0.001,0,0
701,0.016,0,0.001,0.001,0,0.001,0,0.001,0,0.001,0.001,0,0.001,0,0.001,0,0
702,0.012,0,0,0.001,0,0,0,0.001,0,0.001,0,0,0,0,0.001,0,0
703,0.008,0,0,0.001,0,0,0,0.001,0,0.001,0,0,0,0,0.001,0,0
704,0.006,0,0,0.001,0,0,0,0,0,0,0,0,0,0,0,0,0
705,0.004,0,0,0,0,0,0,0,0,0.001,0,0,0,0,0.001,0,0
706,0.003,0,0,0,0,0,0,0,0,0,0,0,0,0,0,0,0
707,0.002,0,0,0,0,0,0,0,0,0,0,0,0,0,0,0,0
708,0.002,0,0,0,0,0,0,0,0,0,0,0,0,0,0,0,0
709,0.002,0,0,0,0,0,0,0,0,0,0,0,0,0,0,0,0
710,0.002,0,0,0,0,0,0,0,0,0,0,0,0,0,0,0,0
711,0.002,0,0,0,0,0,0,0,0,0,0,0,0,0,0,0,0
712,0.002,0,0,0,0,0,0,0,0,0,0,0,0,0,0,0,0
713,0.002,0,0,0,0,0,0,0,0,0,0,0,0,0,0,0,0
714,0.002,0,0,0,0,0,0,0,0,0,0,0,0,0,0,0,0
715,0.002,0,0,0,0,0,0,0,0,0,0,0,0,0,0,0,0
716,0.002,0,0,0,0,0,0,0,0,0,0,0,0,0,0,0,0
717,0.002,0,0,0,0,0,0,0,0,0,0,0,0,0,0,0,0
718,0.002,0,0,0,0,0,0,0,0,0,0,0,0,0,0,0,0
719,0.002,0,0,0,0,0,0,0,0,0,0,0,0,0,0,0,0
720,0.002,0,0,0,0,0,0,0,0,0,0,0,0,0,0,0,0
721,0.002,0,0,0,0,0,0,0,0,0,0,0,0,0,0,0,0
722,0.002,0,0,0,0,0,0,0,0,0,0,0,0,0,0,0,0
723,0.002,0,0,0,0,0,0,0,0,0,0,0,0,0,0,0,0
724,0.002,0,0,0,0,0,0,0,0,0,0,0,0,0,0,0,0
725,0.002,0,0,0,0,0,0,0,0,0,0,0,0,0,0,0,0
726,0.002,0,0,0,0,0,0,0,0,0,0,0,0,0,0,0,0
727,0.002,0,0,0,0,0,0,0,0,0,0,0,0,0,0,0,0
728,0.002,0,0,0,0,0,0,0,0,0,0,0,0,0,0,0,0
729,0.002,0,0,0,0,0,0,0,0,0,0,0,0,0,0,0,0
730,0.002,0,0,0,0,0,0,0,0,0,0,0,0,0,0,0,0
731,0.002,0,0,0,0,0,0,0,0,0,0,0,0,0,0,0,0
732,0.002,0,0,0,0,0,0,0,0,0,0,0,0,0,0,0,0
733,0.002,0,0,0,0,0,0,0,0,0,0,0,0,0,0,0,0
734,0.002,0,0,0,0,0,0,0,0,0,0,0,0,0,0,0,0
735,0.002,0,0,0,0,0,0,0,0,0,0,0,0,0,0,0,0
736,0.002,0,0,0,0,0,0,0,0,0,0,0,0,0,0,0,0
737,0.002,0,0,0,0,0,0,0,0,0,0,0,0,0,0,0,0
738,0.002,0,0,0,0,0,0,0,0,0,0,0,0,0,0,0,0
739,0.002,0,0,0,0,0,0,0,0,0,0,0,0,0,0,0,0
740,0.002,0,0,0,0,0,0,0,0,0,0,0,0,0,0,0,0
741,0.002,0,0,0,0,0,0,0,0,0,0,0,0,0,0,0,0
742,0.002,0,0,0,0,0,0,0,0,0,0,0,0,0,0,0,0
743,0.002,0,0,0,0,0,0,0,0,0,0,0,0,0,0,0,0
744,0.002,0,0,0,0,0,0,0,0,0,0,0,0,0,0,0,0
745,0.002,0,0,0,0,0,0,0,0,0,0,0,0,0,0,0,0
746,0.002,0,0,0,0,0,0,0,0,0,0,0,0,0,0,0,0
747,0.002,0,0,0,0.001,0.001,0.001,0,0,0.001,0,0,0,0,0.001,0,0.001
748,0.002,0.001,0.001,0.001,0.001,0.001,0.001,0.001,0.001,0.001,0.001,0,0.001,0.001,0.001,0.001,0.001
749,0.002,0.001,0.001,0.001,0.002,0.001,0.001,0.001,0.001,0.002,0.001,0,0.001,0.001,0.001,0.001,0.001
750,0.002,0.001,0.001,0.002,0.003,0.002,0.002,0.001,0.002,0.003,0.001,0,0.002,0.002,0.002,0.002,0.002
751,0.002,0.002,0.003,0.003,0.007,0.005,0.005,0.001,0.004,0.006,0.003,0,0.003,0.004,0.004,0.004,0.005
752,0.002,0.002,0.004,0.005,0.009,0.009,0.007,0.001,0.006,0.009,0.004,0,0.005,0.006,0.007,0.005,0.008
753,0.002,0.003,0.005,0.005,0.01,0.011,0.008,0.002,0.006,0.01,0.005,0,0.005,0.006,0.009,0.005,0.011
754,0.002,0.003,0.005,0.005,0.01,0.012,0.008,0.002,0.007,0.01,0.005,0,0.005,0.006,0.009,0.005,0.011
755,0.002,0.003,0.005,0.005,0.01,0.009,0.008,0.002,0.007,0.011,0.005,0,0.005,0.006,0.007,0.006,0.008
756,0.002,0.004,0.007,0.007,0.012,0.01,0.01,0.002,0.008,0.013,0.006,0,0.006,0.007,0.008,0.007,0.009
757,0.002,0.005,0.009,0.008,0.015,0.012,0.012,0.002,0.01,0.018,0.008,0,0.008,0.009,0.011,0.009,0.012
758,0.002,0.006,0.01,0.01,0.018,0.015,0.015,0.003,0.012,0.022,0.01,0.001,0.01,0.011,0.013,0.01,0.014
759,0.002,0.007,0.012,0.012,0.022,0.018,0.018,0.004,0.015,0.025,0.012,0.001,0.012,0.014,0.015,0.013,0.017
760,0.005,0.009,0.014,0.015,0.026,0.021,0.022,0.005,0.018,0.029,0.014,0.001,0.014,0.016,0.018,0.015,0.02
761,0.008,0.011,0.016,0.016,0.03,0.024,0.025,0.006,0.02,0.034,0.016,0.001,0.016,0.019,0.021,0.018,0.024
762,0.011,0.012,0.018,0.018,0.031,0.025,0.027,0.007,0.021,0.036,0.018,0.001,0.017,0.02,0.022,0.019,0.025
763,0.022,0.01,0.016,0.015,0.027,0.021,0.023,0.006,0.018,0.031,0.016,0.001,0.015,0.017,0.019,0.016,0.021
764,0.032,0.009,0.014,0.014,0.023,0.019,0.02,0.006,0.016,0.027,0.014,0.001,0.013,0.015,0.016,0.014,0.018
765,0.038,0.007,0.011,0.011,0.018,0.015,0.016,0.004,0.012,0.021,0.011,0.001,0.01,0.012,0.013,0.011,0.014
766,0.038,0.006,0.01,0.009,0.016,0.013,0.014,0.003,0.011,0.017,0.009,0,0.009,0.01,0.011,0.01,0.012
767,0.04,0.008,0.013,0.012,0.02,0.017,0.018,0.004,0.014,0.023,0.012,0.001,0.011,0.013,0.014,0.012,0.016
768,0.05,0.007,0.012,0.011,0.019,0.016,0.017,0.005,0.013,0.022,0.011,0.001,0.011,0.012,0.014,0.012,0.015
769,0.065,0.008,0.014,0.012,0.02,0.017,0.018,0.005,0.014,0.024,0.012,0.001,0.012,0.013,0.015,0.012,0.016
770,0.079,0.008,0.015,0.013,0.022,0.018,0.019,0.005,0.015,0.025,0.013,0.001,0.012,0.014,0.015,0.013,0.017
771,0.091,0.009,0.015,0.014,0.023,0.019,0.02,0.006,0.016,0.027,0.014,0.001,0.013,0.015,0.016,0.014,0.018
772,0.108,0.01,0.018,0.016,0.027,0.022,0.024,0.007,0.018,0.031,0.016,0.001,0.016,0.018,0.019,0.016,0.021
773,0.12,0.012,0.021,0.019,0.031,0.025,0.028,0.008,0.021,0.037,0.019,0.001,0.018,0.021,0.022,0.019,0.024
774,0.141,0.017,0.029,0.025,0.041,0.034,0.038,0.01,0.029,0.05,0.026,0.001,0.025,0.028,0.03,0.026,0.033
775,0.117,0.016,0.027,0.024,0.04,0.032,0.036,0.01,0.027,0.047,0.025,0.001,0.023,0.027,0.028,0.025,0.032
776,0.099,0.016,0.027,0.025,0.042,0.033,0.037,0.01,0.028,0.048,0.025,0.001,0.024,0.028,0.029,0.025,0.033
