3/26/2012 0:00,0,0,0,0,0,0,0,0,0,0,0,0,0,0,0,0,0
3/26/2012 0:10,0,0,0,0,0,0,0,0,0,0,0,0,0,0,0,0,0
3/26/2012 0:20,0,0,0,0,0,0,0,0,0,0,0,0,0,0,0,0,0
3/26/2012 0:30,0,0,0,0,0,0,0,0,0,0,0,0,0,0,0,0,0
3/26/2012 0:40,0,0,0,0,0,0,0,0,0,0,0,0,0,0,0,0,0
3/26/2012 0:50,0,0,0,0,0,0,0,0,0,0,0,0,0,0,0,0,0
3/26/2012 1:00,0,0,0,0,0,0,0,0,0,0,0,0,0,0,0,0,0
3/26/2012 1:10,0,0,0,0,0,0,0,0,0,0,0,0,0,0,0,0,0
3/26/2012 1:20,0,0,0,0,0,0,0,0,0,0,0,0,0,0,0,0,0
3/26/2012 1:30,0,0,0,0,0,0,0,0,0,0,0,0,0,0,0,0,0
3/26/2012 1:40,0,0,0,0,0,0,0,0,0,0,0,0,0,0,0,0,0
3/26/2012 1:50,0,0,0,0,0,0,0,0,0,0,0,0,0,0,0,0,0
3/26/2012 2:00,0,0,0,0,0,0,0,0,0,0,0,0,0,0,0,0,0
3/26/2012 2:10,0,0,0,0,0,0,0,0,0,0,0,0,0,0,0,0,0
3/26/2012 2:20,0,0,0,0,0,0,0,0,0,0,0,0,0,0,0,0,0
3/26/2012 2:30,0,0,0,0,0,0,0,0,0,0,0,0,0,0,0,0,0
3/26/2012 2:40,0,0,0,0,0,0,0,0,0,0,0,0,0,0,0,0,0
3/26/2012 2:50,0,0,0,0,0,0,0,0,0,0,0,0,0,0,0,0,0
3/26/2012 3:00,0,0,0,0,0,0,0,0,0,0,0,0,0,0,0,0,0
3/26/2012 3:10,0,0,0,0,0,0,0,0,0,0,0,0,0,0,0,0,0
3/26/2012 3:20,0,0,0,0,0,0,0,0,0,0,0,0,0,0,0,0,0
3/26/2012 3:30,0,0,0,0,0,0,0,0,0,0,0,0,0,0,0,0,0
3/26/2012 3:40,0,0,0,0,0,0,0,0,0,0,0,0,0,0,0,0,0
3/26/2012 3:50,0,0,0,0,0,0,0,0,0,0,0,0,0,0,0,0,0
3/26/2012 4:00,0,0,0,0,0,0,0,0,0,0,0,0,0,0,0,0,0
3/26/2012 4:10,0,0,0,0,0,0,0,0,0,0,0,0,0,0,0,0,0
3/26/2012 4:20,0,0,0,0,0,0,0,0,0,0,0,0,0,0,0,0,0
3/26/2012 4:30,0,0,0,0,0,0,0,0,0,0,0,0,0,0,0,0,0
3/26/2012 4:40,0,0,0,0,0,0,0,0,0,0,0,0,0,0,0,0,0
3/26/2012 4:50,0,0,0,0,0,0,0,0,0,0,0,0,0,0,0,0,0
3/26/2012 5:00,0,0,0,0,0,0,0,0,0,0,0,0,0,0,0,0,0
3/26/2012 5:10,0,0,0,0,0,0,0,0,0,0,0,0,0,0,0,0,0
3/26/2012 5:20,0,0,0,0,0,0,0,0,0,0,0,0,0,0,0,0,0
3/26/2012 5:30,0,0,0,0,0,0,0,0,0,0,0,0,0,0,0,0,0
3/26/2012 5:40,0.002,0,0,0,0,0,0,0,0,0,0,0,0,0,0,0,0
3/26/2012 5:50,0.005,0,0,0,0,0,0,0,0,0.46,0,0,0,0,0.352,0.466,0
3/26/2012 6:00,0.013,0.170769231,0.2,0.157692308,0.223846154,0.182307692,0.202307692,0,0.163846154,0.353846154,0.154615385,0.171538462,0.287692308,0.159230769,0.270769231,0.179230769,0.276153846
3/26/2012 6:10,0.023,0.096521739,0.113043478,0.089130435,0.253043478,0.206086957,0.228695652,0.089565217,0.185217391,0.3,0.087391304,0.193913043,0.162608696,0.18,0.153043478,0.202608696,0.156086957
3/26/2012 6:20,0.031,0.143225806,0.167741935,0.132258065,0.187741935,0.152903226,0.169677419,0.066451613,0.137419355,0.296774194,0.129677419,0.143870968,0.241290323,0.133548387,0.170322581,0.225483871,0.231612903
3/26/2012 6:30,0.038,0.116842105,0.136842105,0.107894737,0.229736842,0.124736842,0.207631579,0.054210526,0.112105263,0.242105263,0.105789474,0.117368421,0.196842105,0.108947368,0.138947368,0.183947368,0.188947368
3/26/2012 6:40,0.043,0.103255814,0.120930233,0.095348837,0.203023256,0.165348837,0.244651163,0.047906977,0.148604651,0.26744186,0.093488372,0.155581395,0.173953488,0.09627907,0.16372093,0.216744186,0.166976744
3/26/2012 6:50,0.066,0.100909091,0.078787879,0.062121212,0.308636364,0.107727273,0.278939394,0.031212121,0.129090909,0.209090909,0.060909091,0.101363636,0.113333333,0.125454545,0.106666667,0.176515152,0.163181818
3/26/2012 7:00,0.076,0.175263158,0.068421053,0.107894737,0.306315789,0.093552632,0.276842105,0.081315789,0.168157895,0.211842105,0.079342105,0.205394737,0.147631579,0.108947368,0.115789474,0.275921053,0.236184211
3/26/2012 7:10,0.077,0.172987013,0.101298701,0.106493506,0.302337662,0.123116883,0.40987013,0.133766234,0.442597403,0.298701299,0.182727273,0.202727273,0.388571429,0.134415584,0.228571429,0.302597403,0.372987013
3/26/2012 7:20,0.175,0.126857143,0.044571429,0.070285714,0.216171429,0.121885714,0.270514286,0.070628571,0.243428571,0.157714286,0.068914286,0.114685714,0.2992,0.130114286,0.201142857,0.213028571,0.225657143
3/26/2012 7:30,0.239,0.130041841,0.043514644,0.085774059,0.255690377,0.118995816,0.253096234,0.060334728,0.204979079,0.182845188,0.058870293,0.167949791,0.266025105,0.12125523,0.154644351,0.185230126,0.240334728
3/26/2012 7:40,0.266,0.141879699,0.058646617,0.115601504,0.240676692,0.115827068,0.247180451,0.061954887,0.20018797,0.216165414,0.052894737,0.192819549,0.267142857,0.140075188,0.172030075,0.17518797,0.242932331
3/26/2012 7:50,0.297,0.134545455,0.087542088,0.131144781,0.235151515,0.111717172,0.256801347,0.062424242,0.200808081,0.232323232,0.081212121,0.195218855,0.264444444,0.139393939,0.213333333,0.172592593,0.241750842
3/26/2012 8:00,0.326,0.136196319,0.127607362,0.132055215,0.223159509,0.138128834,0.258159509,0.056871166,0.19601227,0.310429448,0.110981595,0.191533742,0.263865031,0.139693252,0.242944785,0.171533742,0.242269939
3/26/2012 8:10,0.352,0.132443182,0.155113636,0.133948864,0.214943182,0.181789773,0.254034091,0.058522727,0.1996875,0.365909091,0.119914773,0.196392045,0.265625,0.141136364,0.24,0.165482955,0.224375
3/26/2012 8:20,0.376,0.135797872,0.17287234,0.130851064,0.201223404,0.208005319,0.258803191,0.060265957,0.198271277,0.373138298,0.133643617,0.189787234,0.26856383,0.143138298,0.238723404,0.161117021,0.229148936
3/26/2012 8:30,0.402,0.132537313,0.174626866,0.132587065,0.195447761,0.212238806,0.261691542,0.061492537,0.196044776,0.37761194,0.15,0.188606965,0.269800995,0.144179104,0.23641791,0.162288557,0.223258706
3/26/2012 8:40,0.42,0.132142857,0.17952381,0.131785714,0.194,0.208785714,0.263,0.058857143,0.192714286,0.377857143,0.148357143,0.185833333,0.267142857,0.147857143,0.234666667,0.160880952,0.222238095
3/26/2012 8:50,0.442,0.125565611,0.182352941,0.129864253,0.190927602,0.214479638,0.261809955,0.060588235,0.187941176,0.374660633,0.145520362,0.186674208,0.262307692,0.154547511,0.234932127,0.16341629,0.219298643
3/26/2012 9:00,0.457,0.126301969,0.187746171,0.130087527,0.184660832,0.212625821,0.258971554,0.058599562,0.18643326,0.372428884,0.145142232,0.180547046,0.261881838,0.158533917,0.23107221,0.163150985,0.212100656
3/26/2012 9:10,0.485,0.123587629,0.187628866,0.131030928,0.18,0.210123711,0.26028866,0.059463918,0.184453608,0.369896907,0.145051546,0.179319588,0.254474227,0.162185567,0.228618557,0.163340206,0.207257732
3/26/2012 9:20,0.509,0.122121807,0.188998035,0.128880157,0.17151277,0.209528487,0.258349705,0.060707269,0.184125737,0.366011788,0.14611002,0.179626719,0.257170923,0.162671906,0.22475442,0.164793713,0.197485265
3/26/2012 9:30,0.529,0.121701323,0.19168242,0.127882798,0.165028355,0.210567108,0.25852552,0.062306238,0.185217391,0.369565217,0.144385633,0.17705104,0.254517958,0.16826087,0.226238185,0.167372401,0.196805293
3/26/2012 9:40,0.547,0.121755027,0.190127971,0.131170018,0.164917733,0.20797075,0.259634369,0.060255941,0.183016453,0.374223035,0.146983547,0.179378428,0.259817185,0.174076782,0.225228519,0.170383912,0.20345521
3/26/2012 9:50,0.565,0.12180531,0.193274336,0.130619469,0.159663717,0.205539823,0.260672566,0.061982301,0.184725664,0.374513274,0.145858407,0.177610619,0.258159292,0.175858407,0.221168142,0.17320354,0.190619469
3/26/2012 10:00,0.579,0.122694301,0.197582038,0.131001727,0.160829016,0.204663212,0.263454231,0.060483592,0.183937824,0.377374784,0.145803109,0.17716753,0.258376511,0.178756477,0.221899827,0.177063903,0.198411054
3/26/2012 10:10,0.594,0.123333333,0.201346801,0.131144781,0.156767677,0.207474747,0.265656566,0.062424242,0.182878788,0.379461279,0.148888889,0.176447811,0.264444444,0.181212121,0.219259259,0.18043771,0.187356902
3/26/2012 10:20,0.597,0.126432161,0.204690117,0.133919598,0.155979899,0.206432161,0.268726968,0.062110553,0.185527638,0.381407035,0.148140704,0.179296482,0.263115578,0.183768844,0.218157454,0.183433836,0.192428811
3/26/2012 10:30,0.616,0.126136364,0.206818182,0.133116883,0.155892857,0.203912338,0.273246753,0.063538961,0.186720779,0.384577922,0.150097403,0.181006494,0.267142857,0.184821429,0.217142857,0.189123377,0.192321429
3/26/2012 10:40,0.632,0.126455696,0.213924051,0.136234177,0.151946203,0.20625,0.274651899,0.06193038,0.185363924,0.385759494,0.149477848,0.183481013,0.266297468,0.186693038,0.21721519,0.191708861,0.193132911
3/26/2012 10:50,0.641,0.128143526,0.219032761,0.137519501,0.154352574,0.207051482,0.27900156,0.064274571,0.186084243,0.387519501,0.150514821,0.184383775,0.268393136,0.190530421,0.216911076,0.196287051,0.190421217
3/26/2012 11:00,0.649,0.126563945,0.22835131,0.138983051,0.152449923,0.208151002,0.279614792,0.06348228,0.187072419,0.393374422,0.151756549,0.185546995,0.270847458,0.194560863,0.216949153,0.201047766,0.193605547
3/26/2012 11:10,0.66,0.127818182,0.236363636,0.139772727,0.154318182,0.208272727,0.282924242,0.065545455,0.187181818,0.393787879,0.152272727,0.185833333,0.272,0.197590909,0.218666667,0.204757576,0.195818182
3/26/2012 11:20,0.653,0.129188361,0.24287902,0.1381317,0.155972435,0.21050536,0.285957121,0.066248086,0.189188361,0.398009188,0.153905054,0.187825421,0.274915773,0.196539051,0.218315467,0.206952527,0.197917305
3/26/2012 11:30,0.601,0.129284526,0.250915141,0.13985025,0.154941764,0.212945092,0.288818636,0.065124792,0.191381032,0.401830283,0.15718802,0.189234609,0.280033278,0.199767055,0.219633943,0.209351082,0.197121464
3/26/2012 11:40,0.664,0.130391566,0.254518072,0.142018072,0.157771084,0.214156627,0.289141566,0.065150602,0.19246988,0.401807229,0.157409639,0.188072289,0.287259036,0.202635542,0.22,0.210542169,0.205451807
3/26/2012 11:50,0.666,0.133333333,0.261561562,0.141591592,0.157297297,0.213513514,0.292222222,0.068048048,0.191891892,0.404054054,0.156936937,0.190855856,0.292012012,0.205135135,0.221981982,0.213408408,0.199444444
3/26/2012 12:00,0.665,0.133533835,0.265864662,0.144887218,0.157533835,0.217398496,0.296616541,0.068150376,0.192180451,0.408120301,0.160195489,0.191142857,0.292451128,0.205443609,0.222315789,0.217233083,0.205142857
3/26/2012 12:10,0.665,0.133533835,0.269774436,0.144887218,0.161909774,0.217398496,0.296616541,0.068150376,0.192180451,0.408120301,0.160195489,0.194496241,0.298075188,0.208556391,0.222315789,0.220736842,0.199744361
3/26/2012 12:20,0.661,0.134341906,0.271406959,0.145763994,0.158487141,0.222299546,0.298411498,0.068562784,0.193343419,0.407110439,0.161164902,0.195673222,0.299878971,0.209818457,0.22366112,0.225597579,0.206384266
3/26/2012 12:30,0.659,0.134749621,0.276176024,0.146206373,0.163383915,0.222974203,0.299317147,0.068770865,0.193930197,0.408345979,0.161654021,0.196267071,0.300789074,0.210455235,0.227010622,0.229817906,0.207010622
3/26/2012 12:40,0.652,0.136196319,0.279141104,0.144631902,0.165138037,0.225368098,0.298496933,0.069509202,0.19601227,0.409202454,0.163389571,0.194953988,0.304018405,0.212714724,0.226748466,0.235858896,0.203726994
3/26/2012 12:50,0.645,0.137674419,0.278139535,0.14620155,0.162418605,0.227813953,0.289503876,0.070263566,0.194837209,0.410077519,0.165162791,0.197069767,0.307317829,0.215023256,0.229209302,0.238418605,0.205937984
3/26/2012 13:00,0.637,0.135918367,0.281632653,0.144819466,0.169026688,0.230675039,0.23533752,0.071145997,0.193940345,0.411616954,0.167237049,0.199544741,0.305306122,0.214474097,0.232087912,0.245070644,0.20288854
3/26/2012 13:10,0.629,0.137647059,0.281081081,0.146661367,0.166550079,0.229841017,0.188155803,0.072050874,0.193020668,0.409538951,0.166168521,0.202082671,0.309189189,0.217201908,0.232241653,0.251891892,0.199761526
3/26/2012 13:20,0.615,0.140780488,0.27902439,0.146666667,0.170341463,0.231219512,0.230926829,0.073691057,0.19395122,0.411382114,0.16995122,0.203056911,0.310146341,0.218780488,0.234666667,0.257626016,0.198471545
3/26/2012 13:30,0.604,0.139668874,0.279801325,0.145943709,0.173443709,0.235430464,0.278675497,0.075033113,0.193956954,0.411258278,0.169718543,0.203062914,0.315794702,0.219337748,0.23602649,0.262317881,0.202086093
3/26/2012 13:40,0.592,0.1425,0.276689189,0.145439189,0.176959459,0.236199324,0.231013514,0.073074324,0.194290541,0.411824324,0.169763514,0.203412162,0.315878378,0.220287162,0.237837838,0.267635135,0.200118243
3/26/2012 13:50,0.577,0.142357019,0.270363951,0.145667244,0.181559792,0.238232236,0.177764298,0.074974003,0.195649913,0.414558059,0.170693241,0.204835355,0.317608319,0.222426343,0.240970537,0.274592721,0.199098787
3/26/2012 14:00,0.556,0.143741007,0.266546763,0.143794964,0.183183453,0.242967626,0.179748201,0.074100719,0.195377698,0.413669065,0.17352518,0.208561151,0.322877698,0.223381295,0.243741007,0.284964029,0.200161871
3/26/2012 14:10,0.539,0.144155844,0.260482375,0.144526902,0.188961039,0.246233766,0.219573284,0.076437848,0.193636364,0.413914657,0.175269017,0.211001855,0.326122449,0.222745826,0.248163265,0.293951763,0.193153989
3/26/2012 14:20,0.519,0.145433526,0.260500963,0.146146435,0.190635838,0.246589595,0.268574181,0.075414258,0.19699422,0.416570328,0.174277457,0.210539499,0.324277457,0.223352601,0.250944123,0.300789981,0.193680154
3/26/2012 14:30,0.5,0.14652,0.2548,0.1435,0.19206,0.25122,0.28404,0.07828,0.19596,0.4186,0.17688,0.21408,0.32912,0.2277,0.25344,0.30756,0.19386
3/26/2012 14:40,0.478,0.148619247,0.250209205,0.1458159,0.194811715,0.252866109,0.297112971,0.077573222,0.196066946,0.418619247,0.176610879,0.21460251,0.336443515,0.229518828,0.257740586,0.316841004,0.195271967
3/26/2012 14:50,0.457,0.15059081,0.250328228,0.143544858,0.197396061,0.254113786,0.299256018,0.076630197,0.195754923,0.422757112,0.180328228,0.214704595,0.335536105,0.231006565,0.261881838,0.326301969,0.188533917
3/26/2012 15:00,0.435,0.148,0.245057471,0.146091954,0.200689655,0.256068966,0.302298851,0.080505747,0.195862069,0.422988506,0.180206897,0.220436782,0.343908046,0.233172414,0.262988506,0.337448276,0.189816092
3/26/2012 15:10,0.412,0.150873786,0.246116505,0.144296117,0.204830097,0.258859223,0.306407767,0.08,0.196456311,0.429854369,0.180509709,0.221917476,0.344951456,0.231116505,0.269126214,0.350631068,0.191699029
3/26/2012 15:20,0.391,0.153299233,0.246035806,0.146803069,0.208388747,0.260639386,0.309411765,0.079028133,0.201560102,0.429411765,0.179923274,0.222429668,0.353913043,0.232941176,0.274578005,0.363503836,0.192813299
3/26/2012 15:30,0.367,0.157275204,0.240871935,0.145231608,0.206158038,0.264768392,0.308147139,0.084196185,0.203133515,0.432425068,0.180735695,0.224822888,0.356675749,0.236893733,0.282942779,0.380926431,0.185858311
3/26/2012 15:40,0.343,0.16180758,0.242565598,0.14941691,0.20361516,0.269475219,0.314373178,0.084081633,0.198717201,0.435860058,0.181661808,0.22755102,0.359825073,0.241399417,0.287346939,0.400787172,0.188396501
3/26/2012 15:50,0.32,0.1595625,0.235625,0.14734375,0.1273125,0.27403125,0.3123125,0.0836875,0.1996875,0.445625,0.18215625,0.2369375,0.374,0.2458125,0.297,0.41503125,0.19071875
3/26/2012 16:00,0.295,0.165559322,0.237966102,0.152881356,0.147966102,0.273152542,0.312033898,0.08379661,0.202169492,0.45220339,0.183966102,0.241898305,0.380338983,0.252610169,0.304271186,0.43440678,0.182542373
3/26/2012 16:10,0.27,0.164444444,0.240740741,0.159444444,0.183222222,0.272111111,0.321444444,0.083925926,0.205111111,0.46,0.186111111,0.239518519,0.387851852,0.253,0.312888889,0.45737037,0.186148148
3/26/2012 16:20,0.243,0.173580247,0.246090535,0.160288066,0.17962963,0.282839506,0.313868313,0.084773663,0.21037037,0.463786008,0.181975309,0.247777778,0.384773663,0.255555556,0.318683128,0.479423868,0.177283951
3/26/2012 16:30,0.217,0.173917051,0.251612903,0.170046083,0.080460829,0.283963134,0.327235023,0.066451613,0.206129032,0.466359447,0.185253456,0.256912442,0.39640553,0.267096774,0.332534562,0.504654378,0.181981567
3/26/2012 16:40,0.192,0.1734375,0.257291667,0.170833333,0.0909375,0.28390625,0.136979167,0.0321875,0.21078125,0.4671875,0.1884375,0.255520833,0.4090625,0.26953125,0.339166667,0.533958333,0.16828125
3/26/2012 16:50,0.168,0.185,0.263095238,0.183035714,0.207857143,0.282142857,0.046964286,0.02452381,0.215535714,0.479166667,0.191428571,0.26547619,0.42297619,0.271071429,0.345714286,0.568630952,0.170952381
3/26/2012 17:00,0.133,0.183609023,0.254135338,0.184962406,0.218796992,0.285112782,0.059323308,0.015488722,0.208195489,0.501503759,0.196466165,0.268270677,0.421804511,0.280150376,0.370526316,0.473007519,0.161954887
3/26/2012 17:10,0.048,0.185,0.270833333,0.213541667,0.181875,0.345625,0.109583333,0.042916667,0.221875,0.575,0.209375,0.325208333,0.4675,0.301875,0.403333333,0.339791667,0.149583333
3/26/2012 17:20,0.029,0.153103448,0.268965517,0.212068966,0.200689655,0.245172414,0.18137931,0.071034483,0.220344828,0.555172414,0.207931034,0.230689655,0.386896552,0.285517241,0.364137931,0.401724138,0.247586207
3/26/2012 17:30,0.027,0.164444444,0.192592593,0.151851852,0.215555556,0.263333333,0.194814815,0.076296296,0.157777778,0.425925926,0.148888889,0.165185185,0.277037037,0.23,0.260740741,0.431481481,0.265925926
3/26/2012 17:40,0.026,0.170769231,0.2,0.157692308,0.223846154,0.182307692,0.202307692,0.079230769,0.163846154,0.353846154,0.154615385,0.171538462,0.287692308,0.238846154,0.270769231,0.358461538,0.138076923
3/26/2012 17:50,0.021,0.105714286,0.247619048,0.097619048,0.277142857,0.225714286,0.25047619,0.098095238,0.202857143,0.328571429,0.191428571,0.212380952,0.356190476,0.197142857,0.251428571,0.332857143,0.170952381
3/26/2012 18:00,0.014,0.158571429,0.185714286,0.146428571,0.207857143,0.169285714,0.187857143,0,0.152142857,0.328571429,0.143571429,0.159285714,0.267142857,0.147857143,0.251428571,0.332857143,0.256428571
3/26/2012 18:10,0.007,0,0.371428571,0,0,0.338571429,0.375714286,0,0.304285714,0.328571429,0.287142857,0.318571429,0.534285714,0.295714286,0.251428571,0.332857143,0
3/26/2012 18:20,0.003,0,0,0,0,0,0,0,0,0,0,0,0,0,0,0,0
3/26/2012 18:30,0.001,0,0,0,0,0,0,0,0,0,0,0,0,0,0,0,0
3/26/2012 18:40,0,0,0,0,0,0,0,0,0,0,0,0,0,0,0,0,0
3/26/2012 18:50,0,0,0,0,0,0,0,0,0,0,0,0,0,0,0,0,0
3/26/2012 19:00,0,0,0,0,0,0,0,0,0,0,0,0,0,0,0,0,0
3/26/2012 19:10,0,0,0,0,0,0,0,0,0,0,0,0,0,0,0,0,0
3/26/2012 19:20,0,0,0,0,0,0,0,0,0,0,0,0,0,0,0,0,0
3/26/2012 19:30,0,0,0,0,0,0,0,0,0,0,0,0,0,0,0,0,0
3/26/2012 19:40,0,0,0,0,0,0,0,0,0,0,0,0,0,0,0,0,0
3/26/2012 19:50,0,0,0,0,0,0,0,0,0,0,0,0,0,0,0,0,0
3/26/2012 20:00,0,0,0,0,0,0,0,0,0,0,0,0,0,0,0,0,0
3/26/2012 20:10,0,0,0,0,0,0,0,0,0,0,0,0,0,0,0,0,0
3/26/2012 20:20,0,0,0,0,0,0,0,0,0,0,0,0,0,0,0,0,0
3/26/2012 20:30,0,0,0,0,0,0,0,0,0,0,0,0,0,0,0,0,0
3/26/2012 20:40,0,0,0,0,0,0,0,0,0,0,0,0,0,0,0,0,0
3/26/2012 20:50,0,0,0,0,0,0,0,0,0,0,0,0,0,0,0,0,0
3/26/2012 21:00,0,0,0,0,0,0,0,0,0,0,0,0,0,0,0,0,0
3/26/2012 21:10,0,0,0,0,0,0,0,0,0,0,0,0,0,0,0,0,0
3/26/2012 21:20,0,0,0,0,0,0,0,0,0,0,0,0,0,0,0,0,0
3/26/2012 21:30,0,0,0,0,0,0,0,0,0,0,0,0,0,0,0,0,0
3/26/2012 21:40,0,0,0,0,0,0,0,0,0,0,0,0,0,0,0,0,0
3/26/2012 21:50,0,0,0,0,0,0,0,0,0,0,0,0,0,0,0,0,0
3/26/2012 22:00,0,0,0,0,0,0,0,0,0,0,0,0,0,0,0,0,0
3/26/2012 22:10,0,0,0,0,0,0,0,0,0,0,0,0,0,0,0,0,0
3/26/2012 22:20,0,0,0,0,0,0,0,0,0,0,0,0,0,0,0,0,0
3/26/2012 22:30,0,0,0,0,0,0,0,0,0,0,0,0,0,0,0,0,0
3/26/2012 22:40,0,0,0,0,0,0,0,0,0,0,0,0,0,0,0,0,0
3/26/2012 22:50,0,0,0,0,0,0,0,0,0,0,0,0,0,0,0,0,0
3/26/2012 23:00,0,0,0,0,0,0,0,0,0,0,0,0,0,0,0,0,0
3/26/2012 23:10,0,0,0,0,0,0,0,0,0,0,0,0,0,0,0,0,0
3/26/2012 23:20,0,0,0,0,0,0,0,0,0,0,0,0,0,0,0,0,0
3/26/2012 23:30,0,0,0,0,0,0,0,0,0,0,0,0,0,0,0,0,0
3/26/2012 23:40,0,0,0,0,0,0,0,0,0,0,0,0,0,0,0,0,0
3/26/2012 23:50,0,0,0,0,0,0,0,0,0,0,0,0,0,0,0,0,0
3/27/2012 0:00,0,0,0,0,0,0,0,0,0,0,0,0,0,0,0,0,0
3/27/2012 0:10,0,0,0,0,0,0,0,0,0,0,0,0,0,0,0,0,0
3/27/2012 0:20,0,0,0,0,0,0,0,0,0,0,0,0,0,0,0,0,0
3/27/2012 0:30,0,0,0,0,0,0,0,0,0,0,0,0,0,0,0,0,0
3/27/2012 0:40,0,0,0,0,0,0,0,0,0,0,0,0,0,0,0,0,0
3/27/2012 0:50,0,0,0,0,0,0,0,0,0,0,0,0,0,0,0,0,0
3/27/2012 1:00,0,0,0,0,0,0,0,0,0,0,0,0,0,0,0,0,0
3/27/2012 1:10,0,0,0,0,0,0,0,0,0,0,0,0,0,0,0,0,0
3/27/2012 1:20,0,0,0,0,0,0,0,0,0,0,0,0,0,0,0,0,0
3/27/2012 1:30,0,0,0,0,0,0,0,0,0,0,0,0,0,0,0,0,0
3/27/2012 1:40,0,0,0,0,0,0,0,0,0,0,0,0,0,0,0,0,0
3/27/2012 1:50,0,0,0,0,0,0,0,0,0,0,0,0,0,0,0,0,0
3/27/2012 2:00,0,0,0,0,0,0,0,0,0,0,0,0,0,0,0,0,0
3/27/2012 2:10,0,0,0,0,0,0,0,0,0,0,0,0,0,0,0,0,0
3/27/2012 2:20,0,0,0,0,0,0,0,0,0,0,0,0,0,0,0,0,0
3/27/2012 2:30,0,0,0,0,0,0,0,0,0,0,0,0,0,0,0,0,0
3/27/2012 2:40,0,0,0,0,0,0,0,0,0,0,0,0,0,0,0,0,0
3/27/2012 2:50,0,0,0,0,0,0,0,0,0,0,0,0,0,0,0,0,0
3/27/2012 3:00,0,0,0,0,0,0,0,0,0,0,0,0,0,0,0,0,0
3/27/2012 3:10,0,0,0,0,0,0,0,0,0,0,0,0,0,0,0,0,0
3/27/2012 3:20,0,0,0,0,0,0,0,0,0,0,0,0,0,0,0,0,0
3/27/2012 3:30,0,0,0,0,0,0,0,0,0,0,0,0,0,0,0,0,0
3/27/2012 3:40,0,0,0,0,0,0,0,0,0,0,0,0,0,0,0,0,0
3/27/2012 3:50,0,0,0,0,0,0,0,0,0,0,0,0,0,0,0,0,0
3/27/2012 4:00,0,0,0,0,0,0,0,0,0,0,0,0,0,0,0,0,0
3/27/2012 4:10,0,0,0,0,0,0,0,0,0,0,0,0,0,0,0,0,0
3/27/2012 4:20,0,0,0,0,0,0,0,0,0,0,0,0,0,0,0,0,0
3/27/2012 4:30,0,0,0,0,0,0,0,0,0,0,0,0,0,0,0,0,0
3/27/2012 4:40,0,0,0,0,0,0,0,0,0,0,0,0,0,0,0,0,0
3/27/2012 4:50,0,0,0,0,0,0,0,0,0,0,0,0,0,0,0,0,0
3/27/2012 5:00,0,0,0,0,0,0,0,0,0,0,0,0,0,0,0,0,0
3/27/2012 5:10,0,0,0,0,0,0,0,0,0,0,0,0,0,0,0,0,0
3/27/2012 5:20,0,0,0,0,0,0,0,0,0,0,0,0,0,0,0,0,0
3/27/2012 5:30,0,0,0,0,0,0,0,0,0,0,0,0,0,0,0,0,0
3/27/2012 5:40,0.001,0,0,0,0,0,0,0,0,0,0,0,0,0,0,0,0
3/27/2012 5:50,0.003,0,0,0,0,0,0,0,0,0,0,0,0,0,0,0,0
3/27/2012 6:00,0.009,0,0,0.227777778,0.323333333,0.263333333,0.292222222,0,0.236666667,0.255555556,0.223333333,0.247777778,0.415555556,0.23,0.195555556,0.258888889,0.398888889
3/27/2012 6:10,0.02,0.111,0.13,0.1025,0.1455,0.237,0.263,0.103,0.213,0.345,0.1005,0.223,0.187,0.207,0.176,0.233,0.1795
3/27/2012 6:20,0.031,0.143225806,0.167741935,0.132258065,0.187741935,0.229354839,0.254516129,0.066451613,0.137419355,0.296774194,0.129677419,0.143870968,0.241290323,0.133548387,0.227096774,0.225483871,0.231612903
3/27/2012 6:30,0.044,0.100909091,0.118181818,0.093181818,0.198409091,0.215454545,0.239090909,0.046818182,0.193636364,0.313636364,0.091363636,0.152045455,0.17,0.141136364,0.2,0.264772727,0.163181818
3/27/2012 6:40,0.062,0.107419355,0.125806452,0.099193548,0.234677419,0.191129032,0.254516129,0.066451613,0.171774194,0.333870968,0.129677419,0.17983871,0.180967742,0.166935484,0.198709677,0.225483871,0.231612903
3/27/2012 6:50,0.082,0.108292683,0.126829268,0.1,0.248414634,0.173414634,0.256585366,0.050243902,0.181829268,0.308536585,0.122560976,0.163170732,0.182439024,0.176707317,0.193170732,0.227317073,0.218902439
3/27/2012 7:00,0.096,0.13875,0.108333333,0.106770833,0.2425,0.1728125,0.273958333,0.064375,0.1775,0.2875,0.1046875,0.185833333,0.194791667,0.1509375,0.201666667,0.266979167,0.224375
3/27/2012 7:10,0.123,0.144390244,0.105691057,0.116666667,0.260243902,0.173414634,0.342113821,0.083739837,0.277073171,0.317886179,0.163414634,0.199430894,0.304065041,0.168292683,0.228943089,0.303089431,0.321056911
3/27/2012 7:20,0.183,0.133442623,0.085245902,0.089617486,0.222622951,0.155409836,0.273060109,0.067540984,0.221147541,0.238797814,0.098852459,0.146229508,0.26568306,0.14704918,0.201967213,0.229180328,0.235409836
3/27/2012 7:30,0.212,0.136132075,0.085849057,0.096698113,0.233349057,0.156509434,0.260518868,0.058301887,0.200943396,0.260377358,0.085330189,0.178820755,0.246981132,0.146462264,0.190943396,0.208820755,0.237075472
3/27/2012 7:40,0.199,0.133869347,0.104522613,0.113316583,0.219346734,0.166733668,0.251105528,0.062110553,0.192663317,0.288944724,0.090904523,0.190502513,0.244321608,0.156030151,0.203417085,0.210753769,0.234522613
3/27/2012 7:50,0.302,0.132317881,0.11192053,0.12218543,0.221622517,0.14910596,0.261258278,0.061390728,0.197483444,0.289403974,0.099834437,0.199370861,0.260066225,0.150794702,0.227284768,0.192880795,0.237748344
3/27/2012 8:00,0.326,0.136196319,0.143558282,0.132055215,0.214233129,0.167208589,0.258159509,0.063190184,0.19601227,0.324539877,0.117147239,0.191533742,0.263865031,0.152392638,0.242944785,0.19297546,0.242269939
3/27/2012 8:10,0.367,0.133079019,0.162942779,0.134059946,0.214087193,0.200190736,0.257983651,0.061743869,0.1973297,0.350953678,0.125967302,0.194441417,0.264959128,0.152288828,0.239782016,0.190463215,0.234768392
3/27/2012 8:20,0.414,0.128695652,0.169565217,0.133695652,0.20384058,0.211811594,0.260458937,0.059710145,0.195507246,0.366666667,0.140797101,0.193913043,0.261980676,0.155,0.238067633,0.185724638,0.234130435
3/27/2012 8:30,0.406,0.131231527,0.179310345,0.131280788,0.200689655,0.210147783,0.265591133,0.0608867,0.1941133,0.373891626,0.148522167,0.192241379,0.267142857,0.158054187,0.23408867,0.189384236,0.229901478
3/27/2012 8:40,0.259,0.128571429,0.180694981,0.134555985,0.191003861,0.21046332,0.264015444,0.063629344,0.189150579,0.372972973,0.147451737,0.189420849,0.25992278,0.167837838,0.231042471,0.206911197,0.221776062
3/27/2012 8:50,0.376,0.123989362,0.179787234,0.130851064,0.193484043,0.214308511,0.265797872,0.060265957,0.186941489,0.373138298,0.144335106,0.183856383,0.258617021,0.165159574,0.229361702,0.192101064,0.219601064
3/27/2012 9:00,0.378,0.123333333,0.185714286,0.13015873,0.184761905,0.213174603,0.264391534,0.05994709,0.185952381,0.371164021,0.143571429,0.182883598,0.257248677,0.169761905,0.228148148,0.191084656,0.218439153
3/27/2012 9:10,0.453,0.127417219,0.189403974,0.131236203,0.17986755,0.214503311,0.261258278,0.059116998,0.18807947,0.370640177,0.146423841,0.18214128,0.25593819,0.169072848,0.229227373,0.185165563,0.21397351
3/27/2012 9:20,0.493,0.126085193,0.189858012,0.13306288,0.177079108,0.211521298,0.261399594,0.062677485,0.185780933,0.373225152,0.146774848,0.185456389,0.257931034,0.172150101,0.224908722,0.184320487,0.211176471
3/27/2012 9:30,0.516,0.124767442,0.191472868,0.131104651,0.174825581,0.21127907,0.26503876,0.063875969,0.185755814,0.36996124,0.148023256,0.181511628,0.253682171,0.1725,0.225116279,0.189651163,0.20872093
3/27/2012 9:40,0.488,0.122827869,0.191803279,0.13022541,0.172930328,0.208831967,0.264077869,0.063319672,0.187684426,0.372336066,0.148278689,0.182786885,0.252909836,0.178155738,0.223606557,0.190983607,0.205983607
3/27/2012 9:50,0.503,0.123578529,0.196421471,0.134493042,0.16777336,0.207316103,0.26666004,0.061431412,0.186322068,0.374950298,0.147852883,0.181769384,0.260238569,0.17695825,0.223936382,0.194552684,0.206978131
3/27/2012 10:00,0.551,0.124900181,0.198185118,0.133938294,0.169001815,0.21076225,0.267295826,0.063557169,0.185553539,0.379854809,0.149564428,0.182123412,0.264718693,0.180326679,0.220399274,0.194519056,0.201978221
3/27/2012 10:10,0.564,0.125957447,0.202836879,0.134485816,0.165106383,0.210106383,0.270460993,0.062092199,0.185053191,0.379255319,0.149680851,0.181879433,0.265248227,0.183510638,0.221560284,0.198297872,0.203687943
3/27/2012 10:20,0.582,0.125876289,0.205498282,0.133848797,0.165,0.211752577,0.271134021,0.06371134,0.186649485,0.383333333,0.148505155,0.183917526,0.26347079,0.184948454,0.220756014,0.200171821,0.203556701
3/27/2012 10:30,0.613,0.12675367,0.207830343,0.133768352,0.161402936,0.208776509,0.274584013,0.063849918,0.187634584,0.382707993,0.150831974,0.181892333,0.268450245,0.189102773,0.221076672,0.205252855,0.199119086
3/27/2012 10:40,0.628,0.127261146,0.215286624,0.137101911,0.162181529,0.21133758,0.276401274,0.065605096,0.186544586,0.38455414,0.150429936,0.184649682,0.267993631,0.191178344,0.221401274,0.207770701,0.200079618
3/27/2012 10:50,0.576,0.1271875,0.221180556,0.138802083,0.161666667,0.20984375,0.278524306,0.064375,0.18859375,0.387326389,0.150052083,0.185833333,0.272708333,0.1940625,0.22,0.214392361,0.199444444
3/27/2012 11:00,0.569,0.128752197,0.228471002,0.140509666,0.163655536,0.212425308,0.277328647,0.06516696,0.187170475,0.392091388,0.151898067,0.188119508,0.276063269,0.196449912,0.219613357,0.217029877,0.201898067
3/27/2012 11:10,0.605,0.128429752,0.232066116,0.13892562,0.16353719,0.215454545,0.282561983,0.064694215,0.190115702,0.395371901,0.152826446,0.187983471,0.272,0.198446281,0.221090909,0.215669421,0.201752066
3/27/2012 11:20,0.6,0.1295,0.238333333,0.140083333,0.1649,0.2133,0.284916667,0.065233333,0.1917,0.394833333,0.1541,0.18955,0.274266667,0.2001,0.22,0.22135,0.203433333
3/27/2012 11:30,0.614,0.130162866,0.245602606,0.140228013,0.165879479,0.216156352,0.286986971,0.067100977,0.190798046,0.397068404,0.15713355,0.188859935,0.28019544,0.20228013,0.220716612,0.223892508,0.204641694
3/27/2012 11:40,0.617,0.133128039,0.248622366,0.14286872,0.160356564,0.218946515,0.285591572,0.066774716,0.18987034,0.398865478,0.15636953,0.191555916,0.284894652,0.20465154,0.222495948,0.226580227,0.203646677
3/27/2012 11:50,0.594,0.134545455,0.253872054,0.141498316,0.166565657,0.219444444,0.287794613,0.065892256,0.193636364,0.402693603,0.159040404,0.191464646,0.28962963,0.205606061,0.222222222,0.231430976,0.205488215
3/27/2012 12:00,0.615,0.133560976,0.257886179,0.143333333,0.165609756,0.219658537,0.290796748,0.06699187,0.19395122,0.403902439,0.160146341,0.192178862,0.291902439,0.208682927,0.223219512,0.231105691,0.204308943
3/27/2012 12:10,0.657,0.135159817,0.265144597,0.143531202,0.168310502,0.223652968,0.292222222,0.068980213,0.194520548,0.40608828,0.159086758,0.19347032,0.296012177,0.207945205,0.225022831,0.230517504,0.207640791
3/27/2012 12:20,0.63,0.133904762,0.268253968,0.143174603,0.170904762,0.225714286,0.296396825,0.068666667,0.192714286,0.405238095,0.162714286,0.19468254,0.296825397,0.210285714,0.226285714,0.236698413,0.205142857
3/27/2012 12:30,0.629,0.134117647,0.268680445,0.143402226,0.171176471,0.226073132,0.292686804,0.068775835,0.193020668,0.405882353,0.162972973,0.194992051,0.297297297,0.210620032,0.226645469,0.240779014,0.205468998
3/27/2012 12:40,0.637,0.135918367,0.273469388,0.144819466,0.173594976,0.226954474,0.293139717,0.071145997,0.193940345,0.408006279,0.164081633,0.196043956,0.299434851,0.214474097,0.229324961,0.245070644,0.20288854
3/27/2012 12:50,0.52,0.136615385,0.27,0.145865385,0.179076923,0.227884615,0.288288462,0.071307692,0.192519231,0.406923077,0.166211538,0.197269231,0.302076923,0.214961538,0.230153846,0.255403846,0.200211538
3/27/2012 13:00,0.611,0.13806874,0.272340426,0.144271686,0.180981997,0.232733224,0.25396072,0.070801964,0.195220949,0.410310966,0.167774141,0.200736498,0.306055646,0.216824877,0.233322422,0.259312602,0.205646481
3/27/2012 13:10,0.485,0.137319588,0.273402062,0.14371134,0.18,0.234556701,0.233175258,0.072206186,0.193237113,0.407835052,0.165773196,0.202309278,0.300742268,0.217670103,0.232247423,0.264226804,0.19985567
3/27/2012 13:20,0.564,0.141702128,0.276595745,0.145390071,0.180585106,0.235319149,0.251808511,0.073049645,0.196382979,0.411879433,0.1675,0.205602837,0.311666667,0.220212766,0.237163121,0.264397163,0.203687943
3/27/2012 13:30,0.605,0.139438017,0.270743802,0.145702479,0.187586777,0.238958678,0.278214876,0.071504132,0.193636364,0.410578512,0.169438017,0.202727273,0.309090909,0.218975207,0.238545455,0.269586777,0.201752066
3/27/2012 13:40,0.646,0.140897833,0.265634675,0.145975232,0.189195046,0.238467492,0.244272446,0.073343653,0.194535604,0.409442724,0.171130031,0.203668731,0.306842105,0.217894737,0.237027864,0.277724458,0.20006192
3/27/2012 13:50,0.556,0.139748201,0.261870504,0.143794964,0.188417266,0.238705036,0.208129496,0.074100719,0.195377698,0.409532374,0.169910072,0.20455036,0.30942446,0.219658273,0.24057554,0.280773381,0.200161871
3/27/2012 14:00,0.538,0.140297398,0.260966543,0.144795539,0.189312268,0.242286245,0.200427509,0.072750929,0.193996283,0.410408922,0.171858736,0.207249071,0.312825279,0.219312268,0.242081784,0.290167286,0.200185874
3/27/2012 14:10,0.535,0.141084112,0.262429907,0.145607477,0.195813084,0.24364486,0.226130841,0.073158879,0.195084112,0.41271028,0.17282243,0.208411215,0.321570093,0.224411215,0.246728972,0.300504673,0.194598131
3/27/2012 14:20,0.516,0.141976744,0.256976744,0.143023256,0.197383721,0.248023256,0.26503876,0.075852713,0.194011628,0.414534884,0.175290698,0.211763566,0.318914729,0.224651163,0.248992248,0.307054264,0.194806202
3/27/2012 14:30,0.489,0.145276074,0.249897751,0.146728016,0.202331288,0.247177914,0.279672802,0.075828221,0.19601227,0.41390593,0.172638037,0.209775051,0.321226994,0.224355828,0.25194274,0.314478528,0.198220859
3/27/2012 14:40,0.424,0.146603774,0.245283019,0.14504717,0.205896226,0.245943396,0.285330189,0.077735849,0.195919811,0.412264151,0.175400943,0.210377358,0.326367925,0.224575472,0.253207547,0.318726415,0.194740566
3/27/2012 14:50,0.418,0.143397129,0.242583732,0.147129187,0.208851675,0.249473684,0.289425837,0.078851675,0.198732057,0.418181818,0.173110048,0.213397129,0.322105263,0.227799043,0.256842105,0.328875598,0.197535885
3/27/2012 15:00,0.392,0.147244898,0.245408163,0.146428571,0.207857143,0.253928571,0.295204082,0.073571429,0.195612245,0.416581633,0.174336735,0.216173469,0.324387755,0.227066327,0.255918367,0.332857143,0.201479592
3/27/2012 15:10,0.353,0.144645892,0.24305949,0.145184136,0.214334278,0.255127479,0.290566572,0.075864023,0.199121813,0.416997167,0.176515581,0.214787535,0.328441926,0.228696884,0.259263456,0.343229462,0.193229462
3/27/2012 15:20,0.287,0.146968641,0.244599303,0.142857143,0.212926829,0.247735192,0.293240418,0.078954704,0.192961672,0.416724739,0.175087108,0.209790941,0.325783972,0.22358885,0.257560976,0.349094077,0.200139373
3/27/2012 15:30,0.228,0.146052632,0.239473684,0.143859649,0.216973684,0.249473684,0.288377193,0.072280702,0.196184211,0.413596491,0.176315789,0.215175439,0.311666667,0.226973684,0.254736842,0.357675439,0.188947368
3/27/2012 15:40,0.212,0.146603774,0.233018868,0.14504717,0.205896226,0.257122642,0.285330189,0.077735849,0.200943396,0.423113208,0.170660377,0.210377358,0.31754717,0.224575472,0.265660377,0.362688679,0.203207547
3/27/2012 15:50,0.253,0.14916996,0.236363636,0.145849802,0.172529644,0.252924901,0.291067194,0.073280632,0.202055336,0.427272727,0.174782609,0.220355731,0.325217391,0.229090909,0.271304348,0.377588933,0.198656126
3/27/2012 16:00,0.197,0.146497462,0.237563452,0.145685279,0.192030457,0.252639594,0.293705584,0.07319797,0.205431472,0.431979695,0.173451777,0.226395939,0.341725888,0.231167513,0.276954315,0.390304569,0.200456853
3/27/2012 16:10,0.164,0.148902439,0.22195122,0.15,0.195182927,0.260121951,0.288658537,0.075365854,0.194817073,0.434756098,0.171585366,0.217560976,0.342073171,0.239817073,0.27902439,0.412012195,0.197012195
3/27/2012 16:20,0.19,0.163578947,0.232631579,0.151052632,0.199105263,0.261947368,0.304526316,0.075894737,0.201789474,0.435789474,0.179842105,0.234736842,0.354315789,0.239684211,0.296421053,0.429210526,0.188947368
3/27/2012 16:30,0.192,0.161875,0.230208333,0.16015625,0.1515625,0.2715625,0.301354167,0.075104167,0.21078125,0.443229167,0.17796875,0.232291667,0.350625,0.24796875,0.3025,0.436875,0.186979167
3/27/2012 16:40,0.108,0.143888889,0.216666667,0.151851852,0.188611111,0.241388889,0.243518519,0.057222222,0.197222222,0.425925926,0.1675,0.22712963,0.311666667,0.23,0.277037037,0.388333333,0.199444444
3/27/2012 16:50,0.081,0.137037037,0.224691358,0.151851852,0.215555556,0.234074074,0.227283951,0.050864198,0.184074074,0.397530864,0.148888889,0.192716049,0.277037037,0.204444444,0.260740741,0.373950617,0.177283951
3/27/2012 17:00,0.061,0.14557377,0.213114754,0.13442623,0.190819672,0.233114754,0.21557377,0.067540984,0.174590164,0.414754098,0.164754098,0.182786885,0.306557377,0.203606557,0.230819672,0.343770492,0.176557377
3/27/2012 17:10,0.049,0.135918367,0.212244898,0.125510204,0.178163265,0.241836735,0.214693878,0.042040816,0.173877551,0.42244898,0.164081633,0.22755102,0.305306122,0.21122449,0.251428571,0.380408163,0.146530612
3/27/2012 17:20,0.038,0.116842105,0.205263158,0.161842105,0.229736842,0.249473684,0.207631579,0.054210526,0.168157895,0.423684211,0.158684211,0.234736842,0.295263158,0.217894737,0.277894737,0.367894737,0.188947368
3/27/2012 17:30,0.031,0.143225806,0.167741935,0.132258065,0.187741935,0.229354839,0.254516129,0.066451613,0.137419355,0.370967742,0.129677419,0.215806452,0.241290323,0.200322581,0.227096774,0.375806452,0.231612903
3/27/2012 17:40,0.028,0.158571429,0.185714286,0.146428571,0.207857143,0.169285714,0.187857143,0.073571429,0.152142857,0.410714286,0.143571429,0.159285714,0.267142857,0.221785714,0.251428571,0.332857143,0.256428571
3/27/2012 17:50,0.024,0.0925,0.216666667,0.170833333,0.2425,0.1975,0.219166667,0.085833333,0.1775,0.383333333,0.1675,0.185833333,0.311666667,0.1725,0.22,0.29125,0.149583333
3/27/2012 18:00,0.013,0.170769231,0.2,0.157692308,0.223846154,0.182307692,0.202307692,0,0.163846154,0.353846154,0.154615385,0.171538462,0.287692308,0.159230769,0.270769231,0.358461538,0.276153846
3/27/2012 18:10,0.007,0,0.371428571,0,0.415714286,0.338571429,0.375714286,0,0.304285714,0.328571429,0.287142857,0.318571429,0.534285714,0.295714286,0.251428571,0.332857143,0
3/27/2012 18:20,0.003,0,0,0,0,0,0,0,0,0,0,0,0,0,0,0,0
3/27/2012 18:30,0.002,0,0,0,0,0,0,0,0,0,0,0,0,0,0,0,0
3/27/2012 18:40,0,0,0,0,0,0,0,0,0,0,0,0,0,0,0,0,0
3/27/2012 18:50,0,0,0,0,0,0,0,0,0,0,0,0,0,0,0,0,0
3/27/2012 19:00,0,0,0,0,0,0,0,0,0,0,0,0,0,0,0,0,0
3/27/2012 19:10,0,0,0,0,0,0,0,0,0,0,0,0,0,0,0,0,0
3/27/2012 19:20,0,0,0,0,0,0,0,0,0,0,0,0,0,0,0,0,0
3/27/2012 19:30,0,0,0,0,0,0,0,0,0,0,0,0,0,0,0,0,0
3/27/2012 19:40,0,0,0,0,0,0,0,0,0,0,0,0,0,0,0,0,0
3/27/2012 19:50,0,0,0,0,0,0,0,0,0,0,0,0,0,0,0,0,0
3/27/2012 20:00,0,0,0,0,0,0,0,0,0,0,0,0,0,0,0,0,0
3/27/2012 20:10,0,0,0,0,0,0,0,0,0,0,0,0,0,0,0,0,0
3/27/2012 20:20,0,0,0,0,0,0,0,0,0,0,0,0,0,0,0,0,0
3/27/2012 20:30,0,0,0,0,0,0,0,0,0,0,0,0,0,0,0,0,0
3/27/2012 20:40,0,0,0,0,0,0,0,0,0,0,0,0,0,0,0,0,0
3/27/2012 20:50,0,0,0,0,0,0,0,0,0,0,0,0,0,0,0,0,0
3/27/2012 21:00,0,0,0,0,0,0,0,0,0,0,0,0,0,0,0,0,0
3/27/2012 21:10,0,0,0,0,0,0,0,0,0,0,0,0,0,0,0,0,0
3/27/2012 21:20,0,0,0,0,0,0,0,0,0,0,0,0,0,0,0,0,0
3/27/2012 21:30,0,0,0,0,0,0,0,0,0,0,0,0,0,0,0,0,0
3/27/2012 21:40,0,0,0,0,0,0,0,0,0,0,0,0,0,0,0,0,0
3/27/2012 21:50,0,0,0,0,0,0,0,0,0,0,0,0,0,0,0,0,0
3/27/2012 22:00,0,0,0,0,0,0,0,0,0,0,0,0,0,0,0,0,0
3/27/2012 22:10,0,0,0,0,0,0,0,0,0,0,0,0,0,0,0,0,0
3/27/2012 22:20,0,0,0,0,0,0,0,0,0,0,0,0,0,0,0,0,0
3/27/2012 22:30,0,0,0,0,0,0,0,0,0,0,0,0,0,0,0,0,0
3/27/2012 22:40,0,0,0,0,0,0,0,0,0,0,0,0,0,0,0,0,0
3/27/2012 22:50,0,0,0,0,0,0,0,0,0,0,0,0,0,0,0,0,0
3/27/2012 23:00,0,0,0,0,0,0,0,0,0,0,0,0,0,0,0,0,0
3/27/2012 23:10,0,0,0,0,0,0,0,0,0,0,0,0,0,0,0,0,0
3/27/2012 23:20,0,0,0,0,0,0,0,0,0,0,0,0,0,0,0,0,0
3/27/2012 23:30,0,0,0,0,0,0,0,0,0,0,0,0,0,0,0,0,0
3/27/2012 23:40,0,0,0,0,0,0,0,0,0,0,0,0,0,0,0,0,0
3/27/2012 23:50,0,0,0,0,0,0,0,0,0,0,0,0,0,0,0,0,0
3/28/2012 0:00,0,0,0,0,0,0,0,0,0,0,0,0,0,0,0,0,0
3/28/2012 0:10,0,0,0,0,0,0,0,0,0,0,0,0,0,0,0,0,0
3/28/2012 0:20,0,0,0,0,0,0,0,0,0,0,0,0,0,0,0,0,0
3/28/2012 0:30,0,0,0,0,0,0,0,0,0,0,0,0,0,0,0,0,0
3/28/2012 0:40,0,0,0,0,0,0,0,0,0,0,0,0,0,0,0,0,0
3/28/2012 0:50,0,0,0,0,0,0,0,0,0,0,0,0,0,0,0,0,0
3/28/2012 1:00,0,0,0,0,0,0,0,0,0,0,0,0,0,0,0,0,0
3/28/2012 1:10,0,0,0,0,0,0,0,0,0,0,0,0,0,0,0,0,0
3/28/2012 1:20,0,0,0,0,0,0,0,0,0,0,0,0,0,0,0,0,0
3/28/2012 1:30,0,0,0,0,0,0,0,0,0,0,0,0,0,0,0,0,0
3/28/2012 1:40,0,0,0,0,0,0,0,0,0,0,0,0,0,0,0,0,0
3/28/2012 1:50,0,0,0,0,0,0,0,0,0,0,0,0,0,0,0,0,0
3/28/2012 2:00,0,0,0,0,0,0,0,0,0,0,0,0,0,0,0,0,0
3/28/2012 2:10,0,0,0,0,0,0,0,0,0,0,0,0,0,0,0,0,0
3/28/2012 2:20,0,0,0,0,0,0,0,0,0,0,0,0,0,0,0,0,0
3/28/2012 2:30,0,0,0,0,0,0,0,0,0,0,0,0,0,0,0,0,0
3/28/2012 2:40,0,0,0,0,0,0,0,0,0,0,0,0,0,0,0,0,0
3/28/2012 2:50,0,0,0,0,0,0,0,0,0,0,0,0,0,0,0,0,0
3/28/2012 3:00,0,0,0,0,0,0,0,0,0,0,0,0,0,0,0,0,0
3/28/2012 3:10,0,0,0,0,0,0,0,0,0,0,0,0,0,0,0,0,0
3/28/2012 3:20,0,0,0,0,0,0,0,0,0,0,0,0,0,0,0,0,0
3/28/2012 3:30,0,0,0,0,0,0,0,0,0,0,0,0,0,0,0,0,0
3/28/2012 3:40,0,0,0,0,0,0,0,0,0,0,0,0,0,0,0,0,0
3/28/2012 3:50,0,0,0,0,0,0,0,0,0,0,0,0,0,0,0,0,0
3/28/2012 4:00,0,0,0,0,0,0,0,0,0,0,0,0,0,0,0,0,0
3/28/2012 4:10,0,0,0,0,0,0,0,0,0,0,0,0,0,0,0,0,0
3/28/2012 4:20,0,0,0,0,0,0,0,0,0,0,0,0,0,0,0,0,0
3/28/2012 4:30,0,0,0,0,0,0,0,0,0,0,0,0,0,0,0,0,0
3/28/2012 4:40,0,0,0,0,0,0,0,0,0,0,0,0,0,0,0,0,0
3/28/2012 4:50,0,0,0,0,0,0,0,0,0,0,0,0,0,0,0,0,0
3/28/2012 5:00,0,0,0,0,0,0,0,0,0,0,0,0,0,0,0,0,0
3/28/2012 5:10,0,0,0,0,0,0,0,0,0,0,0,0,0,0,0,0,0
3/28/2012 5:20,0,0,0,0,0,0,0,0,0,0,0,0,0,0,0,0,0
3/28/2012 5:30,0.001,0,0,0,0,0,0,0,0,0,0,0,0,0,0,0,0
3/28/2012 5:40,0.002,0,0,0,0,0,0,0,0,0,0,0,0,0,0,0,0
3/28/2012 5:50,0.006,0,0,0,0.485,0.395,0.438333333,0,0.355,0.383333333,0,0.371666667,0,0.345,0.293333333,0.388333333,0
3/28/2012 6:00,0.013,0.170769231,0.2,0.157692308,0.223846154,0.182307692,0.202307692,0,0.163846154,0.353846154,0.154615385,0.171538462,0.287692308,0.159230769,0.270769231,0.179230769,0.276153846
3/28/2012 6:10,0.019,0.116842105,0.136842105,0.107894737,0.153157895,0.249473684,0.276842105,0.108421053,0.224210526,0.363157895,0.105789474,0.234736842,0.196842105,0.217894737,0.185263158,0.245263158,0.188947368
3/28/2012 6:20,0.02,0.111,0.13,0.1025,0.1455,0.237,0.263,0.103,0.213,0.345,0.1005,0.1115,0.187,0.207,0.176,0.233,0.1795
3/28/2012 6:30,0.023,0.096521739,0.113043478,0.089130435,0.126521739,0.206086957,0.228695652,0.089565217,0.185217391,0.3,0.087391304,0.193913043,0.162608696,0.18,0.153043478,0.202608696,0.156086957
3/28/2012 6:40,0.028,0.079285714,0.185714286,0.146428571,0.207857143,0.169285714,0.187857143,0.073571429,0.152142857,0.328571429,0.143571429,0.159285714,0.133571429,0.147857143,0.188571429,0.166428571,0.128214286
3/28/2012 6:50,0.042,0.105714286,0.123809524,0.097619048,0.207857143,0.169285714,0.187857143,0.049047619,0.152142857,0.328571429,0.095714286,0.159285714,0.178095238,0.147857143,0.167619048,0.221904762,0.170952381
3/28/2012 7:00,0.05,0.0888,0.104,0.082,0.1746,0.1422,0.2104,0.0824,0.1704,0.322,0.0804,0.1338,0.1496,0.1242,0.176,0.233,0.1436
3/28/2012 7:10,0.059,0.112881356,0.176271186,0.104237288,0.147966102,0.200847458,0.222881356,0.069830508,0.180508475,0.350847458,0.136271186,0.151186441,0.190169492,0.175423729,0.208813559,0.236949153,0.182542373
3/28/2012 7:20,0.077,0.115324675,0.135064935,0.106493506,0.188961039,0.184675325,0.239090909,0.053506494,0.165974026,0.328571429,0.130519481,0.173766234,0.194285714,0.161298701,0.205714286,0.242077922,0.186493506
3/28/2012 7:30,0.126,0.123333333,0.185714286,0.13015873,0.184761905,0.206904762,0.271349206,0.065396825,0.185952381,0.365079365,0.143571429,0.176984127,0.237460317,0.180714286,0.223492063,0.258888889,0.199444444
3/28/2012 7:40,0.124,0.125322581,0.188709677,0.132258065,0.187741935,0.210241935,0.275725806,0.066451613,0.188951613,0.370967742,0.145887097,0.17983871,0.241290323,0.183629032,0.212903226,0.263064516,0.20266129
3/28/2012 7:50,0.14,0.126857143,0.204285714,0.131785714,0.187071429,0.203142857,0.263,0.058857143,0.182571429,0.361428571,0.143571429,0.191142857,0.240428571,0.192214286,0.213714286,0.266285714,0.205142857
3/28/2012 8:00,0.16,0.124875,0.195,0.128125,0.181875,0.207375,0.263,0.064375,0.186375,0.37375,0.15075,0.1811875,0.23375,0.1940625,0.22,0.262125,0.2019375
3/28/2012 8:10,0.163,0.122576687,0.207361963,0.138343558,0.178527607,0.21809816,0.274294479,0.063190184,0.182944785,0.366871166,0.14797546,0.177852761,0.252392638,0.190490798,0.21595092,0.271595092,0.198220859
3/28/2012 8:20,0.16,0.124875,0.21125,0.128125,0.181875,0.207375,0.263,0.064375,0.186375,0.37375,0.15075,0.1811875,0.257125,0.1940625,0.22,0.2766875,0.2019375
3/28/2012 8:30,0.204,0.130588235,0.203921569,0.130637255,0.185441176,0.209117647,0.270735294,0.060588235,0.187941176,0.372058824,0.147794118,0.185833333,0.238333333,0.192794118,0.215686275,0.25127451,0.211176471
3/28/2012 8:40,0.282,0.125957447,0.184397163,0.130851064,0.185744681,0.210106383,0.261134752,0.058439716,0.188829787,0.375177305,0.149680851,0.189787234,0.251985816,0.168829787,0.230921986,0.190035461,0.21641844
3/28/2012 8:50,0.364,0.128076923,0.178571429,0.129532967,0.191868132,0.208351648,0.26010989,0.062252747,0.187252747,0.366483516,0.143571429,0.183791209,0.256868132,0.159230769,0.222417582,0.17282967,0.216978022
3/28/2012 9:00,0.405,0.126074074,0.18617284,0.131604938,0.186814815,0.216518519,0.259753086,0.061037037,0.184074074,0.369135802,0.143925926,0.181703704,0.258567901,0.158444444,0.225975309,0.172592593,0.212740741
3/28/2012 9:10,0.505,0.123089109,0.19049505,0.12990099,0.178633663,0.215881188,0.26039604,0.061188119,0.185584158,0.368910891,0.147267327,0.181049505,0.25180198,0.163960396,0.226534653,0.175326733,0.213267327
3/28/2012 9:20,0.506,0.12284585,0.190118577,0.129644269,0.172529644,0.215454545,0.259881423,0.061067194,0.185217391,0.372727273,0.146976285,0.1806917,0.251304348,0.167727273,0.222608696,0.17958498,0.205750988
3/28/2012 9:30,0.489,0.122576687,0.191411043,0.1299591,0.166625767,0.213251534,0.258159509,0.063190184,0.182944785,0.371574642,0.14797546,0.182413088,0.252392638,0.173558282,0.223149284,0.176298569,0.205562372
3/28/2012 9:40,0.542,0.122878229,0.191881919,0.128597786,0.166439114,0.209889299,0.26202952,0.060811808,0.184704797,0.373431734,0.144630996,0.18103321,0.255313653,0.171863469,0.220811808,0.176254613,0.198708487
3/28/2012 9:50,0.578,0.122906574,0.197923875,0.131228374,0.166141869,0.209117647,0.263910035,0.064152249,0.184256055,0.370069204,0.146055363,0.177474048,0.258823529,0.179065744,0.216193772,0.185432526,0.198754325
3/28/2012 10:00,0.523,0.127342256,0.198852772,0.133269598,0.166921606,0.208451243,0.266520076,0.063021033,0.183269598,0.369407266,0.146042065,0.179082218,0.257437859,0.178107075,0.212007648,0.191567878,0.192198853
3/28/2012 10:10,0.654,0.12559633,0.206727829,0.134785933,0.164633028,0.210183486,0.269434251,0.062996942,0.185642202,0.379816514,0.15059633,0.180718654,0.263058104,0.186743119,0.217981651,0.195948012,0.197614679
3/28/2012 10:20,0.627,0.123923445,0.203189793,0.134051037,0.162440191,0.211674641,0.268452951,0.062424242,0.186842105,0.381499203,0.150669856,0.18138756,0.26245614,0.184880383,0.216140351,0.196953748,0.200398724
3/28/2012 10:30,0.594,0.123333333,0.205723906,0.13459596,0.161666667,0.207474747,0.270084175,0.062424242,0.186464646,0.383333333,0.148888889,0.18020202,0.264444444,0.188181818,0.216296296,0.196127946,0.199444444
3/28/2012 10:40,0.561,0.126631016,0.20855615,0.135204991,0.160802139,0.207005348,0.271907308,0.066096257,0.186042781,0.385383244,0.150481283,0.18285205,0.266666667,0.188181818,0.216470588,0.199358289,0.198377897
3/28/2012 10:50,0.571,0.128301226,0.223117338,0.13642732,0.157985989,0.207530648,0.276357268,0.064938704,0.186514886,0.382661996,0.147845884,0.183555166,0.26854641,0.188511384,0.21267951,0.1958669,0.194903678
3/28/2012 11:00,0.627,0.127464115,0.232216906,0.137320574,0.153157895,0.211674641,0.276842105,0.065709729,0.186842105,0.388835726,0.150669856,0.184944179,0.268421053,0.194784689,0.216140351,0.196953748,0.200398724
3/28/2012 11:10,0.614,0.126547231,0.241368078,0.140228013,0.156400651,0.212296417,0.278420195,0.067100977,0.18732899,0.393322476,0.153859935,0.185228013,0.268013029,0.195537459,0.214983713,0.201123779,0.198794788
3/28/2012 11:20,0.628,0.130796178,0.248407643,0.140366242,0.157547771,0.215111465,0.28477707,0.065605096,0.189936306,0.399203822,0.153630573,0.188200637,0.273949045,0.197770701,0.215796178,0.20406051,0.200079618
3/28/2012 11:30,0.641,0.131606864,0.255538222,0.140717629,0.158892356,0.214446178,0.287207488,0.0674883,0.189407176,0.398283931,0.156786271,0.187862715,0.280062402,0.200218409,0.216911076,0.207191888,0.201622465
3/28/2012 11:40,0.65,0.1332,0.26,0.141923077,0.161169231,0.215123077,0.287276923,0.066553846,0.190061538,0.399846154,0.157707692,0.188692308,0.287692308,0.200630769,0.216615385,0.211492308,0.204353846
3/28/2012 11:50,0.65,0.1332,0.26,0.141923077,0.161169231,0.215123077,0.291323077,0.066553846,0.190061538,0.403384615,0.157707692,0.188692308,0.287692308,0.203815385,0.216615385,0.215076923,0.204353846
3/28/2012 12:00,0.641,0.131606864,0.263650546,0.143915757,0.163432137,0.218143526,0.291310452,0.0674883,0.192730109,0.405460218,0.159921997,0.191341654,0.291731669,0.206677067,0.219656786,0.218096724,0.201622465
3/28/2012 12:10,0.64,0.13528125,0.268125,0.144140625,0.1636875,0.2221875,0.291765625,0.0708125,0.19303125,0.40609375,0.160171875,0.195125,0.29803125,0.207,0.22275,0.222078125,0.207546875
3/28/2012 12:20,0.622,0.13562701,0.27170418,0.145016077,0.168424437,0.224807074,0.291752412,0.069549839,0.191768489,0.406752412,0.161575563,0.193601286,0.294630225,0.209662379,0.223536977,0.228504823,0.202009646
3/28/2012 12:30,0.613,0.133996737,0.275693312,0.143800979,0.166150082,0.228107667,0.296035889,0.070570962,0.194584013,0.405220228,0.163947798,0.196443719,0.298955954,0.209363785,0.223947798,0.231859706,0.20497553
3/28/2012 12:40,0.621,0.135845411,0.276328502,0.145249597,0.173381643,0.228985507,0.296457327,0.069661836,0.195507246,0.407407407,0.165072464,0.197504026,0.301127214,0.213333333,0.226731079,0.236376812,0.202334944
3/28/2012 12:50,0.623,0.13540931,0.279614767,0.144783307,0.17282504,0.232054575,0.291284109,0.072744783,0.194879615,0.406099518,0.164542536,0.196869984,0.300160514,0.212648475,0.22600321,0.239357945,0.201685393
3/28/2012 13:00,0.609,0.138522167,0.277504105,0.144745484,0.172019704,0.233497537,0.254794745,0.071034483,0.195862069,0.407881773,0.165024631,0.19773399,0.30091954,0.214137931,0.228308703,0.244860427,0.200426929
3/28/2012 13:10,0.602,0.136445183,0.280730897,0.146428571,0.178853821,0.236212625,0.222807309,0.071860465,0.194601329,0.408803987,0.166943522,0.200033223,0.304418605,0.216627907,0.230963455,0.251578073,0.202757475
3/28/2012 13:20,0.602,0.14013289,0.280730897,0.146428571,0.178853821,0.236212625,0.253388704,0.075282392,0.194601329,0.408803987,0.170282392,0.203737542,0.310631229,0.216627907,0.230963455,0.255448505,0.202757475
3/28/2012 13:30,0.583,0.140891938,0.276500858,0.144168096,0.179691252,0.239845626,0.279691252,0.074202401,0.193636364,0.410291595,0.168936535,0.202727273,0.307924528,0.220137221,0.23245283,0.263773585,0.197049743
3/28/2012 13:40,0.566,0.141201413,0.275618375,0.144876325,0.185088339,0.242862191,0.236978799,0.076431095,0.195689046,0.410424028,0.170459364,0.204876325,0.310565371,0.219434629,0.236325088,0.267579505,0.202968198
3/28/2012 13:50,0.56,0.142714286,0.269285714,0.142767857,0.187071429,0.245464286,0.187857143,0.073571429,0.193982143,0.410714286,0.172285714,0.207071429,0.313892857,0.221785714,0.238857143,0.274607143,0.198732143
3/28/2012 14:00,0.545,0.142568807,0.267155963,0.14293578,0.186880734,0.24787156,0.183376147,0.07559633,0.195412844,0.409357798,0.17333945,0.208678899,0.315669725,0.220293578,0.242201835,0.286440367,0.197614679
3/28/2012 14:10,0.526,0.143498099,0.266920152,0.144201521,0.193631179,0.247813688,0.215,0.078326996,0.194372624,0.411026616,0.171958175,0.207737643,0.319961977,0.224315589,0.244258555,0.292357414,0.197927757
3/28/2012 14:20,0.505,0.145069307,0.262574257,0.142079208,0.195920792,0.253425743,0.26039604,0.07750495,0.194019802,0.414455446,0.175128713,0.211960396,0.325861386,0.225445545,0.247445545,0.29990099,0.199049505
3/28/2012 14:30,0.484,0.14677686,0.25785124,0.144008264,0.204421488,0.254628099,0.277128099,0.07661157,0.193636364,0.413429752,0.174421488,0.211942149,0.324545455,0.226673554,0.250909091,0.308099174,0.19285124
3/28/2012 14:40,0.454,0.146696035,0.251982379,0.144493392,0.205110132,0.255792952,0.283854626,0.077136564,0.197048458,0.415418502,0.177092511,0.216123348,0.329515419,0.227973568,0.251982379,0.318193833,0.197687225
3/28/2012 14:50,0.442,0.145656109,0.247058824,0.143778281,0.210678733,0.257375566,0.297511312,0.079230769,0.197579186,0.416289593,0.177352941,0.216945701,0.33,0.229479638,0.254841629,0.326832579,0.194932127
3/28/2012 15:00,0.421,0.147648456,0.247030879,0.14608076,0.214275534,0.264584323,0.299857482,0.078289786,0.197315914,0.420665083,0.176650831,0.217173397,0.337577197,0.231092637,0.259192399,0.33760095,0.196128266
3/28/2012 15:10,0.401,0.149476309,0.24638404,0.143142145,0.217705736,0.2659601,0.301695761,0.082194514,0.196533666,0.418703242,0.180448878,0.216882793,0.345087282,0.232294264,0.263341646,0.348628429,0.196957606
3/28/2012 15:20,0.385,0.149922078,0.243116883,0.143766234,0.219194805,0.264701299,0.300571429,0.08025974,0.199168831,0.424155844,0.177506494,0.220103896,0.34,0.231194805,0.269714286,0.363116883,0.195818182
3/28/2012 15:30,0.351,0.151794872,0.237037037,0.146011396,0.223846154,0.27008547,0.307207977,0.082165242,0.20025641,0.425925926,0.183247863,0.222364672,0.351623932,0.235897436,0.275783476,0.378376068,0.194330484
3/28/2012 15:40,0.328,0.155670732,0.237804878,0.15,0.204054878,0.274573171,0.304695122,0.081646341,0.201310976,0.434756098,0.183841463,0.224359756,0.35347561,0.239817073,0.27902439,0.39070122,0.186067073
3/28/2012 15:50,0.313,0.156038339,0.232587859,0.150638978,0.12086262,0.272587859,0.302492013,0.078977636,0.204153355,0.433546326,0.179808307,0.22798722,0.358466454,0.238083067,0.286773163,0.401980831,0.194984026
3/28/2012 16:00,0.286,0.163006993,0.236363636,0.150524476,0.193321678,0.281748252,0.303461538,0.079230769,0.201083916,0.442307692,0.182727273,0.233916084,0.366153846,0.246083916,0.289230769,0.41548951,0.188286713
3/28/2012 16:10,0.272,0.163235294,0.238970588,0.158272059,0.181875,0.278823529,0.309411765,0.083308824,0.203602941,0.439705882,0.177352941,0.237757353,0.3575,0.243529412,0.297647059,0.428308824,0.197977941
3/28/2012 16:20,0.237,0.168607595,0.241350211,0.155696203,0.196455696,0.28,0.3107173,0.086919831,0.206708861,0.446413502,0.178101266,0.24464135,0.378734177,0.253291139,0.304472574,0.452236287,0.181772152
3/28/2012 16:30,0.201,0.165671642,0.245771144,0.16318408,0.144776119,0.282985075,0.314029851,0.08199005,0.211940299,0.457711443,0.18,0.244079602,0.390746269,0.257462687,0.315223881,0.486865672,0.178606965
3/28/2012 16:40,0.183,0.169836066,0.241530055,0.168032787,0.159016393,0.284918033,0.172459016,0.067540984,0.209508197,0.452459016,0.186721311,0.255901639,0.388306011,0.260163934,0.326994536,0.509289617,0.176557377
3/28/2012 16:50,0.157,0.169681529,0.248407643,0.182802548,0.240955414,0.286815287,0.083757962,0.039363057,0.203503185,0.468789809,0.192038217,0.25566879,0.404968153,0.263694268,0.336305732,0.534267516,0.160063694
3/28/2012 17:00,0.112,0.178392857,0.232142857,0.183035714,0.259821429,0.29625,0.093928571,0.036785714,0.209196429,0.472321429,0.197410714,0.258839286,0.400714286,0.277232143,0.345714286,0.561696429,0.160267857
3/28/2012 17:10,0.079,0.196708861,0.296202532,0.233544304,0.257848101,0.36,0.133164557,0.052151899,0.242658228,0.582278481,0.25443038,0.338734177,0.520759494,0.340632911,0.423291139,0.530886076,0.181772152
3/28/2012 17:20,0.044,0.252272727,0.472727273,0.372727273,0.198409091,0.538636364,0.239090909,0.046818182,0.387272727,0.940909091,0.365454545,0.506818182,0.765,0.5175,0.68,0.423636364,0.326363636
3/28/2012 17:30,0.037,0.12,0.351351351,0.332432432,0.235945946,0.512432432,0.213243243,0.055675676,0.345405405,0.87027027,0.325945946,0.482162162,0.707567568,0.503513514,0.618378378,0.377837838,0.291081081
3/28/2012 17:40,0.03,0.148,0.26,0.205,0.194,0.395,0.263,0.068666667,0.213,0.536666667,0.201,0.297333333,0.498666667,0.345,0.469333333,0.388333333,0.239333333
3/28/2012 17:50,0.023,0.096521739,0.226086957,0.17826087,0.253043478,0.206086957,0.228695652,0.089565217,0.185217391,0.4,0.174782609,0.193913043,0.325217391,0.18,0.229565217,0.303913043,0.156086957
3/28/2012 18:00,0.016,0.13875,0.1625,0.128125,0.181875,0.29625,0.164375,0.12875,0.133125,0.2875,0.125625,0.139375,0.23375,0.25875,0.22,0.29125,0.224375
3/28/2012 18:10,0.01,0.222,0.26,0.205,0.291,0.237,0.263,0,0.213,0.46,0.201,0.223,0.374,0.207,0.176,0.466,0.359
3/28/2012 18:20,0.004,0,0,0,0,0,0,0,0,0.575,0,0,0,0,0.44,0.5825,0
3/28/2012 18:30,0.001,0,0,0,0,0,0,0,0,0,0,0,0,0,0,0,0
3/28/2012 18:40,0,0,0,0,0,0,0,0,0,0,0,0,0,0,0,0,0
3/28/2012 18:50,0,0,0,0,0,0,0,0,0,0,0,0,0,0,0,0,0
3/28/2012 19:00,0,0,0,0,0,0,0,0,0,0,0,0,0,0,0,0,0
3/28/2012 19:10,0,0,0,0,0,0,0,0,0,0,0,0,0,0,0,0,0
3/28/2012 19:20,0,0,0,0,0,0,0,0,0,0,0,0,0,0,0,0,0
3/28/2012 19:30,0,0,0,0,0,0,0,0,0,0,0,0,0,0,0,0,0
3/28/2012 19:40,0,0,0,0,0,0,0,0,0,0,0,0,0,0,0,0,0
3/28/2012 19:50,0,0,0,0,0,0,0,0,0,0,0,0,0,0,0,0,0
3/28/2012 20:00,0,0,0,0,0,0,0,0,0,0,0,0,0,0,0,0,0
3/28/2012 20:10,0,0,0,0,0,0,0,0,0,0,0,0,0,0,0,0,0
3/28/2012 20:20,0,0,0,0,0,0,0,0,0,0,0,0,0,0,0,0,0
3/28/2012 20:30,0,0,0,0,0,0,0,0,0,0,0,0,0,0,0,0,0
3/28/2012 20:40,0,0,0,0,0,0,0,0,0,0,0,0,0,0,0,0,0
3/28/2012 20:50,0,0,0,0,0,0,0,0,0,0,0,0,0,0,0,0,0
3/28/2012 21:00,0,0,0,0,0,0,0,0,0,0,0,0,0,0,0,0,0
3/28/2012 21:10,0,0,0,0,0,0,0,0,0,0,0,0,0,0,0,0,0
3/28/2012 21:20,0,0,0,0,0,0,0,0,0,0,0,0,0,0,0,0,0
3/28/2012 21:30,0,0,0,0,0,0,0,0,0,0,0,0,0,0,0,0,0
3/28/2012 21:40,0,0,0,0,0,0,0,0,0,0,0,0,0,0,0,0,0
3/28/2012 21:50,0,0,0,0,0,0,0,0,0,0,0,0,0,0,0,0,0
3/28/2012 22:00,0,0,0,0,0,0,0,0,0,0,0,0,0,0,0,0,0
3/28/2012 22:10,0,0,0,0,0,0,0,0,0,0,0,0,0,0,0,0,0
3/28/2012 22:20,0,0,0,0,0,0,0,0,0,0,0,0,0,0,0,0,0
3/28/2012 22:30,0,0,0,0,0,0,0,0,0,0,0,0,0,0,0,0,0
3/28/2012 22:40,0,0,0,0,0,0,0,0,0,0,0,0,0,0,0,0,0
3/28/2012 22:50,0,0,0,0,0,0,0,0,0,0,0,0,0,0,0,0,0
3/28/2012 23:00,0,0,0,0,0,0,0,0,0,0,0,0,0,0,0,0,0
3/28/2012 23:10,0,0,0,0,0,0,0,0,0,0,0,0,0,0,0,0,0
3/28/2012 23:20,0,0,0,0,0,0,0,0,0,0,0,0,0,0,0,0,0
3/28/2012 23:30,0,0,0,0,0,0,0,0,0,0,0,0,0,0,0,0,0
3/28/2012 23:40,0,0,0,0,0,0,0,0,0,0,0,0,0,0,0,0,0
3/28/2012 23:50,0,0,0,0,0,0,0,0,0,0,0,0,0,0,0,0,0
3/29/2012 0:00,0,0,0,0,0,0,0,0,0,0,0,0,0,0,0,0,0
3/29/2012 0:10,0,0,0,0,0,0,0,0,0,0,0,0,0,0,0,0,0
3/29/2012 0:20,0,0,0,0,0,0,0,0,0,0,0,0,0,0,0,0,0
3/29/2012 0:30,0,0,0,0,0,0,0,0,0,0,0,0,0,0,0,0,0
3/29/2012 0:40,0,0,0,0,0,0,0,0,0,0,0,0,0,0,0,0,0
3/29/2012 0:50,0,0,0,0,0,0,0,0,0,0,0,0,0,0,0,0,0
3/29/2012 1:00,0,0,0,0,0,0,0,0,0,0,0,0,0,0,0,0,0
3/29/2012 1:10,0,0,0,0,0,0,0,0,0,0,0,0,0,0,0,0,0
3/29/2012 1:20,0,0,0,0,0,0,0,0,0,0,0,0,0,0,0,0,0
3/29/2012 1:30,0,0,0,0,0,0,0,0,0,0,0,0,0,0,0,0,0
3/29/2012 1:40,0,0,0,0,0,0,0,0,0,0,0,0,0,0,0,0,0
3/29/2012 1:50,0,0,0,0,0,0,0,0,0,0,0,0,0,0,0,0,0
3/29/2012 2:00,0,0,0,0,0,0,0,0,0,0,0,0,0,0,0,0,0
3/29/2012 2:10,0,0,0,0,0,0,0,0,0,0,0,0,0,0,0,0,0
3/29/2012 2:20,0,0,0,0,0,0,0,0,0,0,0,0,0,0,0,0,0
3/29/2012 2:30,0,0,0,0,0,0,0,0,0,0,0,0,0,0,0,0,0
3/29/2012 2:40,0,0,0,0,0,0,0,0,0,0,0,0,0,0,0,0,0
3/29/2012 2:50,0,0,0,0,0,0,0,0,0,0,0,0,0,0,0,0,0
3/29/2012 3:00,0,0,0,0,0,0,0,0,0,0,0,0,0,0,0,0,0
3/29/2012 3:10,0,0,0,0,0,0,0,0,0,0,0,0,0,0,0,0,0
3/29/2012 3:20,0,0,0,0,0,0,0,0,0,0,0,0,0,0,0,0,0
3/29/2012 3:30,0,0,0,0,0,0,0,0,0,0,0,0,0,0,0,0,0
3/29/2012 3:40,0,0,0,0,0,0,0,0,0,0,0,0,0,0,0,0,0
3/29/2012 3:50,0,0,0,0,0,0,0,0,0,0,0,0,0,0,0,0,0
3/29/2012 4:00,0,0,0,0,0,0,0,0,0,0,0,0,0,0,0,0,0
3/29/2012 4:10,0,0,0,0,0,0,0,0,0,0,0,0,0,0,0,0,0
3/29/2012 4:20,0,0,0,0,0,0,0,0,0,0,0,0,0,0,0,0,0
3/29/2012 4:30,0,0,0,0,0,0,0,0,0,0,0,0,0,0,0,0,0
3/29/2012 4:40,0,0,0,0,0,0,0,0,0,0,0,0,0,0,0,0,0
3/29/2012 4:50,0,0,0,0,0,0,0,0,0,0,0,0,0,0,0,0,0
3/29/2012 5:00,0,0,0,0,0,0,0,0,0,0,0,0,0,0,0,0,0
3/29/2012 5:10,0,0,0,0,0,0,0,0,0,0,0,0,0,0,0,0,0
3/29/2012 5:20,0,0,0,0,0,0,0,0,0,0,0,0,0,0,0,0,0
3/29/2012 5:30,0,0,0,0,0,0,0,0,0,0,0,0,0,0,0,0,0
3/29/2012 5:40,0.002,0,0,0,0,0,0,0,0,0,0,0,0,0,0,0,0
3/29/2012 5:50,0.005,0,0,0,0,0,0,0,0,0.46,0,0,0,0,0.352,0.466,0
3/29/2012 6:00,0.011,0.201818182,0.236363636,0.186363636,0.264545455,0.215454545,0.239090909,0,0.193636364,0.418181818,0.182727273,0.202727273,0.34,0.188181818,0.16,0.211818182,0.326363636
3/29/2012 6:10,0.018,0.123333333,0.144444444,0.113888889,0.161666667,0.263333333,0.292222222,0.114444444,0.236666667,0.255555556,0.111666667,0.247777778,0.207777778,0.23,0.195555556,0.258888889,0.199444444
3/29/2012 6:20,0.026,0.085384615,0.2,0.157692308,0.223846154,0.182307692,0.202307692,0.079230769,0.163846154,0.353846154,0.154615385,0.171538462,0.287692308,0.159230769,0.203076923,0.268846154,0.276153846
3/29/2012 6:30,0.043,0.103255814,0.181395349,0.143023256,0.203023256,0.220465116,0.244651163,0.047906977,0.198139535,0.374418605,0.140232558,0.155581395,0.260930233,0.19255814,0.204651163,0.270930233,0.166976744
3/29/2012 6:40,0.056,0.118928571,0.185714286,0.109821429,0.207857143,0.211607143,0.281785714,0.073571429,0.190178571,0.328571429,0.143571429,0.199107143,0.200357143,0.184821429,0.22,0.249642857,0.192321429
3/29/2012 6:50,0.067,0.132537313,0.194029851,0.12238806,0.217164179,0.212238806,0.274776119,0.061492537,0.190746269,0.343283582,0.15,0.199701493,0.223283582,0.185373134,0.210149254,0.278208955,0.214328358
3/29/2012 7:00,0.081,0.137037037,0.160493827,0.12654321,0.215555556,0.204814815,0.259753086,0.050864198,0.184074074,0.369135802,0.148888889,0.192716049,0.230864198,0.178888889,0.217283951,0.287654321,0.221604938
3/29/2012 7:10,0.119,0.130588235,0.152941176,0.120588235,0.220084034,0.199159664,0.287310924,0.069243697,0.196890756,0.328571429,0.13512605,0.187394958,0.251428571,0.17394958,0.221848739,0.274117647,0.241344538
3/29/2012 7:20,0.123,0.126341463,0.169105691,0.133333333,0.189268293,0.21195122,0.27796748,0.06699187,0.190487805,0.355284553,0.147073171,0.181300813,0.243252033,0.185121951,0.214634146,0.265203252,0.233495935
3/29/2012 7:30,0.167,0.132934132,0.155688623,0.122754491,0.209101796,0.184491018,0.267724551,0.061676647,0.191317365,0.316766467,0.120359281,0.186946108,0.246347305,0.173532934,0.221317365,0.251137725,0.236467066
3/29/2012 7:40,0.292,0.136849315,0.106849315,0.119349315,0.229212329,0.178561644,0.26119863,0.063493151,0.204246575,0.315068493,0.096369863,0.198561644,0.268972603,0.163047945,0.229041096,0.223424658,0.245890411
3/29/2012 7:50,0.308,0.12974026,0.151948052,0.126461039,0.207857143,0.19237013,0.273246753,0.060194805,0.200551948,0.328571429,0.123993506,0.195487013,0.255,0.17474026,0.234285714,0.226948052,0.233116883
3/29/2012 8:00,0.253,0.131620553,0.164426877,0.137747036,0.207035573,0.206086957,0.27027668,0.06513834,0.193636364,0.345454545,0.127114625,0.193913043,0.251304348,0.171818182,0.229565217,0.230237154,0.227035573
3/29/2012 8:10,0.237,0.131139241,0.175527426,0.138396624,0.208734177,0.22,0.266329114,0.060843882,0.197721519,0.35907173,0.144177215,0.197594937,0.252489451,0.174683544,0.23021097,0.235949367,0.22721519
3/29/2012 8:20,0.284,0.132887324,0.183098592,0.137147887,0.204929577,0.216971831,0.268556338,0.06528169,0.195,0.372535211,0.148626761,0.196302817,0.263380282,0.174929577,0.229295775,0.237922535,0.227535211
3/29/2012 8:30,0.375,0.13024,0.1872,0.136666667,0.20176,0.2212,0.27352,0.060426667,0.19312,0.374133333,0.15008,0.19624,0.259306667,0.17664,0.229973333,0.22368,0.22976
3/29/2012 8:40,0.227,0.127136564,0.183259912,0.135462555,0.192290749,0.219251101,0.266475771,0.063524229,0.187665198,0.374889868,0.150528634,0.186651982,0.247136564,0.182378855,0.224845815,0.246343612,0.221409692
3/29/2012 8:50,0.387,0.12620155,0.188113695,0.132428941,0.195503876,0.226589147,0.26503876,0.063875969,0.192635659,0.374418605,0.150620155,0.190155039,0.260930233,0.171162791,0.231937984,0.210723514,0.222635659
3/29/2012 9:00,0.521,0.127831094,0.189635317,0.13378119,0.195489443,0.222898273,0.267543186,0.063262956,0.192149712,0.375239923,0.150460653,0.192610365,0.258426104,0.178790787,0.229712092,0.214664107,0.22049904
3/29/2012 9:10,0.266,0.133533835,0.205263158,0.138721805,0.196917293,0.222744361,0.276842105,0.061954887,0.192180451,0.380451128,0.15112782,0.192819549,0.253082707,0.194548872,0.224962406,0.262781955,0.21593985
3/29/2012 9:20,0.207,0.128695652,0.21352657,0.138647343,0.196811594,0.228985507,0.279516908,0.069661836,0.195507246,0.377777778,0.155362319,0.193913043,0.25294686,0.2,0.221062802,0.281400966,0.208115942
3/29/2012 9:30,0.175,0.126857143,0.208,0.140571429,0.199542857,0.230228571,0.270514286,0.058857143,0.194742857,0.381142857,0.149314286,0.191142857,0.256457143,0.201085714,0.221257143,0.292914286,0.205142857
3/29/2012 9:40,0.231,0.124935065,0.213852814,0.141991342,0.188961039,0.225714286,0.273246753,0.062424242,0.193636364,0.378354978,0.156623377,0.193073593,0.259047619,0.197142857,0.228571429,0.282424242,0.217575758
3/29/2012 9:50,0.228,0.126578947,0.216666667,0.134868421,0.191447368,0.228684211,0.276842105,0.063245614,0.196184211,0.373245614,0.158684211,0.195614035,0.26245614,0.199736842,0.223859649,0.286140351,0.220438596
3/29/2012 10:00,0.229,0.126026201,0.204366812,0.134279476,0.190611354,0.22768559,0.275633188,0.062969432,0.195327511,0.371615721,0.149213974,0.194759825,0.244978166,0.198864629,0.222882096,0.28489083,0.219475983
3/29/2012 10:10,0.424,0.125660377,0.208490566,0.140212264,0.185306604,0.223584906,0.272924528,0.063160377,0.190896226,0.379716981,0.151698113,0.189339623,0.255801887,0.195283019,0.224150943,0.252783019,0.211674528
3/29/2012 10:20,0.336,0.125535714,0.208928571,0.140327381,0.190535714,0.225714286,0.273958333,0.067440476,0.190178571,0.383333333,0.155535714,0.192470238,0.256011905,0.197142857,0.225238095,0.270446429,0.213690476
3/29/2012 10:30,0.425,0.130588235,0.214117647,0.139882353,0.184870588,0.223058824,0.278470588,0.067858824,0.190447059,0.384235294,0.156070588,0.188894118,0.264,0.199694118,0.223623529,0.257670588,0.211176471
3/29/2012 10:40,0.479,0.129770355,0.217118998,0.136951983,0.182254697,0.222651357,0.280020877,0.064509395,0.191210856,0.384133612,0.15526096,0.190876827,0.265469729,0.198789144,0.224133612,0.252943633,0.209853862
3/29/2012 10:50,0.455,0.131736264,0.217142857,0.13967033,0.179076923,0.223978022,0.277450549,0.067912088,0.191934066,0.384175824,0.154615385,0.191142857,0.271252747,0.200175824,0.224351648,0.245802198,0.205142857
3/29/2012 11:00,0.597,0.130150754,0.226465662,0.14078727,0.170603015,0.222311558,0.281943049,0.065561139,0.189095477,0.389112228,0.154874372,0.190502513,0.275644891,0.197638191,0.221105528,0.226365159,0.204455611
3/29/2012 11:10,0.679,0.13078056,0.237407953,0.141899853,0.167142857,0.219896907,0.28275405,0.066745214,0.191354934,0.392930781,0.153932253,0.190486009,0.269896907,0.198159057,0.220324006,0.219617084,0.206200295
3/29/2012 11:20,0.67,0.129223881,0.240597015,0.140746269,0.165044776,0.229925373,0.278701493,0.061492537,0.190746269,0.391343284,0.156,0.193044776,0.256776119,0.207,0.220656716,0.253865672,0.20361194
3/29/2012 11:30,0.646,0.130588235,0.225386997,0.142801858,0.171176471,0.231130031,0.28498452,0.066965944,0.187941176,0.395201238,0.158684211,0.193312693,0.254736842,0.198668731,0.220681115,0.259690402,0.205619195
