8/15/2011 0:00,0,0,0,0,0,0,0,0,0,0,73.59,0,0,0,0,0
8/15/2011 0:10,0,0,0,0,0,0,0,0,0,0,73.59,0,0,0,0,0
8/15/2011 0:20,0,0,0,0,0,0,0,0,0,0,73.59,0,0,0,0,0
8/15/2011 0:30,0,0,0,0,0,0,0,0,0,0,73.59,0,0,0,0,0
8/15/2011 0:40,0,0,0,0,0,0,0,0,0,0,73.59,0,0,0,0,0
8/15/2011 0:50,0,0,0,0,0,0,0,0,0,0,59.095,0,0,0,0,0
8/15/2011 1:00,0,0,0,0,0,0,0,0,0,0,14.495,0,0,0,0,0
8/15/2011 1:10,0,0,0,0,0,0,0,0,0,0,0,0,0,0,0,0
8/15/2011 1:20,0,0,0,0,0,0,0,0,0,0,0,0,0,0,0,0
8/15/2011 1:30,0,0,0,0,0,0,0,0,0,0,0,0,0,0,0,0
8/15/2011 1:40,0,0,0,0,0,0,0,0,0,0,0,0,0,0,0,0
8/15/2011 1:50,0,0,0,0,0,0,0,0,0,0,0,0,0,0,0,0
8/15/2011 2:00,0,0,0,0,0,0,0,0,0,0,0,0,0,0,0,0
8/15/2011 2:10,0,0,0,0,0,0,0,0,0,0,0,0,0,0,0,0
8/15/2011 2:20,0,0,0,0,0,0,0,0,0,0,0,0,0,0,0,0
8/15/2011 2:30,0,0,0,0,0,0,0,0,0,0,0,0,0,0,0,0
8/15/2011 2:40,0,0,0,0,0,0,0,0,0,0,0,0,0,0,0,0
8/15/2011 2:50,0,0,0,0,0,0,0,0,0,0,0,0,0,0,0,0
8/15/2011 3:00,0,0,0,0,0,0,0,0,0,0,0,0,0,0,0,0
8/15/2011 3:10,0,0,0,0,0,0,0,0,0,0,0,0,0,0,0,0
8/15/2011 3:20,0,0,0,0,0,0,0,0,0,0,0,0,0,0,0,0
8/15/2011 3:30,0,0,0,0,0,0,0,0,0,0,0,0,0,0,0,0
8/15/2011 3:40,0,0,0,0,0,0,0,0,0,0,0,0,0,0,0,0
8/15/2011 3:50,0,0,0,0,0,0,0,0,0,0,0,0,0,0,0,0
8/15/2011 4:00,0,0,0,0,0,0,0,0,0,0,0,0,0,0,0,0
8/15/2011 4:10,0,0,0,0,0,0,0,0,0,0,0,0,0,0,0,0
8/15/2011 4:20,0,0,0,0,0,0,0,0,0,0,0,0,0,0,0,0
8/15/2011 4:30,0,0,0,0,0,0,0,0,0,0,30.105,0,0,0,0,0
8/15/2011 4:40,0,0,1.025,1.455,1.185,1.315,0,1.065,1.15,1.005,133.8,0,1.035,0.88,1.165,1.795
8/15/2011 4:50,1.11,1.3,1.025,2.91,2.37,2.63,0,1.065,2.3,1.005,370.18,1.87,2.07,1.76,1.165,3.59
8/15/2011 5:00,1.11,2.6,3.075,7.275,4.74,6.575,1.03,3.195,5.75,3.015,666.77,3.74,3.105,3.52,3.495,7.18
8/15/2011 5:10,2.22,3.9,4.1,10.185,5.925,7.89,1.03,4.26,6.9,4.02,918.76,5.61,4.14,4.4,4.66,8.975
8/15/2011 5:20,3.33,5.2,5.125,13.095,8.295,11.835,1.03,6.39,10.35,5.025,1258.835,7.48,6.21,6.16,5.825,12.565
8/15/2011 5:30,4.44,6.5,6.15,18.915,10.665,14.465,1.03,7.455,12.65,6.03,1525.32,9.35,7.245,7.04,6.99,16.155
8/15/2011 5:40,2.22,2.6,3.5875,9.4575,5.925,8.5475,0.515,3.7275,7.475,3.015,940.5025,4.675,3.6225,7.04,3.495,8.975
8/15/2011 5:50,0.888,0.78,1.025,2.91,2.37,3.156,0.206,1.278,2.76,1.005,381.999,1.496,1.242,3.168,1.398,3.59
8/15/2011 6:00,0.261176471,0.305882353,0.361764706,1.369411765,0.975882353,1.392352941,0.121176471,0.626470588,1.623529412,0.354705882,130.6517647,0.66,0.487058824,0.828235294,0.548235294,1.689411765
8/15/2011 6:10,0.193043478,0.339130435,0.356521739,1.644782609,0.927391304,1.257826087,0.089565217,0.463043478,2.3,0.349565217,104.3252174,0.487826087,0.45,0.612173913,0.405217391,2.029130435
8/15/2011 6:20,0.2775,0.24375,0.3203125,1.09125,1.036875,1.9725,0.12875,0.399375,1.509375,0.25125,130.5246875,0.584375,0.3234375,0.44,0.3640625,1.121875
8/15/2011 6:30,0.398461538,0.266666667,0.262820513,1.193846154,0.911538462,3.574102564,0.264102564,0.382307692,0.884615385,0.257692308,153.4125641,0.575384615,0.318461538,0.631794872,0.896153846,1.933076923
8/15/2011 6:40,0.3885,0.26,0.3075,2.619,1.12575,4.0765,0.412,0.79875,2.0125,0.25125,295.475,0.561,0.46575,1.144,1.45625,4.308
8/15/2011 6:50,0.697714286,0.371428571,0.527142857,5.321142857,1.083428571,4.884285714,0.529714286,2.434285714,2.76,0.344571429,482.3808571,0.961714286,0.532285714,2.363428571,2.130285714,4.923428571
8/15/2011 7:00,1.436470588,0.611764706,0.542647059,5.734411765,2.300294118,5.26,0.666470588,2.881764706,4.667647059,0.413823529,567.3382353,1.76,1.522058824,2.691764706,2.467058824,6.229705882
8/15/2011 7:10,0.874545455,0.354545455,0.279545455,3.174545455,2.010909091,2.908939394,0.436969697,1.613636364,2.613636364,0.304545455,316.930303,1.813333333,1.066363636,1.493333333,1.412121212,3.535606061
8/15/2011 7:20,0.506929134,0.42992126,0.451968504,1.764330709,1.306299213,1.594566929,0.243307087,0.905669291,1.48503937,0.18992126,178.5755906,1.207401575,0.766062992,0.831496063,0.788897638,1.950472441
8/15/2011 7:30,0.449803922,0.373856209,0.629738562,1.559607843,1.177254902,1.392352941,0.215424837,0.80745098,1.322875817,0.262745098,159.4522876,1.075555556,0.676470588,0.73620915,0.715751634,1.712875817
8/15/2011 7:40,0.433793103,0.567816092,0.612643678,1.471724138,1.103275862,1.269655172,0.213103448,0.758965517,1.268965517,0.427413793,151.6143678,1.031724138,0.654310345,0.697931034,0.696321839,1.609310345
8/15/2011 7:50,0.36244898,0.543877551,0.5125,1.21744898,0.931071429,1.019795918,0.178673469,0.641173469,1.091326531,0.481989796,128.452551,0.877755102,0.549183673,0.592653061,0.594387755,1.337091837
8/15/2011 8:00,0.302727273,0.496363636,0.419318182,0.992045455,0.754090909,0.800954545,0.149818182,0.522818182,0.899090909,0.392863636,105.4181818,0.731,0.451636364,0.48,0.497772727,1.093318182
8/15/2011 8:10,0.28204918,0.479508197,0.394877049,0.930245902,0.699344262,0.722172131,0.135081967,0.497581967,0.857786885,0.428360656,99.52745902,0.689754098,0.432663934,0.45442623,0.477459016,1.015204918
8/15/2011 8:20,0.319483395,0.546863469,0.446309963,1.041586716,0.778339483,0.747269373,0.15202952,0.550184502,0.950553506,0.496937269,111.4177122,0.786642066,0.481217712,0.513062731,0.541660517,1.12601476
8/15/2011 8:30,0.306464646,0.534006734,0.421043771,0.97979798,0.734141414,0.690707071,0.145656566,0.523535354,0.913804714,0.466969697,105.2680135,0.742962963,0.453030303,0.48,0.517777778,1.051616162
8/15/2011 8:40,0.290151976,0.505775076,0.392553191,0.919878419,0.684346505,0.623525836,0.13775076,0.48556231,0.852887538,0.439878419,98.96048632,0.704802432,0.427841945,0.449361702,0.488662614,0.982066869
8/15/2011 8:50,0.281498559,0.494524496,0.378097983,0.88054755,0.655677233,0.583602305,0.136541787,0.472651297,0.835158501,0.428645533,96.71902017,0.689798271,0.417579251,0.431123919,0.483458213,0.941469741
8/15/2011 9:00,0.293207547,0.52327044,0.393238994,0.91509434,0.685660377,0.603742138,0.142515723,0.488962264,0.90408805,0.45509434,102.5940252,0.717421384,0.442641509,0.46490566,0.512893082,0.993459119
8/15/2011 9:10,0.269612403,0.477002584,0.354909561,0.819612403,0.600155039,0.550465116,0.127751938,0.445813953,0.796382429,0.405116279,92.25400517,0.657157623,0.401162791,0.409302326,0.469612403,0.88126615
8/15/2011 9:20,0.262463054,0.473891626,0.343349754,0.795591133,0.583743842,0.563571429,0.126847291,0.43544335,0.787438424,0.401009852,91.01256158,0.644827586,0.392586207,0.398817734,0.470591133,0.85770936
8/15/2011 9:30,0.262083333,0.469444444,0.336921296,0.774652778,0.565069444,0.572268519,0.123981481,0.428958333,0.777314815,0.395486111,89.92268519,0.640648148,0.388125,0.391111111,0.469236111,0.839328704
8/15/2011 9:40,0.253157895,0.450438596,0.323684211,0.733881579,0.530131579,0.570986842,0.11745614,0.411052632,0.746491228,0.379078947,86.11907895,0.615131579,0.372236842,0.370526316,0.449649123,0.803026316
8/15/2011 9:50,0.246666667,0.446960168,0.322327044,0.719874214,0.51672956,0.584444444,0.116603774,0.401886792,0.732914046,0.37081761,84.89895178,0.603731656,0.368867925,0.365283019,0.444507338,0.782725367
8/15/2011 10:00,0.22244489,0.395991984,0.28757515,0.635651303,0.446452906,0.542865731,0.107334669,0.358557114,0.640681363,0.326272545,74.49719439,0.539639279,0.327715431,0.313907816,0.401563126,0.690661323
8/15/2011 10:10,0.233908046,0.423371648,0.306321839,0.646666667,0.476724138,0.569329502,0.110498084,0.375402299,0.687356322,0.346551724,79.07528736,0.573180077,0.345,0.337164751,0.424042146,0.722126437
8/15/2011 10:20,0.22321755,0.404021938,0.29606947,0.617111517,0.454936015,0.567349177,0.105447898,0.358244973,0.660146252,0.334387569,76.39890311,0.546983547,0.329232176,0.321755027,0.404661792,0.682559415
8/15/2011 10:30,0.212150171,0.394880546,0.283361775,0.585972696,0.43274744,0.547542662,0.101945392,0.338037543,0.631911263,0.318993174,73.52150171,0.529726962,0.317918089,0.306348123,0.385682594,0.649385666
8/15/2011 10:40,0.215938567,0.403754266,0.283361775,0.585972696,0.428703072,0.547542662,0.101945392,0.338037543,0.635836177,0.318993174,73.978157,0.536109215,0.317918089,0.306348123,0.389658703,0.649385666
8/15/2011 10:50,0.211776316,0.40625,0.279851974,0.579128289,0.417088816,0.540707237,0.101644737,0.336315789,0.624177632,0.317368421,73.13519737,0.529013158,0.316628289,0.301052632,0.383223684,0.631792763
8/15/2011 11:00,0.222718447,0.433333333,0.298543689,0.612135922,0.437184466,0.578770227,0.11,0.355,0.662459547,0.335,77.50873786,0.556763754,0.334951456,0.316116505,0.407184466,0.668042071
8/15/2011 11:10,0.234976303,0.455924171,0.314139021,0.643601896,0.456777251,0.614913112,0.113902054,0.37014218,0.690363349,0.3492891,81.09731438,0.590837283,0.353175355,0.330868878,0.423301738,0.697582938
8/15/2011 11:20,0.232769953,0.459780908,0.314397496,0.642112676,0.452488263,0.621486698,0.112832551,0.366666667,0.691079812,0.34915493,80.71971831,0.59114241,0.349859155,0.330516432,0.422973396,0.696651017
8/15/2011 11:30,0.201218425,0.397919762,0.271099554,0.544814264,0.387369985,0.543194651,0.09794948,0.316493314,0.591233284,0.301649331,68.25854383,0.511263001,0.301426449,0.277206538,0.370445765,0.581441308
8/15/2011 11:40,0.207915408,0.412386707,0.281797583,0.553867069,0.400966767,0.564138973,0.102688822,0.324969789,0.611480363,0.306661631,71.27915408,0.525407855,0.312688822,0.28978852,0.376601208,0.60194864
8/15/2011 11:50,0.211583578,0.419354839,0.28856305,0.571759531,0.410058651,0.578445748,0.105718475,0.331055718,0.620527859,0.312404692,72.55674487,0.531935484,0.318695015,0.294193548,0.386055718,0.610615836
8/15/2011 12:00,0.139508197,0.280601093,0.193237705,0.381639344,0.275204918,0.370068306,0.067540984,0.215327869,0.411612022,0.211434426,47.37226776,0.352540984,0.212090164,0.194754098,0.248278689,0.392349727
8/15/2011 12:10,0.111860465,0.221705426,0.153617571,0.315813953,0.220465116,0.312609819,0.058552972,0.176124031,0.326873385,0.161007752,39.09702842,0.280258398,0.171162791,0.159173127,0.210723514,0.324677003
8/15/2011 12:20,0.065054945,0.126984127,0.087606838,0.191868132,0.124432234,0.186251526,0.035213675,0.104029304,0.182539683,0.090805861,22.24554335,0.164395604,0.098571429,0.092405372,0.125177045,0.188485958
8/15/2011 12:30,0.066812585,0.13871409,0.095348837,0.199042408,0.139411765,0.197879617,0.039452804,0.107811218,0.207660739,0.098987688,24.24019152,0.168837209,0.104774282,0.101121751,0.130683995,0.201354309
8/15/2011 12:40,0.160081633,0.325442177,0.223129252,0.443428571,0.328897959,0.468748299,0.084081633,0.252122449,0.475646259,0.237918367,55.61346939,0.40707483,0.245020408,0.229877551,0.304326531,0.449360544
8/15/2011 12:50,0.183275632,0.366977364,0.253861518,0.503728362,0.369227696,0.532303595,0.096005326,0.286458056,0.535952064,0.267643142,63.45552597,0.468122503,0.28114514,0.260133156,0.344380826,0.511491345
8/15/2011 13:00,0.282802548,0.563057325,0.391719745,0.778471338,0.573630573,0.815244161,0.148704883,0.43866242,0.825265393,0.413949045,97.72229299,0.722590234,0.435095541,0.403566879,0.519426752,0.777452229
8/15/2011 13:10,0.531058824,1.050196078,0.739607843,1.472117647,1.068823529,1.516117647,0.282745098,0.818588235,1.542352941,0.772470588,183.6470588,1.364,0.819882353,0.759215686,0.959411765,1.450078431
8/15/2011 13:20,0.56425,1.126666667,0.794375,1.57625,1.16525,1.545125,0.291833333,0.86975,1.6675,0.8375,196.7045833,1.44925,0.871125,0.821333333,1.009666667,1.52575
8/15/2011 13:30,0.584210526,1.170760234,0.839181287,1.735789474,1.219649123,1.630292398,0.313216374,0.921754386,1.735087719,0.869824561,208.1333333,1.530994152,0.932105263,0.874853801,1.09005848,1.616549708
8/15/2011 13:40,0.054293478,0.105978261,0.07798913,0.173967391,0.112703804,0.146508152,0.02798913,0.086820652,0.159375,0.076467391,19.05195652,0.137201087,0.0871875,0.081304348,0.101304348,0.151209239
8/15/2011 13:50,0.080278164,0.155493741,0.114047288,0.25093185,0.168108484,0.219471488,0.042976356,0.127385257,0.236717663,0.114617524,28.25493741,0.20286509,0.126675939,0.119944367,0.152308762,0.219694019
8/15/2011 14:00,0.185270864,0.365446559,0.261127379,0.558140556,0.381698389,0.523689605,0.099531479,0.290029283,0.535431918,0.267803807,65.23484627,0.481874085,0.29398243,0.273147877,0.351376281,0.478316252
8/15/2011 14:10,0.179653179,0.349421965,0.251806358,0.542471098,0.366459538,0.513078035,0.098236994,0.280101156,0.51517341,0.255606936,63.29075145,0.470202312,0.284176301,0.267052023,0.329971098,0.451343931
8/15/2011 14:20,0.101725067,0.199730458,0.143665768,0.317668464,0.210808625,0.294191375,0.058301887,0.163625337,0.300673854,0.143571429,37.02641509,0.262102426,0.16180593,0.156549865,0.188409704,0.270943396
8/15/2011 14:30,0.026220472,0.046062992,0.036318898,0.085925197,0.055984252,0.06730315,0.012165354,0.041929134,0.072440945,0.035610236,8.906830709,0.058897638,0.040748031,0.038110236,0.045866142,0.070669291
8/15/2011 14:40,0.028534704,0.053470437,0.03688946,0.089768638,0.06092545,0.081131105,0.015886889,0.043804627,0.08277635,0.041336761,9.957609254,0.067300771,0.042570694,0.040719794,0.053907455,0.083059126
8/15/2011 14:50,0.022311558,0.03919598,0.030904523,0.073115578,0.047638191,0.066080402,0.010351759,0.04281407,0.069346734,0.030301508,8.16919598,0.05638191,0.03120603,0.035376884,0.046834171,0.072160804
8/15/2011 15:00,0.00346875,0.0040625,0.003203125,0.004546875,0.003703125,0.004109375,0.00321875,0.003328125,0.00359375,0.003140625,0.693390625,0.00584375,0.003234375,0.00275,0.003640625,0.005609375
8/15/2011 15:10,0.003592233,0.008414239,0.006634304,0.009417476,0.007669903,0.008511327,0.003333333,0.006893204,0.011165049,0.006504854,1.244902913,0.00605178,0.006699029,0.005695793,0.007540453,0.011618123
8/15/2011 15:20,0.003353474,0.003927492,0.003096677,0.008791541,0.007160121,0.007945619,0.003111782,0.003217523,0.00694864,0.003036254,0.892673716,0.005649547,0.003126888,0.00265861,0.003519637,0.005422961
8/15/2011 15:30,0.039642857,0.046428571,0.036607143,0.051964286,0.042321429,0.046964286,0.036785714,0.038035714,0.041071429,0.035892857,6.849285714,0.066785714,0.036964286,0.031428571,0.041607143,0.064107143
8/15/2011 15:40,0.039642857,0.046428571,0.036607143,0.051964286,0.042321429,0.046964286,0.036785714,0.038035714,0.041071429,0.035892857,5.29625,0.066785714,0.036964286,0.031428571,0.041607143,0.064107143
8/15/2011 15:50,0.0888,0.104,0.082,0.1164,0.0948,0.1052,0.0824,0.0852,0.092,0.0804,13.0232,0.1496,0.0828,0.0704,0.0932,0.1436
8/15/2011 16:00,0.37,0.433333333,0.341666667,0.485,0.395,0.438333333,0.343333333,0.355,0.383333333,0.335,73.96166667,0.623333333,0.345,0.293333333,0.388333333,0.598333333
8/15/2011 16:10,0.170769231,0.2,0.157692308,0.447692308,0.182307692,0.202307692,0.158461538,0.163846154,0.176923077,0.154615385,34.13615385,0.287692308,0.159230769,0.135384615,0.179230769,0.276153846
8/15/2011 16:20,0.222,0.26,0.205,0.582,0.237,0.263,0.206,0.213,0.23,0.201,44.377,0.374,0.207,0.176,0.233,0.359
8/15/2011 16:30,0.37,0.433333333,0.341666667,0.97,0.79,0.438333333,0.343333333,0.355,0.766666667,0.335,98.86333333,0.623333333,0.345,0.586666667,0.388333333,0.598333333
8/15/2011 16:40,0.555,1.3,0.5125,2.1825,1.185,1.315,0.515,0.5325,1.15,0.5025,177.8425,0.935,1.035,0.88,0.5825,1.795
8/15/2011 16:50,0.555,1.95,1.5375,3.6375,2.37,1.9725,0.515,1.5975,2.3,1.005,340.6325,2.805,1.5525,1.76,1.7475,2.6925
8/15/2011 17:00,0.74,2.166666667,1.366666667,4.365,2.37,2.63,0.686666667,1.775,2.3,1.34,375.0116667,2.493333333,1.725,1.76,1.941666667,2.991666667
8/15/2011 17:10,0.444,0.78,0.615,1.746,1.185,1.315,0.206,0.852,0.92,0.603,159.891,1.122,0.828,0.704,0.699,1.436
8/15/2011 17:20,0.222,0.78,0.41,1.455,0.948,1.052,0.206,0.639,0.69,0.402,124.434,0.748,0.621,0.528,0.699,1.077
8/15/2011 17:30,0.222,0.52,0.41,1.164,0.474,0.526,0.206,0.426,0.46,0.402,82.956,0.748,0.414,0.352,0.466,0.718
8/15/2011 17:40,0.185,0.216666667,0.170833333,0.485,0.395,0.438333333,0.171666667,0.1775,0.383333333,0.1675,49.43166667,0.311666667,0.1725,0.293333333,0.194166667,0.299166667
8/15/2011 17:50,0.111,0.13,0.1025,0.291,0.1185,0.1315,0.103,0.1065,0.115,0.1005,22.1885,0.187,0.1035,0.088,0.1165,0.1795
8/15/2011 18:00,0.0555,0.065,0.05125,0.1455,0.05925,0.06575,0.0515,0.05325,0.0575,0.05025,11.09425,0.0935,0.05175,0.044,0.05825,0.08975
8/15/2011 18:10,0.085384615,0.1,0.078846154,0.111923077,0.091153846,0.101153846,0.079230769,0.081923077,0.088461538,0.077307692,17.06807692,0.143846154,0.079615385,0.067692308,0.089615385,0.138076923
8/15/2011 18:20,0.100909091,0.118181818,0.093181818,0.132272727,0.107727273,0.119545455,0.093636364,0.096818182,0.104545455,0.091363636,18.85363636,0.17,0.094090909,0.08,0.105909091,0.163181818
8/15/2011 18:30,0.158571429,0.185714286,0.146428571,0.207857143,0.169285714,0.187857143,0.147142857,0.152142857,0.164285714,0.143571429,21.185,0.267142857,0.147857143,0.125714286,0.166428571,0.256428571
8/15/2011 18:40,0.201818182,0.236363636,0.186363636,0.264545455,0.215454545,0.239090909,0.187272727,0,0,0,18.85363636,0.34,0.188181818,0.16,0.211818182,0.326363636
8/15/2011 18:50,0.222,0.26,0.205,0.291,0.237,0.263,0.206,0,0,0,20.739,0.374,0.207,0.176,0.233,0.359
8/15/2011 19:00,0,0,0,0,0,0,0,0,0,0,14.718,0,0,0,0,0
8/15/2011 19:10,0,0,0,0,0,0,0,0,0,0,18.3975,0,0,0,0,0
8/15/2011 19:20,0,0,0,0,0,0,0,0,0,0,24.53,0,0,0,0,0
8/15/2011 19:30,0,0,0,0,0,0,0,0,0,0,36.795,0,0,0,0,0
8/15/2011 19:40,0,0,0,0,0,0,0,0,0,0,49.06,0,0,0,0,0
8/15/2011 19:50,0,0,0,0,0,0,0,0,0,0,73.59,0,0,0,0,0
8/15/2011 20:00,0,0,0,0,0,0,0,0,0,0,73.59,0,0,0,0,0
8/15/2011 20:10,0,0,0,0,0,0,0,0,0,0,73.59,0,0,0,0,0
8/15/2011 20:20,0,0,0,0,0,0,0,0,0,0,30.105,0,0,0,0,0
8/15/2011 20:30,0,0,0,0,0,0,0,0,0,0,0,0,0,0,0,0
8/15/2011 20:40,0,0,0,0,0,0,0,0,0,0,0,0,0,0,0,0
8/15/2011 20:50,0,0,0,0,0,0,0,0,0,0,0,0,0,0,0,0
8/15/2011 21:00,0,0,0,0,0,0,0,0,0,0,0,0,0,0,0,0
8/15/2011 21:10,0,0,0,0,0,0,0,0,0,0,0,0,0,0,0,0
8/15/2011 21:20,0,0,0,0,0,0,0,0,0,0,0,0,0,0,0,0
8/15/2011 21:30,0,0,0,0,0,0,0,0,0,0,0,0,0,0,0,0
8/15/2011 21:40,0,0,0,0,0,0,0,0,0,0,0,0,0,0,0,0
8/15/2011 21:50,0,0,0,0,0,0,0,0,0,0,0,0,0,0,0,0
8/15/2011 22:00,0,0,0,0,0,0,0,0,0,0,0,0,0,0,0,0
8/15/2011 22:10,0,0,0,0,0,0,0,0,0,0,0,0,0,0,0,0
8/15/2011 22:20,0,0,0,0,0,0,0,0,0,0,0,0,0,0,0,0
8/15/2011 22:30,0,0,0,0,0,0,0,0,0,0,0,0,0,0,0,0
8/15/2011 22:40,0,0,0,0,0,0,0,0,0,0,0,0,0,0,0,0
8/15/2011 22:50,0,0,0,0,0,0,0,0,0,0,0,0,0,0,0,0
8/15/2011 23:00,0,0,0,0,0,0,0,0,0,0,0,0,0,0,0,0
8/15/2011 23:10,0,0,0,0,0,0,0,0,0,0,0,0,0,0,0,0
8/15/2011 23:20,0,0,0,0,0,0,0,0,0,0,0,0,0,0,0,0
8/15/2011 23:30,0,0,0,0,0,0,0,0,0,0,0,0,0,0,0,0
8/15/2011 23:40,0,0,0,0,0,0,0,0,0,0,0,0,0,0,0,0
8/15/2011 23:50,0,0,0,0,0,0,0,0,0,0,0,0,0,0,0,0
8/16/2011 0:00,0,0,0,0,0,0,0,0,0,0,0,0,0,0,0,0
8/16/2011 0:10,0,0,0,0,0,0,0,0,0,0,0,0,0,0,0,0
8/16/2011 0:20,0,0,0,0,0,0,0,0,0,0,0,0,0,0,0,0
8/16/2011 0:30,0,0,0,0,0,0,0,0,0,0,0,0,0,0,0,0
8/16/2011 0:40,0,0,0,0,0,0,0,0,0,0,0,0,0,0,0,0
8/16/2011 0:50,0,0,0,0,0,0,0,0,0,0,0,0,0,0,0,0
8/16/2011 1:00,0,0,0,0,0,0,0,0,0,0,0,0,0,0,0,0
8/16/2011 1:10,0,0,0,0,0,0,0,0,0,0,0,0,0,0,0,0
8/16/2011 1:20,0,0,0,0,0,0,0,0,0,0,0,0,0,0,0,0
8/16/2011 1:30,0,0,0,0,0,0,0,0,0,0,0,0,0,0,0,0
8/16/2011 1:40,0,0,0,0,0,0,0,0,0,0,0,0,0,0,0,0
8/16/2011 1:50,0,0,0,0,0,0,0,0,0,0,0,0,0,0,0,0
8/16/2011 2:00,0,0,0,0,0,0,0,0,0,0,0,0,0,0,0,0
8/16/2011 2:10,0,0,0,0,0,0,0,0,0,0,0,0,0,0,0,0
8/16/2011 2:20,0,0,0,0,0,0,0,0,0,0,0,0,0,0,0,0
8/16/2011 2:30,0,0,0,0,0,0,0,0,0,0,0,0,0,0,0,0
8/16/2011 2:40,0,0,0,0,0,0,0,0,0,0,0,0,0,0,0,0
8/16/2011 2:50,0,0,0,0,0,0,0,0,0,0,0,0,0,0,0,0
8/16/2011 3:00,0,0,0,0,0,0,0,0,0,0,0,0,0,0,0,0
8/16/2011 3:10,0,0,0,0,0,0,0,0,0,0,0,0,0,0,0,0
8/16/2011 3:20,0,0,0,0,0,0,0,0,0,0,0,0,0,0,0,0
8/16/2011 3:30,0,0,0,0,0,0,0,0,0,0,0,0,0,0,0,0
8/16/2011 3:40,0,0,0,0,0,0,0,0,0,0,0,0,0,0,0,0
8/16/2011 3:50,0,0,0,0,0,0,0,0,0,0,0,0,0,0,0,0
8/16/2011 4:00,0,0,0,0,0,0,0,0,0,0,0,0,0,0,0,0
8/16/2011 4:10,0,0,0,0,0,0,0,0,0,0,0,0,0,0,0,0
8/16/2011 4:20,0,0,0,0,0,0,0,0,0,0,0,0,0,0,0,0
8/16/2011 4:30,0,0,0,0,0,0,0,0,0,0,0,0,0,0,0,0
8/16/2011 4:40,0,0,0,1.455,0,0,0,0,0,0,89.2,0,0,0,0,0
8/16/2011 4:50,0,1.3,1.025,1.455,1.185,1.315,0,1.065,1.15,1.005,177.285,1.87,1.035,0.88,1.165,1.795
8/16/2011 5:00,1.11,1.3,1.025,2.91,1.185,2.63,0,1.065,1.15,1.005,221.885,1.87,1.035,0.88,1.165,1.795
8/16/2011 5:10,1.11,1.3,1.025,4.365,2.37,2.63,1.03,2.13,2.3,1.005,325.58,1.87,1.035,1.76,1.165,3.59
8/16/2011 5:20,1.11,2.6,2.05,5.82,3.555,3.945,1.03,2.13,2.3,1.005,459.38,1.87,2.07,2.64,2.33,5.385
8/16/2011 5:30,1.11,2.6,2.05,8.73,4.74,6.575,1.03,3.195,3.45,2.01,607.675,3.74,3.105,3.52,2.33,5.385
8/16/2011 5:40,2.22,2.6,4.1,11.64,5.925,10.52,1.03,3.195,5.75,2.01,1022.455,3.74,3.105,9.68,3.495,8.975
8/16/2011 5:50,0.888,1.56,1.23,4.656,2.844,4.208,0.412,1.704,2.76,0.804,497.736,2.244,1.242,4.224,1.398,5.026
8/16/2011 6:00,0.555,0.975,0.76875,3.27375,2.07375,3.61625,0.2575,1.5975,3.1625,0.75375,344.535,1.87,1.29375,2.2,1.165,3.59
8/16/2011 6:10,0.37,0.866666667,0.683333333,4.365,1.975,3.725833333,0.343333333,1.065,3.641666667,0.5025,249.3883333,1.246666667,1.035,1.613333333,0.970833333,3.889166667
8/16/2011 6:20,0.391764706,0.611764706,0.482352941,2.225294118,1.394117647,2.784705882,0.242352941,0.751764706,1.352941176,0.354705882,221.4258824,0.88,0.608823529,0.828235294,0.685294118,2.111764706
8/16/2011 6:30,0.403636364,0.472727273,0.372727273,2.116363636,1.185,3.825454545,0.374545455,0.580909091,0.731818182,0.365454545,180.5286364,0.85,0.470454545,0.96,0.953181818,2.284545455
8/16/2011 6:40,0.512307692,0.7,0.630769231,4.365,2.461153846,6.170384615,0.633846154,1.392692308,1.857692308,0.541153846,429.6180769,1.438461538,0.955384615,1.692307692,2.150769231,5.385
8/16/2011 6:50,0.592,0.866666667,0.751666667,5.723,1.501,4.734,0.549333333,2.343,1.763333333,0.603,470.1583333,1.496,0.966,2.405333333,2.019333333,4.667
8/16/2011 7:00,0.438157895,0.513157895,0.404605263,2.565394737,0.904342105,2.007105263,0.243947368,1.149078947,1.240789474,0.343815789,218.3346053,0.935,0.708157895,1.088421053,0.950394737,2.078421053
8/16/2011 7:10,0.169142857,0.272380952,0.214761905,0.859142857,0.474,0.626190476,0.098095238,0.385428571,0.46,0.191428571,73.08028571,0.463047619,0.315428571,0.368761905,0.332857143,0.718
8/16/2011 7:20,0.222,0.472727273,0.335454545,1.137545455,0.667909091,0.860727273,0.112363636,0.503454545,0.627272727,0.310636364,99.92427273,0.68,0.451636364,0.48,0.444818182,0.913818182
8/16/2011 7:30,0.156705882,0.367058824,0.241176471,0.753176471,0.446117647,0.556941176,0.072705882,0.325764706,0.46,0.236470588,67.60835294,0.44,0.316588235,0.331294118,0.301529412,0.591294118
8/16/2011 7:40,0.166122449,0.389115646,0.264965986,0.772040816,0.46755102,0.572517007,0.084081633,0.347755102,0.500680272,0.259795918,71.13244898,0.483401361,0.323877551,0.335238095,0.317006803,0.610544218
8/16/2011 7:50,0.13875,0.325,0.221306818,0.644829545,0.403977273,0.493125,0.081931818,0.290454545,0.444318182,0.216988636,60.26068182,0.40375,0.270511364,0.29,0.264772727,0.530340909
8/16/2011 8:00,0.168181818,0.393939394,0.264015152,0.771590909,0.520681818,0.597727273,0.109242424,0.371136364,0.575,0.258863636,73.60689394,0.51,0.329318182,0.36,0.317727273,0.679924242
8/16/2011 8:10,0.330247934,0.687603306,0.474380165,1.394876033,0.959752066,0.999834711,0.204297521,0.66892562,1.045454545,0.481735537,132.6757851,0.896363636,0.581652893,0.654545455,0.57768595,1.275785124
8/16/2011 8:20,0.379736842,0.803947368,0.552960526,1.589013158,1.107039474,1.107368421,0.230394737,0.784736842,1.240789474,0.568618421,153.1657895,1.058026316,0.667302632,0.752631579,0.659144737,1.487960526
8/16/2011 8:30,1.159701493,2.405970149,1.621641791,4.603880597,3.254328358,3.101044776,0.67641791,2.288955224,3.776119403,1.71,451.3253731,3.181791045,1.94641791,2.206567164,1.982238806,4.340149254
8/16/2011 8:40,0.47755814,0.96744186,0.655523256,1.861046512,1.295232558,1.315,0.275465116,0.904011628,1.551162791,0.689476744,181.6412791,1.282906977,0.782267442,0.88,0.799244186,1.711511628
8/16/2011 8:50,0.583461538,1.183333333,0.788461538,2.145192308,1.534423077,1.500448718,0.316923077,1.065,1.857692308,0.824615385,217.8538462,1.558333333,0.942115385,1.049230769,0.940961538,1.979102564
8/16/2011 9:00,0.676571429,1.361904762,0.898095238,2.494285714,1.783142857,1.803428571,0.392380952,1.257714286,2.278095238,0.938,269.5114286,1.780952381,1.123714286,1.290666667,1.153904762,2.495904762
8/16/2011 9:10,0.317142857,0.654421769,0.425340136,1.158061224,0.830306122,0.76037415,0.175170068,0.572346939,1.04829932,0.45122449,117.9472789,0.852312925,0.513979592,0.568707483,0.515136054,1.062346939
8/16/2011 9:20,0.219078947,0.461842105,0.292214912,0.784934211,0.571710526,0.553684211,0.121973684,0.397039474,0.751535088,0.317368421,83.72280702,0.590526316,0.363157895,0.401403509,0.367894737,0.747916667
8/16/2011 9:30,0.24,0.486036036,0.309346847,0.871689189,0.587162162,0.616036036,0.139189189,0.431756757,0.792567568,0.335,89.8027027,0.631756757,0.391621622,0.424144144,0.404076577,0.800472973
8/16/2011 9:40,0.183044397,0.373784355,0.242706131,0.633678647,0.435919662,0.455940803,0.100169133,0.319725159,0.598097252,0.254968288,65.67420719,0.474418605,0.288837209,0.308837209,0.295560254,0.576828753
8/16/2011 9:50,0.126375712,0.251612903,0.163377609,0.430702087,0.292314991,0.329373814,0.070360531,0.214212524,0.401518027,0.171631879,44.38842505,0.319354839,0.196394687,0.207058824,0.198956357,0.395104364
8/16/2011 10:00,0.187429644,0.380487805,0.242307692,0.611482176,0.43575985,0.483564728,0.100487805,0.319699812,0.617073171,0.260206379,66.43977486,0.484165103,0.295159475,0.31369606,0.30163227,0.585984991
8/16/2011 10:10,0.150792453,0.309056604,0.197264151,0.499641509,0.348792453,0.40690566,0.081622642,0.257207547,0.490377358,0.208584906,53.52,0.388113208,0.238245283,0.249056604,0.241792453,0.460603774
8/16/2011 10:20,0.117054545,0.241090909,0.156545455,0.402109091,0.267163636,0.329945455,0.063672727,0.201381818,0.376363636,0.157145455,42.04563636,0.306,0.188181818,0.1952,0.190636364,0.359
8/16/2011 10:30,0.33721519,0.691139241,0.441139241,1.105063291,0.75,0.943248945,0.182531646,0.55721519,1.067510549,0.457974684,116.5810127,0.852151899,0.515316456,0.542109705,0.521054852,0.984599156
8/16/2011 10:40,0.124643399,0.260394537,0.161760243,0.401836115,0.276919575,0.351198786,0.068770865,0.206858877,0.401365706,0.167754173,44.43080425,0.317814871,0.194749621,0.202974203,0.201532625,0.381335357
8/16/2011 10:50,0.344186047,0.735658915,0.452906977,1.127906977,0.780813953,1.039767442,0.199612403,0.602674419,1.15,0.475232558,131.5527132,0.89875969,0.561627907,0.593488372,0.587015504,1.141007752
8/16/2011 11:00,0.181426449,0.378603269,0.234546805,0.562109955,0.387369985,0.515839525,0.09794948,0.300668648,0.570728083,0.244903418,63.2551263,0.472362556,0.279895988,0.285052006,0.287355126,0.538766716
8/16/2011 11:10,0.252723214,0.528125,0.324888393,0.753482143,0.534308036,0.704464286,0.133348214,0.408883929,0.790625,0.340982143,86.56183036,0.651160714,0.383504464,0.392857143,0.395267857,0.72921875
8/16/2011 11:20,0.177105751,0.381076067,0.232003711,0.534489796,0.378144712,0.497699443,0.09554731,0.288478664,0.558998145,0.242393321,61.3974026,0.457959184,0.272671614,0.27755102,0.280983302,0.512857143
8/16/2011 11:30,0.156847826,0.33442029,0.204257246,0.474456522,0.334891304,0.438333333,0.085833333,0.254673913,0.495833333,0.214836957,53.89166667,0.413297101,0.24,0.245507246,0.244818841,0.44875
8/16/2011 11:40,0.32375,0.690625,0.41640625,0.947265625,0.67890625,0.917760417,0.171666667,0.515859375,1.012239583,0.4396875,109.9901042,0.84734375,0.490546875,0.495,0.503619792,0.925546875
8/16/2011 11:50,0.247599244,0.525897921,0.321644612,0.726124764,0.51073724,0.705973535,0.132400756,0.390567108,0.769565217,0.33436673,83.80415879,0.636294896,0.375652174,0.375954631,0.387599244,0.705784499
8/16/2011 12:00,0.166641221,0.350636132,0.213867684,0.47759542,0.337709924,0.468447837,0.089109415,0.260152672,0.509160305,0.225038168,55.57977099,0.428244275,0.247557252,0.250788804,0.257900763,0.465877863
8/16/2011 12:10,0.167438231,0.355006502,0.218595579,0.488153446,0.345175553,0.478803641,0.091079324,0.26313394,0.51443433,0.22739922,56.46046814,0.437711313,0.253029909,0.254044213,0.260572172,0.476176853
8/16/2011 12:20,0.204757282,0.433333333,0.26868932,0.598009709,0.42184466,0.59579288,0.11,0.320533981,0.625242718,0.279708738,69.0289644,0.526504854,0.311504854,0.310420712,0.320469256,0.580906149
8/16/2011 12:30,0.235204461,0.488104089,0.308643123,0.703159851,0.484572491,0.684386617,0.130185874,0.368197026,0.718215613,0.321301115,79.37639405,0.604795539,0.357825279,0.359851301,0.368122677,0.660613383
8/16/2011 12:40,0.170042553,0.357730496,0.226808511,0.515957447,0.356340426,0.499886525,0.093503546,0.268893617,0.521985816,0.233787234,58.13815603,0.440312057,0.261319149,0.26212766,0.271007092,0.483758865
8/16/2011 12:50,0.135182679,0.277943166,0.180311231,0.413464141,0.282219215,0.395033829,0.07526387,0.213288227,0.41082544,0.184952639,46.13897158,0.344140731,0.207280108,0.209580514,0.214397835,0.383775372
8/16/2011 13:00,0.125718232,0.254972376,0.167058011,0.385856354,0.265151934,0.370524862,0.068287293,0.200055249,0.38121547,0.172127072,42.84433702,0.320276243,0.191560773,0.194475138,0.199530387,0.361975138
8/16/2011 13:10,0.166939314,0.339577836,0.22176781,0.506754617,0.353311346,0.499630607,0.092401055,0.26414248,0.503693931,0.228047493,56.8091029,0.424327177,0.256701847,0.257730871,0.264353562,0.468878628
8/16/2011 13:20,0.171017442,0.347674419,0.22943314,0.520247093,0.361700581,0.504593023,0.095813953,0.26934593,0.514825581,0.23372093,58.40784884,0.434883721,0.264767442,0.266046512,0.270930233,0.469622093
8/16/2011 13:30,0.20254025,0.413953488,0.275044723,0.619481216,0.432450805,0.588103757,0.114239714,0.320071556,0.608944544,0.27686941,69.57280859,0.521860465,0.314758497,0.314847943,0.325116279,0.552307692
8/16/2011 13:40,0.168913043,0.346195652,0.228396739,0.51794837,0.357432065,0.475258152,0.095163043,0.26625,0.50625,0.229402174,57.56793478,0.431929348,0.264375,0.263043478,0.269089674,0.453627717
8/16/2011 13:50,0.219963303,0.453211009,0.300917431,0.69412844,0.469651376,0.62733945,0.124733945,0.347834862,0.658348624,0.298733945,75.69724771,0.569577982,0.345633028,0.348770642,0.350568807,0.579669725
8/16/2011 14:00,0.250956522,0.514347826,0.347608696,0.816065217,0.540978261,0.74326087,0.143304348,0.402847826,0.755,0.340826087,87.60021739,0.650434783,0.4005,0.405565217,0.410282609,0.671173913
8/16/2011 14:10,0.154259819,0.310271903,0.216767372,0.514305136,0.34010574,0.456873112,0.087129909,0.247749245,0.465558912,0.209501511,54.13308157,0.401117825,0.250151057,0.252567976,0.24989426,0.412145015
8/16/2011 14:20,0.122169811,0.241194969,0.170833333,0.420943396,0.272028302,0.355628931,0.068018868,0.19759434,0.365251572,0.1675,42.95204403,0.311666667,0.198537736,0.202012579,0.197830189,0.333034591
8/16/2011 14:30,0.139357664,0.273284672,0.194525547,0.47579562,0.307927007,0.403138686,0.078189781,0.223883212,0.416350365,0.190729927,48.7670073,0.354890511,0.223620438,0.228671533,0.22789781,0.382583942
8/16/2011 14:40,0.204608295,0.407373272,0.289708141,0.701797235,0.458709677,0.601950845,0.117081413,0.333732719,0.614746544,0.2840553,72.41505376,0.540030722,0.333870968,0.340645161,0.336436252,0.5459447
8/16/2011 14:50,0.139372197,0.27593423,0.196113602,0.482825112,0.311748879,0.408849028,0.080059791,0.226053812,0.419431988,0.192286996,49.26666667,0.363378176,0.22896861,0.234140508,0.229865471,0.375635277
8/16/2011 15:00,0.144782609,0.282608696,0.203726708,0.497049689,0.323850932,0.424720497,0.079968944,0.234829193,0.428571429,0.196630435,50.90217391,0.371677019,0.234642857,0.243229814,0.235170807,0.373493789
8/16/2011 15:10,0.275348837,0.530749354,0.386692506,0.96248062,0.618527132,0.80870801,0.154366925,0.445813953,0.814211886,0.373953488,97.26718346,0.695813953,0.449302326,0.468423773,0.451550388,0.695736434
8/16/2011 15:20,0.24408377,0.469633508,0.34882199,0.868429319,0.552172775,0.709136126,0.140209424,0.395890052,0.716492147,0.326230366,86.63141361,0.607015707,0.406413613,0.423874346,0.402565445,0.601465969
8/16/2011 15:30,0.179032258,0.347465438,0.259792627,0.657096774,0.409562212,0.509032258,0.104423963,0.294470046,0.535253456,0.240829493,64.48502304,0.439493088,0.300483871,0.316313364,0.295276498,0.446682028
8/16/2011 15:40,0.094676471,0.179705882,0.135661765,0.346632353,0.216088235,0.263,0.054529412,0.153485294,0.277352941,0.127102941,33.51558824,0.22,0.158294118,0.165647059,0.154191176,0.232294118
8/16/2011 15:50,0.059769231,0.125,0.090673077,0.223846154,0.141288462,0.171961538,0.035653846,0.102403846,0.185769231,0.085038462,22.13703846,0.151038462,0.1035,0.104923077,0.103057692,0.1795
8/16/2011 16:00,0.079452632,0.158736842,0.116526316,0.287936842,0.184610526,0.221473684,0.043368421,0.130042105,0.242105263,0.110021053,28.84446316,0.196842105,0.130736842,0.137094737,0.132442105,0.226736842
8/16/2011 16:10,0.080289331,0.164556962,0.118625678,0.289421338,0.184285714,0.223526221,0.044701627,0.134810127,0.245388788,0.116311031,29.11097649,0.202893309,0.134755877,0.140036166,0.13482821,0.233707052
8/16/2011 16:20,0.06612766,0.132765957,0.095957447,0.247659574,0.156319149,0.190255319,0.039446809,0.113297872,0.210425532,0.098361702,24.49204255,0.17506383,0.110106383,0.116085106,0.114021277,0.206234043
8/16/2011 16:30,0.0555,0.106363636,0.079204545,0.198409091,0.123886364,0.155409091,0.028090909,0.091977273,0.167272727,0.077659091,19.23375,0.136,0.089386364,0.088,0.090022727,0.171340909
8/16/2011 16:40,0.082222222,0.166329966,0.124242424,0.323333333,0.191515152,0.239090909,0.048552189,0.143434343,0.255555556,0.121818182,30.68690236,0.214074074,0.139393939,0.148148148,0.141212121,0.265925926
8/16/2011 16:50,0.246666667,0.492810458,0.361764706,0.950980392,0.573137255,0.670392157,0.134640523,0.417647059,0.751633987,0.354705882,89.3603268,0.611111111,0.419411765,0.425620915,0.426405229,0.750849673
8/16/2011 17:00,0.26746988,0.53253012,0.40753012,1.08686747,0.64246988,0.68126506,0.148915663,0.449096386,0.803614458,0.363253012,98.59018072,0.630843373,0.473855422,0.498313253,0.463192771,0.756927711
8/16/2011 17:10,0.253714286,0.52,0.400238095,1.122428571,0.620714286,0.601142857,0.137333333,0.426,0.744761905,0.335,96.42095238,0.587714286,0.483,0.502857143,0.443809524,0.666714286
8/16/2011 17:20,0.245368421,0.465263158,0.388421053,1.148684211,0.611210526,0.526,0.119263158,0.403578947,0.677894737,0.296210526,93.15531579,0.531473684,0.479368421,0.500210526,0.429210526,0.623526316
8/16/2011 17:30,0.242521008,0.43697479,0.378991597,1.12487395,0.577563025,0.508319328,0.103865546,0.393781513,0.657142857,0.270252101,88.54411765,0.502857143,0.452268908,0.473277311,0.411176471,0.603361345
8/16/2011 17:40,0.096521739,0.180869565,0.160434783,0.455478261,0.247304348,0.228695652,0.05373913,0.166695652,0.3,0.122347826,38.60808696,0.227652174,0.198,0.198956522,0.182347826,0.280956522
8/16/2011 17:50,0.099775281,0.160674157,0.161235955,0.474101124,0.239662921,0.206853933,0.046292135,0.16752809,0.258426966,0.112921348,36.4191573,0.21011236,0.186067416,0.197752809,0.170168539,0.262191011
8/16/2011 18:00,0.076551724,0.128078818,0.131280788,0.387044335,0.198472906,0.168423645,0.03044335,0.136403941,0.215270936,0.0891133,29.60517241,0.184236453,0.152955665,0.156059113,0.13773399,0.212216749
8/16/2011 18:10,0.075574468,0.121702128,0.157021277,0.48293617,0.231957447,0.190255319,0.026297872,0.154085106,0.195744681,0.085531915,33.50693617,0.190978723,0.176170213,0.187234043,0.148723404,0.244425532
8/16/2011 18:20,0.0666,0.091,0.15375,0.48015,0.22515,0.1841,0.0206,0.13845,0.138,0.07035,29.60325,0.1683,0.1656,0.1672,0.1398,0.23335
8/16/2011 18:30,0.040120482,0.062650602,0.086445783,0.227891566,0.114216867,0.110903614,0.024819277,0.076987952,0.110843373,0.048433735,15.3413253,0.090120482,0.087289157,0.074216867,0.070180723,0.129759036
8/16/2011 18:40,0.061666667,0.108333333,0.085416667,0.2425,0.131666667,0.146111111,0.028611111,0.08875,0.159722222,0.055833333,20.13194444,0.155833333,0.08625,0.097777778,0.097083333,0.149583333
8/16/2011 18:50,0.02775,0.065,0.05125,0.1455,0.088875,0.06575,0.02575,0.05325,0.08625,0.05025,11.846875,0.0935,0.05175,0.066,0.05825,0.08975
8/16/2011 19:00,0.038947368,0.045614035,0.035964912,0.102105263,0.041578947,0.046140351,0.036140351,0.037368421,0.080701754,0.035263158,8.841754386,0.065614035,0.036315789,0.030877193,0.040877193,0.062982456
8/16/2011 19:10,0,0.030588235,0.024117647,0.034235294,0.027882353,0.030941176,0,0.025058824,0.027058824,0.023647059,3.830352941,0.044,0.024352941,0.020705882,0.027411765,0.042235294
8/16/2011 19:20,0,0,0,0.044090909,0,0,0,0,0.034848485,0,2.703030303,0,0,0,0,0
8/16/2011 19:30,0,0,0,0,0,0,0,0,0,0,4.088333333,0,0,0,0,0
8/16/2011 19:40,0,0,0,0,0,0,0,0,0,0,7.359,0,0,0,0,0
8/16/2011 19:50,0,0,0,0,0,0,0,0,0,0,10.51285714,0,0,0,0,0
8/16/2011 20:00,0,0,0,0,0,0,0,0,0,0,18.3975,0,0,0,0,0
8/16/2011 20:10,0,0,0,0,0,0,0,0,0,0,36.795,0,0,0,0,0
8/16/2011 20:20,0,0,0,0,0,0,0,0,0,0,73.59,0,0,0,0,0
8/16/2011 20:30,0,0,0,0,0,0,0,0,0,0,73.59,0,0,0,0,0
8/16/2011 20:40,0,0,0,0,0,0,0,0,0,0,73.59,0,0,0,0,0
8/16/2011 20:50,0,0,0,0,0,0,0,0,0,0,73.59,0,0,0,0,0
8/16/2011 21:00,0,0,0,0,0,0,0,0,0,0,73.59,0,0,0,0,0
8/16/2011 21:10,0,0,0,0,0,0,0,0,0,0,73.59,0,0,0,0,0
8/16/2011 21:20,0,0,0,0,0,0,0,0,0,0,73.59,0,0,0,0,0
8/16/2011 21:30,0,0,0,0,0,0,0,0,0,0,73.59,0,0,0,0,0
8/16/2011 21:40,0,0,0,0,0,0,0,0,0,0,73.59,0,0,0,0,0
8/16/2011 21:50,0,0,0,0,0,0,0,0,0,0,73.59,0,0,0,0,0
8/16/2011 22:00,0,0,0,0,0,0,0,0,0,0,73.59,0,0,0,0,0
8/16/2011 22:10,0,0,0,0,0,0,0,0,0,0,73.59,0,0,0,0,0
8/16/2011 22:20,0,0,0,0,0,0,0,0,0,0,73.59,0,0,0,0,0
8/16/2011 22:30,0,0,0,0,0,0,0,0,0,0,73.59,0,0,0,0,0
8/16/2011 22:40,0,0,0,0,0,0,0,0,0,0,73.59,0,0,0,0,0
8/16/2011 22:50,0,0,0,0,0,0,0,0,0,0,73.59,0,0,0,0,0
8/16/2011 23:00,0,0,0,0,0,0,0,0,0,0,73.59,0,0,0,0,0
8/16/2011 23:10,0,0,0,0,0,0,0,0,0,0,73.59,0,0,0,0,0
8/16/2011 23:20,0,0,0,0,0,0,0,0,0,0,73.59,0,0,0,0,0
8/16/2011 23:30,0,0,0,0,0,0,0,0,0,0,73.59,0,0,0,0,0
8/16/2011 23:40,0,0,0,0,0,0,0,0,0,0,73.59,0,0,0,0,0
8/16/2011 23:50,0,0,0,0,0,0,0,0,0,0,73.59,0,0,0,0,0
8/17/2011 0:00,0,0,0,0,0,0,0,0,0,0,73.59,0,0,0,0,0
8/17/2011 0:10,0,0,0,0,0,0,0,0,0,0,73.59,0,0,0,0,0
8/17/2011 0:20,0,0,0,0,0,0,0,0,0,0,73.59,0,0,0,0,0
8/17/2011 0:30,0,0,0,0,0,0,0,0,0,0,73.59,0,0,0,0,0
8/17/2011 0:40,0,0,0,0,0,0,0,0,0,0,73.59,0,0,0,0,0
8/17/2011 0:50,0,0,0,0,0,0,0,0,0,0,73.59,0,0,0,0,0
8/17/2011 1:00,0,0,0,0,0,0,0,0,0,0,73.59,0,0,0,0,0
8/17/2011 1:10,0,0,0,0,0,0,0,0,0,0,73.59,0,0,0,0,0
8/17/2011 1:20,0,0,0,0,0,0,0,0,0,0,73.59,0,0,0,0,0
8/17/2011 1:30,0,0,0,0,0,0,0,0,0,0,73.59,0,0,0,0,0
8/17/2011 1:40,0,0,0,0,0,0,0,0,0,0,73.59,0,0,0,0,0
8/17/2011 1:50,0,0,0,0,0,0,0,0,0,0,44.6,0,0,0,0,0
8/17/2011 2:00,0,0,0,0,0,0,0,0,0,0,73.59,0,0,0,0,0
8/17/2011 2:10,0,0,0,0,0,0,0,0,0,0,73.59,0,0,0,0,0
8/17/2011 2:20,0,0,0,0,0,0,0,0,0,0,73.59,0,0,0,0,0
8/17/2011 2:30,0,0,0,0,0,0,0,0,0,0,73.59,0,0,0,0,0
8/17/2011 2:40,0,0,0,0,0,0,0,0,0,0,73.59,0,0,0,0,0
8/17/2011 2:50,0,0,0,0,0,0,0,0,0,0,73.59,0,0,0,0,0
8/17/2011 3:00,0,0,0,0,0,0,0,0,0,0,73.59,0,0,0,0,0
8/17/2011 3:10,0,0,0,0,0,0,0,0,0,0,73.59,0,0,0,0,0
8/17/2011 3:20,0,0,0,0,0,0,0,0,0,0,73.59,0,0,0,0,0
8/17/2011 3:30,0,0,0,0,0,0,0,0,0,0,73.59,0,0,0,0,0
8/17/2011 3:40,0,0,0,0,0,0,0,0,0,0,59.095,0,0,0,0,0
8/17/2011 3:50,0,0,0,0,0,0,0,0,0,0,44.6,0,0,0,0,0
8/17/2011 4:00,0,0,0,0,0,0,0,0,0,0,73.59,0,0,0,0,0
8/17/2011 4:10,0,0,0,0,0,0,0,0,0,0,73.59,0,0,0,0,0
8/17/2011 4:20,0,0,0,0,0,0,0,0,0,0,59.095,0,0,0,0,0
8/17/2011 4:30,0,0,0,0,0,0,0,0,0,0,73.59,0,0,0,0,0
8/17/2011 4:40,0,0,0,1.455,1.185,1.315,0,1.065,1.15,0,118.19,0,1.035,0.88,0,1.795
8/17/2011 4:50,0,1.3,1.025,1.455,1.185,1.315,0,1.065,1.15,1.005,192.895,1.87,1.035,0.88,1.165,1.795
8/17/2011 5:00,1.11,1.3,1.025,4.365,2.37,3.945,1.03,1.065,2.3,1.005,296.59,1.87,1.035,1.76,1.165,3.59
8/17/2011 5:10,1.11,2.6,2.05,7.275,3.555,6.575,1.03,3.195,3.45,2.01,563.075,3.74,3.105,2.64,2.33,5.385
8/17/2011 5:20,1.11,2.6,3.075,10.185,5.925,7.89,1.03,4.26,4.6,3.015,800.57,5.61,4.14,4.4,3.495,8.975
8/17/2011 5:30,2.22,3.9,3.075,10.185,5.925,9.205,1.03,4.26,5.75,3.015,859.665,5.61,4.14,4.4,3.495,8.975
8/17/2011 5:40,2.22,3.9,3.075,11.64,5.925,9.205,1.03,4.26,5.75,3.015,918.76,5.61,4.14,5.28,3.495,8.975
8/17/2011 5:50,0.888,1.56,1.64,5.238,2.844,4.208,0.412,2.13,3.22,1.206,438.864,2.992,2.07,2.464,1.864,4.308
8/17/2011 6:00,0.8325,1.3,1.28125,4.365,2.66625,3.945,0.515,2.13,3.45,1.005,433.45625,2.805,1.81125,2.64,1.45625,4.03875
8/17/2011 6:10,0.41625,0.975,0.76875,3.455625,1.925625,3.780625,0.2575,1.065,2.73125,0.628125,250.03875,1.4025,1.164375,1.43,1.019375,2.6925
8/17/2011 6:20,0.403636364,0.709090909,0.652272727,2.645454545,1.508181818,2.749545455,0.280909091,0.968181818,1.672727273,0.548181818,261.4168182,1.19,0.752727273,0.96,0.847272727,2.447727273
8/17/2011 6:30,0.426923077,0.5,0.394230769,2.126538462,1.093846154,3.236923077,0.316923077,0.655384615,0.973076923,0.386538462,182.4311538,0.863076923,0.557307692,0.88,0.806538462,2.071153846
8/17/2011 6:40,0.37,0.52,0.546666667,4.074,2.054,5.084666667,0.549333333,1.136,1.456666667,0.402,314.207,1.246666667,0.828,1.232,1.631,3.829333333
8/17/2011 6:50,0.522352941,0.535294118,0.482352941,5.563235294,1.115294118,4.795882353,0.484705882,2.192647059,1.758823529,0.413823529,437.6047059,1.21,0.669705882,2.225882353,1.850294118,4.329117647
8/17/2011 7:00,0.37902439,0.253658537,0.225,2.164756098,0.520243902,1.828170732,0.20097561,0.961097561,1.17804878,0.171585366,179.2702439,0.547317073,0.580609756,0.88,0.738780488,1.970121951
8/17/2011 7:10,0.314336283,0.207079646,0.145132743,1.519380531,0.755044248,1.303362832,0.145840708,0.697433628,0.936283186,0.124513274,129.0439823,0.628849558,0.531238938,0.669734513,0.556725664,1.461415929
8/17/2011 7:20,0.419527559,0.388976378,0.290551181,1.81015748,1.212992126,1.553149606,0.178425197,0.855354331,1.213385827,0.158267717,159.4362205,1.06015748,0.700866142,0.817637795,0.660472441,1.752598425
8/17/2011 7:30,0.539439252,0.461682243,0.708878505,2.202897196,1.528317757,1.868037383,0.231028037,1.035140187,1.590654206,0.262990654,196.9485981,1.36317757,0.870560748,1.003364486,0.827476636,2.14728972
8/17/2011 7:40,0.365795455,0.502272727,0.5125,1.455,0.983011364,1.180511364,0.175568182,0.689829545,1.097727273,0.331193182,131.0125,0.91375,0.576306818,0.66,0.556022727,1.407443182
8/17/2011 7:50,0.325151515,0.525252525,0.455555556,1.278636364,0.897727273,0.996212121,0.176868687,0.613181818,0.998989899,0.436515152,116.9060606,0.812222222,0.512272727,0.586666667,0.506010101,1.251060606
8/17/2011 8:00,0.467368421,0.769736842,0.647368421,1.761315789,1.247368421,1.297697368,0.243947368,0.854802632,1.422368421,0.634736842,164.3157895,1.156447368,0.735394737,0.822105263,0.720460526,1.747763158
8/17/2011 8:10,0.42,0.716756757,0.565135135,1.557243243,1.10172973,1.052,0.222702703,0.748378378,1.280540541,0.597567568,146.6978378,1.031027027,0.648972973,0.723027027,0.642324324,1.533027027
8/17/2011 8:20,0.31351145,0.535877863,0.414694656,1.121793893,0.796030534,0.712709924,0.165114504,0.552824427,0.948091603,0.444961832,107.8400763,0.770839695,0.474045802,0.530687023,0.480229008,1.123587786
8/17/2011 8:30,0.284040404,0.507744108,0.37962963,1.009191919,0.718181818,0.664141414,0.152592593,0.502020202,0.875084175,0.412828283,98.51043771,0.705185185,0.432121212,0.48,0.439326599,1.015353535
8/17/2011 8:40,0.285530547,0.509967846,0.375723473,0.991832797,0.701093248,0.659614148,0.145723473,0.493118971,0.865273312,0.413633441,98.01961415,0.709517685,0.432636656,0.475369775,0.442025723,1.004276527
8/17/2011 8:50,0.29842623,0.54557377,0.396557377,1.03042623,0.722655738,0.681213115,0.155344262,0.509803279,0.912459016,0.43495082,103.2380328,0.748,0.454721311,0.496262295,0.466,1.04757377
8/17/2011 9:00,0.26870317,0.494524496,0.354466859,0.905706052,0.642017291,0.591181556,0.136541787,0.46037464,0.828530259,0.39389049,92.92737752,0.679020173,0.405648415,0.441268012,0.423025937,0.931123919
8/17/2011 9:10,0.257730871,0.473350923,0.32994723,0.852269129,0.600316623,0.541266491,0.130448549,0.432744063,0.788918206,0.376543536,88.3762533,0.641424802,0.387783641,0.417941953,0.405751979,0.880923483
8/17/2011 9:20,0.24975,0.4615,0.322875,0.822075,0.562875,0.53915,0.12875,0.420675,0.7705,0.366825,85.79925,0.62645,0.377775,0.4048,0.3961,0.852625
8/17/2011 9:30,0.247251185,0.455924171,0.310900474,0.786113744,0.539146919,0.554668246,0.126919431,0.408838863,0.757582938,0.361990521,83.86279621,0.611516588,0.367890995,0.392037915,0.392014218,0.825189573
8/17/2011 9:40,0.238389262,0.442058166,0.298098434,0.748657718,0.514295302,0.541297539,0.119821029,0.395503356,0.735794183,0.350738255,80.81879195,0.594049217,0.356577181,0.377986577,0.380514541,0.787069351
8/17/2011 9:50,0.232435897,0.433333333,0.297863248,0.721282051,0.491217949,0.533867521,0.118846154,0.382307692,0.717521368,0.343589744,78.95534188,0.583376068,0.349423077,0.364786325,0.373397436,0.767094017
8/17/2011 10:00,0.232008197,0.431557377,0.294057377,0.691721311,0.475942623,0.538934426,0.11397541,0.375368852,0.706967213,0.337745902,77.09036885,0.574795082,0.343586066,0.35704918,0.367643443,0.743012295
8/17/2011 10:10,0.22415534,0.413980583,0.286601942,0.661106796,0.460194175,0.536213592,0.112,0.359825243,0.683300971,0.323941748,74.65087379,0.559184466,0.329592233,0.341747573,0.357417476,0.711029126
8/17/2011 10:20,0.214572491,0.405947955,0.278159851,0.632843866,0.440520446,0.537732342,0.107211896,0.348401487,0.662639405,0.313828996,72.95167286,0.542230483,0.319349442,0.333680297,0.350799257,0.687304833
8/17/2011 10:30,0.210860215,0.400716846,0.275537634,0.604946237,0.428978495,0.527885305,0.107060932,0.339731183,0.65125448,0.309784946,71.73566308,0.529498208,0.315322581,0.324874552,0.342401434,0.669103943
8/17/2011 10:40,0.208125,0.40625,0.270486111,0.59109375,0.415572917,0.520520833,0.103715278,0.3328125,0.638888889,0.307083333,70.65538194,0.5259375,0.3090625,0.317777778,0.335746528,0.648194444
8/17/2011 10:50,0.205555556,0.402693603,0.265740741,0.578080808,0.398989899,0.518030303,0.104040404,0.326313131,0.627272727,0.301161616,69.45286195,0.516296296,0.306666667,0.311111111,0.329494949,0.63459596
8/17/2011 11:00,0.203803279,0.400655738,0.262131148,0.562918033,0.38852459,0.517377049,0.101311475,0.321245902,0.614590164,0.296557377,68.36229508,0.502754098,0.302016393,0.305836066,0.324672131,0.623836066
8/17/2011 11:10,0.202140575,0.398722045,0.25870607,0.562476038,0.386166134,0.520958466,0.10201278,0.3164377,0.606230032,0.292188498,67.32747604,0.501853035,0.297603834,0.300830671,0.320095847,0.607891374
8/17/2011 11:20,0.198962264,0.400628931,0.261084906,0.558207547,0.383820755,0.525172956,0.103647799,0.311462264,0.60754717,0.290754717,66.82987421,0.499842767,0.296179245,0.298867925,0.322389937,0.598333333
8/17/2011 11:30,0.193486239,0.393577982,0.253899083,0.542844037,0.373256881,0.514740061,0.100795107,0.302889908,0.590825688,0.282752294,65.26330275,0.486085627,0.288027523,0.28795107,0.317079511,0.581865443
8/17/2011 11:40,0.19362406,0.394887218,0.255864662,0.538240602,0.370646617,0.518090226,0.102225564,0.301082707,0.587969925,0.281097744,65.32390977,0.483669173,0.289488722,0.288481203,0.315338346,0.577639098
8/17/2011 11:50,0.193757396,0.392307692,0.254733728,0.538091716,0.368121302,0.513550296,0.10056213,0.29933432,0.585207101,0.279497041,65.31656805,0.486863905,0.287840237,0.286390533,0.317100592,0.568239645
8/17/2011 12:00,0.191771596,0.384480234,0.249121523,0.524055637,0.360878477,0.508286969,0.099531479,0.293147877,0.572474378,0.273689605,64.25534407,0.476398243,0.28489019,0.280878477,0.313850659,0.55715959
8/17/2011 12:10,0.189826087,0.384347826,0.249565217,0.51873913,0.360652174,0.503130435,0.098521739,0.290173913,0.566666667,0.273826087,64.05594203,0.471565217,0.282,0.28057971,0.310666667,0.546304348
8/17/2011 12:20,0.187114286,0.382571429,0.248928571,0.515485714,0.362271429,0.507214286,0.100057143,0.289071429,0.558571429,0.269914286,63.778,0.470171429,0.280928571,0.276571429,0.309557143,0.5385
8/17/2011 12:30,0.186581197,0.385185185,0.251139601,0.522307692,0.367991453,0.517008547,0.09977208,0.291282051,0.563532764,0.274871795,64.61282051,0.468831909,0.283076923,0.280797721,0.311994302,0.542079772
8/17/2011 12:40,0.184219409,0.376652602,0.247960619,0.507510549,0.363333333,0.510464135,0.098509142,0.284599156,0.549929677,0.268565401,63.60675105,0.462897328,0.279493671,0.274767932,0.304767932,0.52511955
8/17/2011 12:50,0.182677824,0.366248257,0.243026499,0.503263598,0.360292887,0.50986053,0.097684798,0.279246862,0.542119944,0.263514644,62.91896792,0.45902371,0.277154812,0.272468619,0.302217573,0.515718271
8/17/2011 13:00,0.180336134,0.364145658,0.244047619,0.501302521,0.361806723,0.515686275,0.098095238,0.280420168,0.541176471,0.264621849,63.02717087,0.460952381,0.275420168,0.273613445,0.303487395,0.507829132
8/17/2011 13:10,0.180842697,0.361516854,0.244733146,0.506797753,0.362823034,0.513441011,0.098370787,0.278216292,0.539466292,0.262542135,63.14157303,0.456994382,0.27619382,0.274382022,0.304339888,0.504213483
8/17/2011 13:20,0.179744318,0.361931818,0.244602273,0.50015625,0.363579545,0.504332386,0.099488636,0.278352273,0.532528409,0.259815341,63.19389205,0.456875,0.276392045,0.2725,0.301178977,0.499744318
8/17/2011 13:30,0.177724719,0.354213483,0.238974719,0.498623596,0.35616573,0.472808989,0.098370787,0.272233146,0.523314607,0.254073034,62.01404494,0.451741573,0.270379213,0.269438202,0.297794944,0.473960674
8/17/2011 13:40,0.174928367,0.353868195,0.240830946,0.504455587,0.356518625,0.459684814,0.09739255,0.271590258,0.520630372,0.253409742,62.17163324,0.45008596,0.272836676,0.272320917,0.297091691,0.468037249
8/17/2011 13:50,0.172987013,0.352669553,0.23961039,0.503896104,0.352251082,0.474386724,0.098095238,0.27047619,0.514430014,0.252337662,61.94444444,0.447936508,0.271818182,0.271746032,0.295873016,0.461053391
8/17/2011 14:00,0.174752187,0.348688047,0.239067055,0.509037901,0.352390671,0.490728863,0.09909621,0.270131195,0.512973761,0.251982507,61.82886297,0.447055394,0.271574344,0.271953353,0.295495627,0.450058309
8/17/2011 14:10,0.17277533,0.343612335,0.237812041,0.508502203,0.348017621,0.498193833,0.096798825,0.265859031,0.503230543,0.247929515,61.0712188,0.444845815,0.270528634,0.271365639,0.29082232,0.432276065
8/17/2011 14:20,0.173593985,0.340150376,0.240451128,0.516360902,0.349263158,0.506225564,0.09912782,0.265849624,0.504962406,0.247849624,61.40045113,0.444300752,0.27081203,0.27524812,0.294315789,0.426481203
8/17/2011 14:30,0.168949772,0.332420091,0.234018265,0.513789954,0.342694064,0.492374429,0.097199391,0.26260274,0.493607306,0.241689498,60.28127854,0.438325723,0.267808219,0.270563166,0.287260274,0.409817352
8/17/2011 14:40,0.169175739,0.327527216,0.23592535,0.520451011,0.342783826,0.490824261,0.096111975,0.261695179,0.490046656,0.237573872,60.06780715,0.436236392,0.267200622,0.273716952,0.286267496,0.396407465
8/17/2011 14:50,0.166146497,0.322929936,0.235031847,0.528248408,0.343423567,0.489984076,0.095127389,0.257770701,0.48343949,0.233646497,59.83359873,0.434745223,0.266990446,0.274649682,0.281974522,0.383009554
8/17/2011 15:00,0.162175325,0.316558442,0.229626623,0.524366883,0.342418831,0.486720779,0.093636364,0.255876623,0.474188312,0.228409091,59.00811688,0.425,0.265470779,0.274285714,0.279902597,0.372987013
8/17/2011 15:10,0.163344482,0.313043478,0.229682274,0.53041806,0.34083612,0.483779264,0.093010033,0.252892977,0.469230769,0.225200669,58.80785953,0.4190301,0.266538462,0.273712375,0.276638796,0.366204013
8/17/2011 15:20,0.155589744,0.302222222,0.224273504,0.527282051,0.332205128,0.467555556,0.091555556,0.247589744,0.452136752,0.216461538,57.29384615,0.396376068,0.258307692,0.270769231,0.270837607,0.349794872
8/17/2011 15:30,0.158855098,0.302325581,0.227370304,0.541395349,0.343416816,0.470483005,0.092128801,0.251484794,0.456708408,0.219338104,58.0039356,0.388050089,0.262915921,0.27706619,0.27509839,0.346797853
8/17/2011 15:40,0.155359116,0.296869245,0.226519337,0.541270718,0.336077348,0.450441989,0.091049724,0.247127072,0.448987109,0.214696133,57.20791897,0.365046041,0.263038674,0.275506446,0.270331492,0.33718232
8/17/2011 15:50,0.152519084,0.297709924,0.226908397,0.549790076,0.339217557,0.436660305,0.090419847,0.24389313,0.443320611,0.210973282,56.85648855,0.34259542,0.260725191,0.278778626,0.271240458,0.335706107
8/17/2011 16:00,0.151566265,0.297590361,0.230522088,0.555120482,0.347409639,0.401365462,0.091004016,0.243795181,0.43875502,0.205843373,57.00381526,0.330441767,0.266024096,0.282730924,0.271365462,0.331606426
8/17/2011 16:10,0.153584906,0.299790356,0.227777778,0.561257862,0.347798742,0.380440252,0.090691824,0.241132075,0.433962264,0.202264151,56.66163522,0.313626834,0.264716981,0.284109015,0.268658281,0.323626834
8/17/2011 16:20,0.154651685,0.303820225,0.230337079,0.582,0.351505618,0.366426966,0.087955056,0.239325843,0.434157303,0.203258427,57.22831461,0.319370787,0.269797753,0.288719101,0.277505618,0.330764045
8/17/2011 16:30,0.14972093,0.302325581,0.228837209,0.582,0.347232558,0.348627907,0.086232558,0.232813953,0.42255814,0.196325581,56.00930233,0.304418605,0.269581395,0.286511628,0.270930233,0.325604651
8/17/2011 16:40,0.142167488,0.307389163,0.222167488,0.58773399,0.344408867,0.323891626,0.086256158,0.225591133,0.407881773,0.188128079,54.87118227,0.303990148,0.265123153,0.286108374,0.263990148,0.318325123
8/17/2011 16:50,0.137674419,0.315762274,0.22248062,0.594031008,0.336821705,0.285426357,0.085167959,0.220155039,0.392248062,0.181782946,53.87726098,0.299586563,0.26744186,0.281963824,0.258888889,0.306124031
8/17/2011 17:00,0.135290859,0.302493075,0.221468144,0.604570637,0.334819945,0.276842105,0.079889197,0.218310249,0.388642659,0.172603878,53.74238227,0.290083102,0.263767313,0.282770083,0.258171745,0.308282548
8/17/2011 17:10,0.137928994,0.284615385,0.218343195,0.619881657,0.329556213,0.303461538,0.073136095,0.214260355,0.381065089,0.166508876,53.30887574,0.276627219,0.269467456,0.281183432,0.255059172,0.308017751
8/17/2011 17:20,0.127261146,0.248407643,0.21544586,0.620923567,0.317006369,0.276401274,0.065605096,0.210286624,0.358917197,0.160031847,51.43914013,0.262038217,0.263694268,0.274649682,0.252292994,0.297261146
8/17/2011 17:30,0.120816327,0.221088435,0.209183673,0.623571429,0.306326531,0.268367347,0.056054422,0.202857143,0.336394558,0.143571429,49.40132653,0.254421769,0.253469388,0.269387755,0.237755102,0.293061224
8/17/2011 17:40,0.117727273,0.206818182,0.209659091,0.650340909,0.305227273,0.259015152,0.046818182,0.201704545,0.322348485,0.137045455,48.51939394,0.240833333,0.25875,0.266666667,0.238295455,0.299166667
8/17/2011 17:50,0.110539419,0.18340249,0.195643154,0.615809129,0.285186722,0.240082988,0.034190871,0.18560166,0.286307054,0.116763485,44.68327801,0.232780083,0.240497925,0.248298755,0.222365145,0.283029046
8/17/2011 18:00,0.0925,0.156481481,0.189814815,0.592777778,0.274305556,0.219166667,0.028611111,0.1775,0.244907407,0.102361111,41.35824074,0.207777778,0.220416667,0.236296296,0.204953704,0.265925926
8/17/2011 18:10,0.078484848,0.118181818,0.176010101,0.558484848,0.251363636,0.199242424,0.020808081,0.161363636,0.174242424,0.071060606,36.31070707,0.188888889,0.188181818,0.213333333,0.164747475,0.253838384
8/17/2011 18:20,0.064534884,0.075581395,0.166860465,0.524476744,0.234244186,0.19877907,0.023953488,0.13622093,0.106976744,0.058430233,28.73069767,0.152209302,0.156453488,0.16372093,0.135465116,0.229593023
8/17/2011 18:30,0.04410596,0.068874172,0.135761589,0.462516556,0.188344371,0.174172185,0.013642384,0.098741722,0.091390728,0.053245033,17.24927152,0.099072848,0.123377483,0.069933775,0.092582781,0.166423841
8/17/2011 18:40,0.033636364,0.039393939,0.046590909,0.220454545,0.071818182,0.099621212,0.015606061,0.048409091,0.06969697,0.030454545,8.514545455,0.056666667,0.047045455,0.04,0.052954545,0.081590909
8/17/2011 18:50,0.020747664,0.024299065,0.038317757,0.081588785,0.044299065,0.049158879,0.019252336,0.039813084,0.064485981,0.018785047,7.190186916,0.034953271,0.038691589,0.032897196,0.043551402,0.067102804
8/17/2011 19:00,0.02494382,0.029213483,0.023033708,0.065393258,0.026629213,0.029550562,0.023146067,0.023932584,0.051685393,0.02258427,5.311910112,0.042022472,0.023258427,0.019775281,0.026179775,0.040337079
8/17/2011 19:10,0.031267606,0.036619718,0.028873239,0.040985915,0.033380282,0.037042254,0.029014085,0.03,0.032394366,0.028309859,4.993943662,0.052676056,0.02915493,0.024788732,0.032816901,0.05056338
8/17/2011 19:20,0,0.047272727,0.037272727,0.052909091,0.043090909,0.047818182,0,0.038727273,0.041818182,0.036545455,4.824909091,0.068,0.037636364,0.032,0.042363636,0.065272727
8/17/2011 19:30,0,0,0,0,0,0,0,0,0,0,3.873157895,0,0,0,0,0
8/17/2011 19:40,0,0,0,0,0,0,0,0,0,0,6.69,0,0,0,0,0
8/17/2011 19:50,0,0,0,0,0,0,0,0,0,0,12.265,0,0,0,0,0
8/17/2011 20:00,0,0,0,0,0,0,0,0,0,0,18.3975,0,0,0,0,0
8/17/2011 20:10,0,0,0,0,0,0,0,0,0,0,36.795,0,0,0,0,0
8/17/2011 20:20,0,0,0,0,0,0,0,0,0,0,73.59,0,0,0,0,0
8/17/2011 20:30,0,0,0,0,0,0,0,0,0,0,73.59,0,0,0,0,0
8/17/2011 20:40,0,0,0,0,0,0,0,0,0,0,73.59,0,0,0,0,0
8/17/2011 20:50,0,0,0,0,0,0,0,0,0,0,73.59,0,0,0,0,0
8/17/2011 21:00,0,0,0,0,0,0,0,0,0,0,73.59,0,0,0,0,0
8/17/2011 21:10,0,0,0,0,0,0,0,0,0,0,73.59,0,0,0,0,0
8/17/2011 21:20,0,0,0,0,0,0,0,0,0,0,73.59,0,0,0,0,0
8/17/2011 21:30,0,0,0,0,0,0,0,0,0,0,73.59,0,0,0,0,0
8/17/2011 21:40,0,0,0,0,0,0,0,0,0,0,73.59,0,0,0,0,0
8/17/2011 21:50,0,0,0,0,0,0,0,0,0,0,73.59,0,0,0,0,0
8/17/2011 22:00,0,0,0,0,0,0,0,0,0,0,73.59,0,0,0,0,0
8/17/2011 22:10,0,0,0,0,0,0,0,0,0,0,73.59,0,0,0,0,0
8/17/2011 22:20,0,0,0,0,0,0,0,0,0,0,73.59,0,0,0,0,0
8/17/2011 22:30,0,0,0,0,0,0,0,0,0,0,73.59,0,0,0,0,0
8/17/2011 22:40,0,0,0,0,0,0,0,0,0,0,73.59,0,0,0,0,0
8/17/2011 22:50,0,0,0,0,0,0,0,0,0,0,73.59,0,0,0,0,0
8/17/2011 23:00,0,0,0,0,0,0,0,0,0,0,73.59,0,0,0,0,0
8/17/2011 23:10,0,0,0,0,0,0,0,0,0,0,73.59,0,0,0,0,0
8/17/2011 23:20,0,0,0,0,0,0,0,0,0,0,73.59,0,0,0,0,0
8/17/2011 23:30,0,0,0,0,0,0,0,0,0,0,73.59,0,0,0,0,0
8/17/2011 23:40,0,0,0,0,0,0,0,0,0,0,73.59,0,0,0,0,0
8/17/2011 23:50,0,0,0,0,0,0,0,0,0,0,73.59,0,0,0,0,0
8/18/2011 0:00,0,0,0,0,0,0,0,0,0,0,73.59,0,0,0,0,0
8/18/2011 0:10,0,0,0,0,0,0,0,0,0,0,73.59,0,0,0,0,0
8/18/2011 0:20,0,0,0,0,0,0,0,0,0,0,73.59,0,0,0,0,0
8/18/2011 0:30,0,0,0,0,0,0,0,0,0,0,73.59,0,0,0,0,0
8/18/2011 0:40,0,0,0,0,0,0,0,0,0,0,73.59,0,0,0,0,0
8/18/2011 0:50,0,0,0,0,0,0,0,0,0,0,73.59,0,0,0,0,0
8/18/2011 1:00,0,0,0,0,0,0,0,0,0,0,73.59,0,0,0,0,0
8/18/2011 1:10,0,0,0,0,0,0,0,0,0,0,73.59,0,0,0,0,0
8/18/2011 1:20,0,0,0,0,0,0,0,0,0,0,73.59,0,0,0,0,0
8/18/2011 1:30,0,0,0,0,0,0,0,0,0,0,73.59,0,0,0,0,0
8/18/2011 1:40,0,0,0,0,0,0,0,0,0,0,73.59,0,0,0,0,0
8/18/2011 1:50,0,0,0,0,0,0,0,0,0,0,73.59,0,0,0,0,0
8/18/2011 2:00,0,0,0,0,0,0,0,0,0,0,73.59,0,0,0,0,0
8/18/2011 2:10,0,0,0,0,0,0,0,0,0,0,73.59,0,0,0,0,0
8/18/2011 2:20,0,0,0,0,0,0,0,0,0,0,73.59,0,0,0,0,0
8/18/2011 2:30,0,0,0,0,0,0,0,0,0,0,73.59,0,0,0,0,0
8/18/2011 2:40,0,0,0,0,0,0,0,0,0,0,59.095,0,0,0,0,0
8/18/2011 2:50,0,0,0,0,0,0,0,0,0,0,44.6,0,0,0,0,0
8/18/2011 3:00,0,0,0,0,0,0,0,0,0,0,14.495,0,0,0,0,0
8/18/2011 3:10,0,0,0,0,0,0,0,0,0,0,44.6,0,0,0,0,0
8/18/2011 3:20,0,0,0,0,0,0,0,0,0,0,30.105,0,0,0,0,0
8/18/2011 3:30,0,0,0,0,0,0,0,0,0,0,30.105,0,0,0,0,0
8/18/2011 3:40,0,0,0,0,0,0,0,0,0,0,0,0,0,0,0,0
8/18/2011 3:50,0,0,0,0,0,0,0,0,0,0,59.095,0,0,0,0,0
8/18/2011 4:00,0,0,0,0,0,0,0,0,0,0,14.495,0,0,0,0,0
8/18/2011 4:10,0,0,0,0,0,0,0,0,0,0,14.495,0,0,0,0,0
8/18/2011 4:20,0,0,0,0,0,0,0,0,0,0,14.495,0,0,0,0,0
8/18/2011 4:30,0,0,0,0,0,0,0,0,0,0,73.59,0,0,0,0,0
8/18/2011 4:40,0,0,0,0,0,1.315,0,0,0,0,73.59,0,0,0,0,0
8/18/2011 4:50,0,0,0,1.455,1.185,1.315,0,1.065,1.15,0,133.8,0,1.035,0.88,0,1.795
8/18/2011 5:00,0,1.3,1.025,1.455,1.185,1.315,0,1.065,1.15,1.005,192.895,1.87,1.035,0.88,1.165,1.795
8/18/2011 5:10,1.11,1.3,1.025,2.91,2.37,2.63,1.03,1.065,2.3,1.005,266.485,1.87,1.035,1.76,1.165,3.59
8/18/2011 5:20,1.11,1.3,1.025,4.365,2.37,3.945,1.03,2.13,3.45,1.005,400.285,1.87,2.07,1.76,1.165,3.59
8/18/2011 5:30,1.11,2.6,2.05,7.275,3.555,7.89,1.03,2.13,3.45,2.01,489.485,3.74,2.07,2.64,2.33,5.385
8/18/2011 5:40,1.11,2.6,3.075,8.73,5.925,17.095,1.03,3.195,5.75,2.01,711.37,3.74,3.105,5.28,2.33,12.565
8/18/2011 5:50,1.11,1.3,1.5375,4.365,3.555,4.6025,0.515,1.5975,4.025,1.005,437.08,2.805,1.5525,3.52,1.7475,6.2825
8/18/2011 6:00,0.74,1.3,1.025,3.395,1.975,3.506666667,0.343333333,1.42,3.833333333,1.005,370.5516667,2.493333333,1.38,2.64,1.165,3.59
8/18/2011 6:10,0.444,0.78,0.82,3.201,1.896,6.312,0.206,0.852,3.68,0.603,272.729,1.122,1.242,1.584,0.932,2.872
8/18/2011 6:20,0.475714286,0.557142857,0.585714286,3.533571429,1.523571429,3.757142857,0.294285714,0.760714286,2.135714286,0.430714286,334.5,0.801428571,0.739285714,0.88,0.832142857,2.051428571
8/18/2011 6:30,0.493333333,0.577777778,0.455555556,2.91,1.185,6.282777778,0.572222222,0.591666667,1.15,0.446666667,200.8238889,1.038888889,0.575,1.173333333,1.035555556,2.592777778
8/18/2011 6:40,0.403636364,0.472727273,0.559090909,5.555454545,2.046818182,7.650909091,0.655454545,1.258636364,1.463636364,0.365454545,320.6131818,1.36,0.752727273,1.28,1.906363636,3.916363636
8/18/2011 6:50,0.5328,0.416,0.41,7.566,1.2324,7.0484,0.7416,2.8968,2.3,0.402,592.6448,1.3464,0.6624,2.816,2.5164,5.744
8/18/2011 7:00,0.460243902,0.190243902,0.2,2.519634146,0.433536585,2.148902439,0.251219512,1.142926829,1.598780488,0.147073171,213.182561,0.501707317,0.681585366,1.008780488,0.909268293,2.495487805
8/18/2011 7:10,0.43960396,0.231683168,0.142079208,1.872772277,0.703960396,1.562376238,0.183564356,0.864653465,1.320792079,0.119405941,157.5351485,0.666534653,0.676336634,0.836435644,0.692079208,1.883861386
8/18/2011 7:20,0.477024793,0.365289256,0.288016529,1.948016529,1.253553719,1.586694215,0.221322314,0.897768595,1.444628099,0.132892562,172.3181818,1.112727273,0.752727273,0.872727273,0.731735537,1.928512397
8/18/2011 7:30,0.440851064,0.331914894,0.581560284,1.733617021,1.176595745,1.492198582,0.219148936,0.815744681,1.337588652,0.199574468,158.1560284,1.060992908,0.69,0.786382979,0.67751773,1.756808511
8/18/2011 7:40,0.408588957,0.526380368,0.56595092,1.571042945,0.988711656,1.371472393,0.202208589,0.744846626,1.241717791,0.345276074,145.0184049,0.986625767,0.622269939,0.723435583,0.628957055,1.585766871
8/18/2011 7:50,0.379893048,0.556149733,0.526203209,1.431657754,0.98855615,1.181390374,0.187272727,0.68342246,1.156149733,0.537433155,134.0385027,0.92,0.575614973,0.658823529,0.585614973,1.439839572
8/18/2011 8:00,0.357725118,0.579146919,0.485781991,1.323981043,0.921042654,0.997156398,0.175734597,0.635971564,1.090047393,0.523933649,125.8734597,0.868530806,0.53957346,0.617251185,0.552132701,1.327109005
8/18/2011 8:10,0.346875,0.615178571,0.485044643,1.286116071,0.899330357,0.880580357,0.174732143,0.627589286,1.078125,0.538392857,124.9397321,0.868214286,0.535982143,0.605,0.561696429,1.298169643
8/18/2011 8:20,0.320859375,0.56875,0.440429688,1.159453125,0.8146875,0.78078125,0.1609375,0.56578125,0.98828125,0.5025,114.2003906,0.78890625,0.493242188,0.55,0.518789063,1.17796875
8/18/2011 8:30,0.310322581,0.549820789,0.418817204,1.084731183,0.764516129,0.735268817,0.155053763,0.534408602,0.948028674,0.475483871,108.7824373,0.764086022,0.467419355,0.517275986,0.492724014,1.106594982
8/18/2011 8:40,0.293069307,0.523432343,0.392409241,1.018019802,0.727425743,0.711749175,0.149570957,0.506138614,0.90330033,0.457722772,103.9194719,0.728250825,0.444059406,0.493729373,0.476765677,1.042640264
8/18/2011 8:50,0.286892308,0.504,0.378461538,0.967015385,0.685476923,0.695938462,0.139446154,0.484984615,0.870461538,0.439107692,100.3156923,0.701969231,0.426738462,0.471138462,0.458830769,0.994153846
8/18/2011 9:00,0.273524355,0.491690544,0.358309456,0.917191977,0.64512894,0.610401146,0.135759312,0.463839542,0.836962751,0.420429799,96.29255014,0.67512894,0.415186246,0.448825215,0.44730659,0.936074499
8/18/2011 9:10,0.259787234,0.470212766,0.343484043,0.859069149,0.605106383,0.531595745,0.131489362,0.436196809,0.801329787,0.400930851,91.9875,0.646542553,0.396382979,0.425957447,0.433776596,0.887952128
8/18/2011 9:20,0.248507463,0.452736318,0.321268657,0.810746269,0.565970149,0.510298507,0.122985075,0.41858209,0.77238806,0.39,88.64527363,0.623333333,0.375895522,0.407164179,0.417313433,0.848383085
8/18/2011 9:30,0.246666667,0.448699764,0.31501182,0.777375887,0.53787234,0.565791962,0.121749409,0.40787234,0.755791962,0.380141844,86.93309693,0.610070922,0.371914894,0.395271868,0.413120567,0.814751773
8/18/2011 9:40,0.237857143,0.435267857,0.302008929,0.740491071,0.513147321,0.61640625,0.119553571,0.389866071,0.729017857,0.363415179,83.32633929,0.584375,0.35578125,0.377142857,0.40046875,0.777299107
8/18/2011 9:50,0.237179487,0.427777778,0.30224359,0.7275,0.491217949,0.623782051,0.114444444,0.382307692,0.717521368,0.356474359,82.29081197,0.575384615,0.353846154,0.368547009,0.398290598,0.759423077
8/18/2011 10:00,0.231533742,0.4200409,0.293456033,0.702208589,0.474969325,0.591615542,0.113742331,0.374601227,0.700817996,0.349386503,80.12494888,0.56597137,0.342883436,0.356319018,0.390715746,0.734151329
8/18/2011 10:10,0.227244094,0.414566929,0.294586614,0.681673228,0.461870079,0.57984252,0.113543307,0.364783465,0.692716535,0.344232283,79.05964567,0.559527559,0.338208661,0.34992126,0.385275591,0.713759843
8/18/2011 10:20,0.22241966,0.407939509,0.286767486,0.649111531,0.443534972,0.586654064,0.109035917,0.354328922,0.673913043,0.33436673,77.56521739,0.551455577,0.328695652,0.339357278,0.37879017,0.69221172
8/18/2011 10:30,0.214708029,0.403284672,0.280565693,0.626605839,0.423832117,0.580711679,0.105255474,0.345930657,0.658941606,0.330109489,75.77116788,0.539160584,0.321076642,0.33080292,0.369908759,0.668211679
8/18/2011 10:40,0.212553191,0.405673759,0.279875887,0.608829787,0.411808511,0.57356383,0.105921986,0.339893617,0.648404255,0.324308511,75.08457447,0.530496454,0.319308511,0.324539007,0.367677305,0.655620567
8/18/2011 10:50,0.209433962,0.401372213,0.274271012,0.59897084,0.39838765,0.563893654,0.106003431,0.332469983,0.63516295,0.317186964,73.86157804,0.519622642,0.31245283,0.316981132,0.359691252,0.640411664
8/18/2011 11:00,0.206511628,0.397342193,0.269019934,0.584900332,0.389750831,0.559202658,0.102657807,0.321976744,0.618936877,0.31051495,72.16013289,0.509435216,0.3060299,0.306976744,0.352209302,0.620199336
8/18/2011 11:10,0.201165049,0.395469256,0.265372168,0.569757282,0.383495146,0.561747573,0.103333333,0.317087379,0.606634304,0.305728155,70.61666667,0.502297735,0.301456311,0.301877023,0.346860841,0.604142395
8/18/2011 11:20,0.201176471,0.39682035,0.263990461,0.564419714,0.380556439,0.572829889,0.101526232,0.314928458,0.606995231,0.303577107,70.16168521,0.499459459,0.299475358,0.299395866,0.344499205,0.599284579
8/18/2011 11:30,0.199937888,0.391614907,0.261024845,0.560310559,0.371692547,0.575822981,0.102360248,0.307593168,0.6,0.299627329,69.18540373,0.49363354,0.298928571,0.29515528,0.34371118,0.585326087
8/18/2011 11:40,0.20058193,0.394180704,0.263705972,0.55704441,0.373828484,0.579969372,0.100949464,0.30661562,0.59525268,0.295497703,69.29050536,0.498284839,0.301148545,0.293782542,0.342542113,0.582756508
8/18/2011 11:50,0.20060241,0.39939759,0.268599398,0.565346386,0.378343373,0.582243976,0.102379518,0.307951807,0.602710843,0.299683735,70.09051205,0.501295181,0.302394578,0.294216867,0.343885542,0.578509036
8/18/2011 12:00,0.168231798,0.336106984,0.228454681,0.492927192,0.320460624,0.492392273,0.088766716,0.265854383,0.505794948,0.253863299,59.90846954,0.427904903,0.261441308,0.253670134,0.297741456,0.501426449
8/18/2011 12:10,0.227192982,0.448538012,0.305701754,0.667938596,0.436578947,0.649809942,0.120467836,0.355,0.682602339,0.340877193,80.39736842,0.568654971,0.351052632,0.339649123,0.391739766,0.677061404
8/18/2011 12:20,0.232325581,0.457267442,0.315843023,0.680973837,0.447819767,0.672790698,0.122761628,0.365319767,0.69869186,0.350581395,82.97674419,0.59252907,0.364055233,0.350465116,0.403008721,0.693997093
8/18/2011 12:30,0.211123919,0.415850144,0.286527378,0.599610951,0.406383285,0.610129683,0.112795389,0.331469741,0.636311239,0.318587896,75.73645533,0.538904899,0.328097983,0.319538905,0.365951009,0.62074928
8/18/2011 12:40,0.192357955,0.376704545,0.259161932,0.533224432,0.363579545,0.549161932,0.102414773,0.296505682,0.571732955,0.285511364,68.10369318,0.4834375,0.296974432,0.2875,0.330965909,0.550738636
8/18/2011 12:50,0.179331476,0.358495822,0.245543175,0.506615599,0.346587744,0.520139276,0.097548747,0.278857939,0.541364903,0.268746518,64.35320334,0.458384401,0.282534819,0.269637883,0.314777159,0.51
8/18/2011 13:00,0.205422078,0.405194805,0.279545455,0.581055195,0.392435065,0.593457792,0.110357143,0.314659091,0.608603896,0.303457792,72.5836039,0.522142857,0.319237013,0.305714286,0.359334416,0.571136364
8/18/2011 13:10,0.14455814,0.290232558,0.200232558,0.412813953,0.281093023,0.425081395,0.079046512,0.225383721,0.435930233,0.217360465,51.96418605,0.374,0.228662791,0.218976744,0.257383721,0.404918605
8/18/2011 13:20,0.137370166,0.272928177,0.18801105,0.392287293,0.264497238,0.401038674,0.075116022,0.211823204,0.409171271,0.204331492,48.9121547,0.351270718,0.215005525,0.206143646,0.24201105,0.376850829
8/18/2011 13:30,0.156940874,0.307455013,0.216066838,0.448843188,0.304627249,0.442840617,0.087377892,0.24092545,0.464138817,0.23251928,55.92197943,0.403804627,0.247442159,0.237532134,0.275526992,0.419910026
8/18/2011 13:40,0.16789916,0.327731092,0.232563025,0.485,0.325294118,0.453067227,0.09232493,0.259537815,0.496078431,0.247731092,60.09131653,0.434761905,0.263823529,0.256358543,0.293697479,0.442464986
8/18/2011 13:50,0.16978355,0.333910534,0.236652237,0.49969697,0.331731602,0.478181818,0.095122655,0.264329004,0.501154401,0.249437229,61.204329,0.442539683,0.268831169,0.261587302,0.302597403,0.44033189
8/18/2011 14:00,0.172298507,0.333731343,0.238656716,0.508164179,0.332507463,0.510298507,0.095313433,0.263865672,0.504626866,0.252,61.74104478,0.446567164,0.274970149,0.265313433,0.299074627,0.439373134
8/18/2011 14:10,0.170769231,0.333333333,0.238084465,0.513529412,0.332443439,0.52361991,0.096319759,0.263438914,0.503016591,0.248597285,61.68657617,0.445641026,0.274751131,0.26811463,0.302232278,0.427767722
8/18/2011 14:20,0.169984686,0.326493109,0.238591118,0.516937213,0.330275651,0.527611026,0.094640123,0.260949464,0.496630934,0.246248086,61.12863706,0.44101072,0.272618683,0.266830015,0.299724349,0.417825421
8/18/2011 14:30,0.167811024,0.323464567,0.238897638,0.522425197,0.332173228,0.526,0.097322835,0.261637795,0.492598425,0.243732283,61.14062992,0.441732283,0.273826772,0.271622047,0.30088189,0.407055118
8/18/2011 14:40,0.168019324,0.322383253,0.237681159,0.524830918,0.332028986,0.525152979,0.096199678,0.260676329,0.488888889,0.239516908,60.90305958,0.439645733,0.27,0.272077295,0.300161031,0.398888889
8/18/2011 14:50,0.162439024,0.312845528,0.233333333,0.520487805,0.327560976,0.526,0.093788618,0.256292683,0.478699187,0.235317073,59.75674797,0.431772358,0.269268293,0.26900813,0.291723577,0.379430894
8/18/2011 15:00,0.165,0.307432432,0.232010135,0.525962838,0.328277027,0.533108108,0.093952703,0.255456081,0.473986486,0.230878378,59.78057432,0.429594595,0.269239865,0.270540541,0.29125,0.369915541
8/18/2011 15:10,0.160758621,0.309310345,0.233275862,0.536844828,0.330982759,0.530534483,0.092344828,0.253396552,0.471896552,0.228724138,59.67172414,0.425586207,0.267672414,0.273103448,0.293258621,0.359
8/18/2011 15:20,0.161382979,0.304255319,0.228989362,0.536595745,0.331968085,0.522269504,0.091312057,0.253031915,0.464893617,0.224521277,58.99219858,0.411134752,0.267925532,0.274609929,0.289184397,0.356453901
8/18/2011 15:30,0.158862385,0.300550459,0.229449541,0.549963303,0.334844037,0.506697248,0.090715596,0.25012844,0.46,0.221284404,58.88018349,0.391155963,0.26587156,0.277724771,0.290715596,0.349119266
8/18/2011 15:40,0.160380228,0.301520913,0.229942966,0.558764259,0.34243346,0.495,0.093992395,0.251064639,0.459125475,0.221634981,59.14163498,0.376844106,0.271539924,0.281064639,0.287927757,0.348079848
8/18/2011 15:50,0.154780876,0.300398406,0.228685259,0.562290837,0.344641434,0.471513944,0.090278884,0.246095618,0.449003984,0.216215139,58.41533865,0.357609562,0.268027888,0.280478088,0.28312749,0.343266932
8/18/2011 16:00,0.153584906,0.299790356,0.232075472,0.573459119,0.347798742,0.446603774,0.090691824,0.245597484,0.448427673,0.210691824,58.62515723,0.337148847,0.269056604,0.284109015,0.288197065,0.338679245
8/18/2011 16:10,0.148,0.290752688,0.22483871,0.563225806,0.336387097,0.378946237,0.088602151,0.233612903,0.425376344,0.19883871,56.34946237,0.313677419,0.262645161,0.276301075,0.275591398,0.324258065
8/18/2011 16:20,0.145656109,0.294117647,0.222624434,0.572782805,0.33780543,0.339162896,0.083891403,0.231312217,0.421493213,0.195542986,56.35542986,0.304615385,0.266945701,0.278733032,0.274117647,0.316764706
8/18/2011 16:30,0.142714286,0.297142857,0.219642857,0.575071429,0.327285714,0.331880952,0.083380952,0.228214286,0.410714286,0.191428571,55.48452381,0.302761905,0.266142857,0.280761905,0.271833333,0.316261905
8/18/2011 16:40,0.138059701,0.297512438,0.219278607,0.579104478,0.324253731,0.307487562,0.08199005,0.222537313,0.400497512,0.185,54.58507463,0.28840796,0.26261194,0.275820896,0.272412935,0.303631841
8/18/2011 16:50,0.303928571,0.696428571,0.488095238,1.33375,0.733571429,0.6575,0.183928571,0.494464286,0.876190476,0.394821429,122.1190476,0.645595238,0.591428571,0.628571429,0.610238095,0.683809524
8/18/2011 17:00,0.138356941,0.294617564,0.214872521,0.601784703,0.322266289,0.260764873,0.075864023,0.217223796,0.384419263,0.17082153,53.88640227,0.286062323,0.26388102,0.279206799,0.270623229,0.294929178
8/18/2011 17:10,0.137888199,0.282608696,0.222826087,0.632608696,0.323850932,0.277701863,0.070372671,0.218291925,0.378571429,0.168540373,54.82891304,0.278757764,0.27,0.284223602,0.274968944,0.301024845
8/18/2011 17:20,0.131881188,0.248844884,0.209735974,0.624257426,0.305049505,0.26039604,0.061188119,0.210891089,0.356765677,0.159207921,52.40867987,0.259207921,0.266435644,0.278811881,0.269141914,0.308052805
8/18/2011 17:30,0.128231047,0.225270758,0.207220217,0.63032491,0.299458484,0.256353791,0.052057762,0.207617329,0.340433213,0.145126354,50.60570397,0.256534296,0.261552347,0.273212996,0.260758123,0.298086643
8/18/2011 17:40,0.113176471,0.19372549,0.200980392,0.616235294,0.297411765,0.237215686,0.040392157,0.200470588,0.315686275,0.134,47.66078431,0.234666667,0.251647059,0.26227451,0.246705882,0.295647059
8/18/2011 17:50,0.105258621,0.168103448,0.185560345,0.589525862,0.275818966,0.215387931,0.035517241,0.18362069,0.277586207,0.11262931,44.10017241,0.225689655,0.240905172,0.250344828,0.230991379,0.278534483
8/18/2011 18:00,0.096057692,0.15,0.177403846,0.531634615,0.262067308,0.189663462,0.029711538,0.163846154,0.232211538,0.096634615,39.95774038,0.197788462,0.208990385,0.228461538,0.212836538,0.258894231
8/18/2011 18:10,0.070851064,0.096808511,0.16356383,0.495319149,0.226914894,0.181861702,0.021914894,0.147287234,0.146808511,0.064148936,33.82957447,0.159148936,0.176170213,0.205957447,0.161117021,0.229148936
8/18/2011 18:20,0.053818182,0.078787879,0.149090909,0.476181818,0.201090909,0.175333333,0.024969697,0.116181818,0.097575758,0.048727273,25.98963636,0.136,0.150545455,0.149333333,0.127090909,0.217575758
8/18/2011 18:30,0.03062069,0.053793103,0.127241379,0.40137931,0.147103448,0.145103448,0.014206897,0.088137931,0.079310345,0.041586207,15.50234483,0.103172414,0.114206897,0.072827586,0.096413793,0.173310345
8/18/2011 18:40,0.017903226,0.041935484,0.033064516,0.187741935,0.05733871,0.08483871,0.016612903,0.034354839,0.055645161,0.032419355,7.391370968,0.060322581,0.033387097,0.042580645,0.056370968,0.057903226
8/18/2011 18:50,0.021553398,0.025242718,0.019902913,0.056504854,0.046019417,0.051067961,0.02,0.020679612,0.044660194,0.019514563,5.45592233,0.03631068,0.020097087,0.034174757,0.022621359,0.034854369
8/18/2011 19:00,0.027073171,0.031707317,0.025,0.035487805,0.028902439,0.032073171,0.025121951,0.02597561,0.02804878,0.024512195,4.32402439,0.045609756,0.025243902,0.021463415,0.028414634,0.043780488
8/18/2011 19:10,0.034153846,0.04,0.031538462,0.044769231,0.036461538,0.040461538,0.031692308,0.032769231,0.035384615,0.030923077,5.008923077,0.057538462,0.031846154,0.027076923,0.035846154,0.055230769
8/18/2011 19:20,0.04625,0.054166667,0.042708333,0.060625,0.049375,0.054791667,0.042916667,0.044375,0.047916667,0.041875,5.528541667,0.077916667,0.043125,0.036666667,0.048541667,0.074791667
8/18/2011 19:30,0,0,0,0,0,0,0,0,0,0,4.328823529,0,0,0,0,0
8/18/2011 19:40,0,0,0,0,0,0,0,0,0,0,8.657647059,0,0,0,0,0
8/18/2011 19:50,0,0,0,0,0,0,0,0,0,0,14.718,0,0,0,0,0
8/18/2011 20:00,0,0,0,0,0,0,0,0,0,0,29.73333333,0,0,0.293333333,0,0
8/18/2011 20:10,0,0,0,0,0,0,0,0,0,0,36.795,0,0,0,0,0
8/18/2011 20:20,0,0,0,0,0,0,0,0,0,0,73.59,0,0,0,0,0
8/18/2011 20:30,0,0,0,0,0,0,0,0,0,0,73.59,0,0,0,0,0
8/18/2011 20:40,0,0,0,0,0,0,0,0,0,0,73.59,0,0,0,0,0
8/18/2011 20:50,0,0,0,0,0,0,0,0,0,0,73.59,0,0,0,0,0
8/18/2011 21:00,0,0,0,0,0,0,0,0,0,0,73.59,0,0,0,0,0
8/18/2011 21:10,0,0,0,0,0,0,0,0,0,0,73.59,0,0,0,0,0
8/18/2011 21:20,0,0,1.025,0,0,0,0,0,1.15,0,73.59,0,0,0,0,0
8/18/2011 21:30,1.11,1.3,1.025,1.455,1.185,0,1.03,0,0,0,89.2,1.87,1.035,0.88,1.165,1.795
8/18/2011 21:40,0,0,0,0,1.185,0,1.03,0,0,0,73.59,0,0,0,0,0
8/18/2011 21:50,0,0,0,0,1.185,1.315,1.03,0,0,0,73.59,0,0,0,0,0
8/18/2011 22:00,0,0,0,0,0,0,0,0,0,0,73.59,0,0,0,0,0
8/18/2011 22:10,0,0,0,0,0,0,0,0,0,0,89.2,0,0,0,0,0
8/18/2011 22:20,0,0,0,0,0,0,0,0,0,0,73.59,0,0,0,0,0
8/18/2011 22:30,0,0,0,0,0,0,0,0,0,0,73.59,0,0,0,0,0
8/18/2011 22:40,0,0,0,0,0,0,0,0,0,0,73.59,0,0,0,0,0
8/18/2011 22:50,0,0,0,0,0,0,0,0,0,0,73.59,0,0,0,0,0
8/18/2011 23:00,0,0,0,0,0,0,0,0,0,0,73.59,0,0,0,0,0
8/18/2011 23:10,0,0,0,0,0,0,0,0,0,0,73.59,0,0,0,0,0
8/18/2011 23:20,0,0,0,0,0,0,0,0,0,0,73.59,0,0,0,0,0
8/18/2011 23:30,0,0,0,0,0,0,0,0,0,0,73.59,0,0,0,0,0
8/18/2011 23:40,0,0,0,0,0,0,0,0,0,0,73.59,0,0,0,0,0
8/18/2011 23:50,0,0,0,0,0,0,0,0,0,0,73.59,0,0,0,0,0
8/19/2011 0:00,0,0,0,0,0,0,0,0,0,0,73.59,0,0,0,0,0
8/19/2011 0:10,0,0,0,0,0,0,0,0,0,0,73.59,0,0,0,0,0
8/19/2011 0:20,0,0,0,0,0,0,0,0,0,0,73.59,0,0,0,0,0
8/19/2011 0:30,0,0,0,0,0,0,0,0,0,0,73.59,0,0,0,0,0
8/19/2011 0:40,0,0,0,0,0,0,0,0,0,0,73.59,0,0,0,0,0
8/19/2011 0:50,0,0,0,0,0,0,0,0,0,0,73.59,0,0,0,0,0
8/19/2011 1:00,0,0,0,0,0,0,0,0,0,0,73.59,0,0,0,0,0
8/19/2011 1:10,0,0,0,0,0,0,0,0,0,0,73.59,0,0,0,0,0
8/19/2011 1:20,0,0,0,0,0,0,0,0,0,0,73.59,0,0,0,0,0
8/19/2011 1:30,0,0,0,0,0,0,0,0,0,0,73.59,0,0,0,0,0
8/19/2011 1:40,0,0,0,0,0,0,0,0,0,0,73.59,0,0,0,0,0
8/19/2011 1:50,0,0,0,0,0,0,0,0,0,0,73.59,0,0,0,0,0
8/19/2011 2:00,0,0,0,0,0,0,0,0,0,0,73.59,0,0,0,0,0
8/19/2011 2:10,0,0,0,0,0,0,0,0,0,0,73.59,0,0,0,0,0
8/19/2011 2:20,0,0,0,0,0,0,0,0,0,0,73.59,0,0,0,0,0
8/19/2011 2:30,0,0,0,0,0,0,0,0,0,0,73.59,0,0,0,0,0
8/19/2011 2:40,0,0,0,0,0,0,0,0,0,0,73.59,0,0,0,0,0
8/19/2011 2:50,0,0,0,0,0,0,0,0,0,0,59.095,0,0,0,0,0
8/19/2011 3:00,0,0,0,0,0,0,0,0,0,0,30.105,0,0,0,0,0
8/19/2011 3:10,0,0,0,0,0,0,0,0,0,0,44.6,0,0,0,0,0
8/19/2011 3:20,0,0,0,0,0,0,0,0,0,0,14.495,0,0,0,0,0
8/19/2011 3:30,0,0,0,0,0,0,0,0,0,0,0,0,0,0,0,0
8/19/2011 3:40,0,0,0,0,0,0,0,0,0,0,0,0,0,0,0,0
8/19/2011 3:50,0,0,0,0,0,0,0,0,0,0,0,0,0,0,0,0
8/19/2011 4:00,0,0,0,0,0,0,0,0,0,0,0,0,0,0,0,0
8/19/2011 4:10,0,0,0,0,0,0,0,0,0,0,0,0,0,0,0,0
8/19/2011 4:20,0,0,0,0,0,0,0,0,0,0,0,0,0,0,0,0
8/19/2011 4:30,0,0,0,0,0,0,0,0,0,0,30.105,0,0,0,0,0
8/19/2011 4:40,0,0,0,0,0,0,0,0,0,0,73.59,0,0,0,0,0
8/19/2011 4:50,0,0,1.025,1.455,1.185,1.315,0,1.065,1.15,1.005,148.295,1.87,1.035,0.88,1.165,1.795
8/19/2011 5:00,1.11,1.3,1.025,2.91,1.185,2.63,0,1.065,1.15,1.005,266.485,1.87,1.035,0.88,1.165,1.795
8/19/2011 5:10,1.11,2.6,2.05,7.275,3.555,6.575,1.03,3.195,3.45,2.01,681.265,3.74,3.105,3.52,2.33,7.18
8/19/2011 5:20,1.11,2.6,3.075,8.73,4.74,6.575,1.03,3.195,4.6,3.015,770.465,3.74,3.105,3.52,3.495,7.18
8/19/2011 5:30,1.11,2.6,2.05,7.275,3.555,5.26,1.03,2.13,3.45,2.01,532.97,3.74,2.07,2.64,2.33,5.385
8/19/2011 5:40,1.11,2.6,2.05,7.275,4.74,6.575,1.03,3.195,4.6,2.01,695.76,3.74,3.105,3.52,3.495,7.18
8/19/2011 5:50,1.11,1.95,1.5375,5.82,3.555,4.6025,0.515,2.13,4.025,1.5075,555.27,3.74,2.07,3.52,2.33,6.2825
8/19/2011 6:00,0.634285714,1.114285714,1.171428571,3.741428571,2.37,3.005714286,0.294285714,1.825714286,3.285714286,1.148571429,380.6928571,2.137142857,1.478571429,2.262857143,1.331428571,3.59
8/19/2011 6:10,0.41625,0.65,0.76875,2.364375,1.333125,3.2875,0.2575,0.79875,2.15625,0.5025,207.39,0.935,0.905625,0.99,0.728125,2.019375
8/19/2011 6:20,0.403636364,0.472727273,0.465909091,2.513181818,1.185,2.151818182,0.187272727,0.677727273,1.568181818,0.456818182,242.3604545,0.68,0.658636364,0.72,0.741363636,1.468636364
8/19/2011 6:30,0.616666667,0.722222222,0.683333333,3.718333333,1.316666667,4.967777778,0.572222222,0.946666667,1.916666667,0.67,258.3083333,1.246666667,0.92,1.368888889,1.294444444,2.592777778
8/19/2011 6:40,0.908181818,1.181818182,1.397727273,7.010454545,2.262272727,7.053181818,0.749090909,1.936363636,2.718181818,1.096363636,415.9963636,2.38,1.505454545,1.92,2.435909091,4.569090909
8/19/2011 6:50,1.184,1.56,1.366666667,8.342,2.686,6.399666667,0.755333333,3.266,3.756666667,1.407,692.0433333,2.618,1.725,3.168,3.262,6.222666667
8/19/2011 7:00,0.540769231,0.633333333,0.525641026,2.275769231,0.911538462,1.652179487,0.237692308,1.010384615,1.651282051,0.566923077,210.3347436,1.006923077,0.822692308,0.97025641,0.985769231,2.117179487
8/19/2011 7:10,0.254375,0.433333333,0.341666667,1.0003125,0.543125,0.712291667,0.12875,0.44375,0.790625,0.376875,98.09677083,0.584375,0.43125,0.458333333,0.461145833,0.8975
8/19/2011 7:20,0.18974359,0.333333333,0.262820513,0.721282051,0.425384615,0.494529915,0.105641026,0.327692308,0.58974359,0.292051282,72.12239316,0.447521368,0.318461538,0.330940171,0.338547009,0.644358974
8/19/2011 7:30,0.157446809,0.295035461,0.232624113,0.598510638,0.352978723,0.429007092,0.087659574,0.271914894,0.489361702,0.242340426,61.3170922,0.39787234,0.27893617,0.287092199,0.297446809,0.534680851
8/19/2011 7:40,0.118085106,0.221276596,0.174468085,0.464361702,0.277340426,0.335744681,0.065744681,0.215265957,0.379255319,0.192446809,47.3993617,0.298404255,0.209202128,0.215319149,0.223085106,0.420106383
8/19/2011 7:50,0.085057471,0.159386973,0.117816092,0.323333333,0.190689655,0.221685824,0.047356322,0.146896552,0.255555556,0.13091954,32.21111111,0.200613027,0.142758621,0.14835249,0.160689655,0.288850575
8/19/2011 8:00,0.163892617,0.296644295,0.233892617,0.605436242,0.349932886,0.441275168,0.08295302,0.271610738,0.493959732,0.242818792,61.39234899,0.401610738,0.277852349,0.283489933,0.297114094,0.530067114
8/19/2011 8:10,0.169322034,0.308474576,0.243220339,0.641186441,0.381610169,0.468050847,0.087288136,0.288813559,0.506779661,0.255508475,64.46211864,0.412033898,0.280677966,0.298305085,0.315932203,0.547627119
8/19/2011 8:20,0.183302752,0.357798165,0.263302752,0.720825688,0.413119266,0.530825688,0.094495413,0.31266055,0.590825688,0.295045872,71.97376147,0.446055046,0.322844037,0.32293578,0.342018349,0.625779817
8/19/2011 8:30,0.61773913,1.130434783,0.855652174,2.226782609,1.422,1.440782609,0.322434783,1.037217391,1.88,0.961304348,223.9695652,1.496,0.99,1.056,1.094086957,2.091565217
8/19/2011 8:40,0.366942149,0.687603306,0.508264463,1.322727273,0.783471074,0.956363636,0.204297521,0.616115702,1.121487603,0.548181818,136.0115702,0.896363636,0.598760331,0.625454545,0.673966942,1.216446281
8/19/2011 8:50,0.37,0.698148148,0.531481481,1.347222222,0.79,0.998425926,0.190740741,0.631111111,1.15,0.576944444,138.962037,0.935,0.613333333,0.635555556,0.711944444,1.229907407
8/19/2011 9:00,0.296,0.563333333,0.41,1.09125,0.632,0.789,0.1545,0.497,0.900833333,0.45225,109.27,0.716833333,0.483,0.498666667,0.563083333,0.98725
8/19/2011 9:10,0.403636364,0.761616162,0.57979798,1.499090909,0.885757576,1.089191919,0.208080808,0.688484848,1.254545455,0.609090909,151.5949495,0.982222222,0.669090909,0.693333333,0.753131313,1.341717172
8/19/2011 9:20,0.725346535,1.364356436,0.994554455,2.593069307,1.619108911,1.718613861,0.387524752,1.223168317,2.254455446,1.134356436,268.7039604,1.814455446,1.188712871,1.21980198,1.361089109,2.417029703
8/19/2011 9:30,0.353628319,0.667256637,0.480752212,1.236106195,0.776017699,0.837876106,0.182300885,0.593761062,1.088938053,0.542522124,129.2610619,0.877079646,0.567876106,0.591858407,0.670132743,1.15960177
8/19/2011 9:40,0.276221198,0.52718894,0.387327189,0.99235023,0.622534562,0.690829493,0.142396313,0.471152074,0.879723502,0.435345622,105.0258065,0.706635945,0.457880184,0.478525346,0.536866359,0.926451613
8/19/2011 9:50,0.153861386,0.283168317,0.213118812,0.561831683,0.328514851,0.416633663,0.081584158,0.253069307,0.455445545,0.228861386,57.28450495,0.37029703,0.256188119,0.261386139,0.288366337,0.497623762
8/19/2011 10:00,0.19137931,0.373563218,0.282758621,0.702413793,0.422241379,0.513908046,0.106551724,0.330517241,0.594827586,0.300344828,73.47465517,0.494367816,0.321206897,0.333793103,0.374942529,0.618965517
8/19/2011 10:10,0.19255102,0.384693878,0.271938776,0.697806122,0.411122449,0.523316327,0.105102041,0.326020408,0.598469388,0.297397959,72.63428571,0.477040816,0.316836735,0.323265306,0.380408163,0.622755102
8/19/2011 10:20,0.15738806,0.310447761,0.221828358,0.553768657,0.327201493,0.412164179,0.084552239,0.262276119,0.480597015,0.24,58.30451493,0.390746269,0.25488806,0.262686567,0.304291045,0.495634328
8/19/2011 10:30,0.068697068,0.135504886,0.100162866,0.251188925,0.150537459,0.184185668,0.036905537,0.117947883,0.213517915,0.108029316,26.22247557,0.176644951,0.114625407,0.11752443,0.136612378,0.216335505
8/19/2011 10:40,0.107419355,0.209677419,0.152923387,0.381350806,0.229354839,0.281028226,0.058145161,0.180362903,0.333870968,0.166149194,40.19395161,0.271451613,0.179455645,0.180967742,0.211391129,0.340181452
8/19/2011 10:50,0.359577465,0.677464789,0.50528169,1.291056338,0.767746479,0.944577465,0.188591549,0.6,1.101408451,0.537887324,133.9570423,0.895492958,0.597676056,0.607323944,0.70556338,1.137676056
8/19/2011 11:00,0.683076923,1.338461538,0.934023669,2.221242604,1.402366864,1.665147929,0.353491124,1.121715976,2.095857988,1.046627219,248.8627219,1.704023669,1.090118343,1.103905325,1.309763314,2.124260355
8/19/2011 11:10,0.453548387,0.866666667,0.617204301,1.486290323,0.917419355,1.117043011,0.232580645,0.732903226,1.372580645,0.680806452,163.4134409,1.126021505,0.712258065,0.728602151,0.851827957,1.389677419
8/19/2011 11:20,0.305504587,0.58440367,0.423165138,1.027844037,0.630550459,0.772110092,0.160642202,0.498302752,0.928440367,0.461009174,111.2954128,0.772018349,0.484266055,0.500550459,0.587844037,0.938669725
8/19/2011 11:30,0.235454545,0.446464646,0.331313131,0.823030303,0.502727273,0.611010101,0.124848485,0.387272727,0.72020202,0.35530303,87.27409091,0.585555556,0.376363636,0.391111111,0.458939394,0.743383838
8/19/2011 11:40,0.111798561,0.224460432,0.169604317,0.418705036,0.255755396,0.321654676,0.059280576,0.191546763,0.347482014,0.17352518,43.85399281,0.295971223,0.193597122,0.202589928,0.226294964,0.361582734
8/19/2011 11:50,0.228669528,0.435193133,0.316738197,0.774334764,0.47806867,0.632103004,0.114935622,0.374806867,0.671244635,0.336437768,83.9360515,0.561802575,0.373133047,0.377682403,0.45,0.708755365
8/19/2011 12:00,0.051034483,0.09862069,0.073045977,0.183965517,0.108965517,0.136034483,0.026045977,0.083241379,0.155977011,0.076241379,18.91142529,0.128965517,0.083275862,0.084965517,0.099091954,0.156804598
8/19/2011 12:10,0.125751634,0.249237473,0.178649237,0.44379085,0.273660131,0.355250545,0.067320261,0.213464052,0.390849673,0.192679739,47.85511983,0.325925926,0.211960784,0.214727669,0.253812636,0.398888889
8/19/2011 12:20,0.33202346,0.670967742,0.462903226,1.066715543,0.701964809,0.917800587,0.175190616,0.537184751,1.004985337,0.506920821,119.2167155,0.833548387,0.528123167,0.531612903,0.64228739,0.979090909
8/19/2011 12:30,0.6475,1.3,0.888333333,2.000625,1.333125,1.819083333,0.343333333,1.038375,1.974166667,0.979875,234.42875,1.63625,1.026375,1.034,1.242666667,1.914666667
8/19/2011 12:40,0.957375,1.90125,1.3196875,2.873625,1.925625,2.6135625,0.502125,1.517625,2.889375,1.4446875,344.674375,2.431,1.5136875,1.496,1.7911875,2.78225
8/19/2011 12:50,0.290970874,0.580582524,0.417961165,1.002961165,0.609757282,0.778786408,0.16,0.485970874,0.904368932,0.448834951,108.468932,0.744368932,0.482330097,0.478446602,0.554223301,0.906213592
8/19/2011 13:00,0.2775,0.525,0.384375,0.965336538,0.581105769,0.733365385,0.148557692,0.450576923,0.840384615,0.415528846,101.1004808,0.70125,0.447836538,0.456923077,0.526490385,0.845721154
8/19/2011 13:10,0.169634551,0.328239203,0.238372093,0.609069767,0.362192691,0.454352159,0.0889701,0.283056478,0.519601329,0.253754153,62.82524917,0.422458472,0.275083056,0.286511628,0.325116279,0.524784053
8/19/2011 13:20,0.082797203,0.157575758,0.124242424,0.318811189,0.187832168,0.226829837,0.043216783,0.143986014,0.257342657,0.126503497,31.99452214,0.209230769,0.144755245,0.147692308,0.168368298,0.267785548
8/19/2011 13:30,0.065374233,0.127607362,0.093067485,0.228515337,0.139582822,0.171030675,0.035386503,0.107153374,0.200368098,0.098650307,24.24269939,0.165202454,0.106674847,0.110134969,0.125791411,0.189411043
8/19/2011 13:40,0.170769231,0.33968254,0.237789988,0.554285714,0.358827839,0.427094017,0.093064713,0.273076923,0.513919414,0.255238095,61.83553114,0.438388278,0.272967033,0.277216117,0.327167277,0.473406593
8/19/2011 13:50,0.430232558,0.846511628,0.603875969,1.398604651,0.891046512,1.060155039,0.231550388,0.685232558,1.292635659,0.638837209,156.7050388,1.101705426,0.69,0.702635659,0.821821705,1.182751938
8/19/2011 14:00,0.137793103,0.268965517,0.197931034,0.481655172,0.286034483,0.362758621,0.071034483,0.227689655,0.420344828,0.207931034,50.59793103,0.348206897,0.221275862,0.23062069,0.265137931,0.408517241
8/19/2011 14:10,0.073554217,0.148795181,0.111144578,0.289246988,0.164186747,0.213885542,0.043433735,0.128313253,0.24246988,0.11503012,29.13777108,0.191506024,0.130933735,0.13253012,0.15439759,0.248704819
8/19/2011 14:20,0.077894737,0.152046784,0.119883041,0.323333333,0.180175439,0.215321637,0.036140351,0.137017544,0.242105263,0.11754386,30.97222222,0.196842105,0.133157895,0.144093567,0.163508772,0.251929825
8/19/2011 14:30,0.057216495,0.107216495,0.084536082,0.24,0.134381443,0.162680412,0.03185567,0.098814433,0.177835052,0.082886598,21.95515464,0.134948454,0.106701031,0.099793814,0.120103093,0.185051546
8/19/2011 14:40,0.018347107,0.035812672,0.028236915,0.080165289,0.042438017,0.050716253,0.008512397,0.032272727,0.057024793,0.02768595,7.374972452,0.046363636,0.034214876,0.033939394,0.038512397,0.059338843
8/19/2011 14:50,0.029687964,0.054086181,0.042644874,0.116745914,0.066909361,0.082065379,0.015304606,0.05063893,0.088855869,0.044799406,11.43164933,0.072243685,0.052288262,0.05230312,0.058855869,0.096017831
8/19/2011 15:00,0.120295567,0.21773399,0.171674877,0.458719212,0.268522167,0.310935961,0.0608867,0.199359606,0.362561576,0.178226601,45.18221675,0.294778325,0.203940887,0.208078818,0.22955665,0.389064039
8/19/2011 15:10,0.193809524,0.350793651,0.292857143,0.762142857,0.432619048,0.500952381,0.098095238,0.321190476,0.584126984,0.287142857,73.50150794,0.474920635,0.328571429,0.335238095,0.388333333,0.626825397
8/19/2011 15:20,0.470909091,0.906060606,0.683333333,1.763636364,1.005454545,1.195454545,0.24969697,0.774545455,1.428787879,0.700454545,176.6430303,1.19,0.784090909,0.826666667,0.917878788,1.468636364
8/19/2011 15:30,0.628301887,1.226415094,0.928301887,2.415849057,1.386226415,1.687169811,0.349811321,1.08509434,1.952830189,0.986037736,240.6716981,1.623018868,1.093584906,1.095849057,1.27490566,2.032075472
8/19/2011 15:40,0.501290323,0.964516129,0.727419355,1.924354839,1.108548387,1.315,0.265806452,0.858870968,1.558064516,0.778064516,192.8590323,1.266774194,0.868064516,0.88,1.014677419,1.621290323
8/19/2011 15:50,0.310322581,0.587096774,0.440860215,1.189032258,0.662580645,0.791827957,0.155053763,0.526774194,0.939784946,0.475483871,116.151828,0.764086022,0.511935484,0.529892473,0.601290323,1.003655914
8/19/2011 16:00,0.229655172,0.425862069,0.335775862,0.878017241,0.510775862,0.612155172,0.124310345,0.385603448,0.713793103,0.346551724,87.50827586,0.580344828,0.392586207,0.394482759,0.461982759,0.742758621
8/19/2011 16:10,0.26,0.515315315,0.406306306,1.022432432,0.597837838,0.710810811,0.148468468,0.460540541,0.828828829,0.416486486,102.9215315,0.673873874,0.466216216,0.475675676,0.524774775,0.840900901
8/19/2011 16:20,0.246666667,0.469444444,0.355902778,0.949791667,0.543125,0.620972222,0.12875,0.399375,0.734722222,0.362916667,92.90118056,0.597361111,0.416875,0.44,0.469236111,0.722986111
8/19/2011 16:30,0.297804878,0.586585366,0.45,1.171097561,0.664756098,0.721646341,0.163292683,0.493536585,0.883536585,0.428963415,114.627439,0.70695122,0.530121951,0.547317073,0.5825,0.809939024
8/19/2011 16:40,0.372483221,0.75033557,0.55033557,1.503825503,0.827114094,0.847248322,0.20738255,0.600402685,1.095973154,0.526107383,143.2288591,0.853422819,0.666845638,0.696912752,0.719328859,0.963758389
8/19/2011 16:50,0.417293233,0.860150376,0.631954887,1.75037594,0.962255639,0.929398496,0.232330827,0.688646617,1.227819549,0.589398496,163.9804511,0.956090226,0.778195489,0.820451128,0.823383459,1.079699248
8/19/2011 17:00,0.451219512,0.930081301,0.7,1.963658537,1.040487805,0.983577236,0.251219512,0.744634146,1.327642276,0.62097561,179.6691057,1.003414634,0.858292683,0.901463415,0.890325203,1.138292683
8/19/2011 17:10,0.314893617,0.645390071,0.494326241,1.424042553,0.739574468,0.727446809,0.175319149,0.528723404,0.946099291,0.441914894,127.6319149,0.716170213,0.601914894,0.636595745,0.644468085,0.840212766
8/19/2011 17:20,0.2812,0.52,0.437333333,1.261,0.632,0.596133333,0.137333333,0.4544,0.797333333,0.3752,110.2809333,0.5984,0.5382,0.5632,0.5592,0.718
8/19/2011 17:30,0.203580786,0.363318777,0.331222707,1.003886463,0.486419214,0.424934498,0.089956332,0.344148472,0.572489083,0.263318777,82.87030568,0.424628821,0.41580786,0.438078603,0.417161572,0.5330131
8/19/2011 17:40,0.145714286,0.250965251,0.245366795,0.764015444,0.356872587,0.304633205,0.055675676,0.254942085,0.408494208,0.178494208,60.44247104,0.303243243,0.311698842,0.326177606,0.305868726,0.388108108
8/19/2011 17:50,0.101619718,0.164788732,0.180457746,0.563556338,0.258697183,0.222253521,0.036267606,0.18,0.275352113,0.113239437,43.02957746,0.223873239,0.225950704,0.235492958,0.213309859,0.278098592
8/19/2011 18:00,0.077743191,0.121400778,0.159533074,0.464241245,0.221322957,0.184202335,0.024046693,0.149182879,0.205836576,0.086031128,35.81015564,0.17463035,0.185252918,0.205447471,0.172256809,0.237470817
8/19/2011 18:10,0.049115044,0.069026549,0.108849558,0.334778761,0.146814159,0.116371681,0.018230088,0.094247788,0.111946903,0.053362832,22.65522124,0.115840708,0.109911504,0.132389381,0.103097345,0.158849558
8/19/2011 18:20,0.012,0.028108108,0.022162162,0.062918919,0.025621622,0.028432432,0.011135135,0.023027027,0.04972973,0.02172973,4.954216216,0.040432432,0.022378378,0.028540541,0.025189189,0.038810811
8/19/2011 18:30,0.011155779,0.013065327,0.010301508,0.029246231,0.011909548,0.01321608,0.010351759,0.010703518,0.023115578,0.010100503,2.532562814,0.01879397,0.01040201,0.008844221,0.011708543,0.018040201
8/19/2011 18:40,0.01378882,0.016149068,0.012732919,0.018074534,0.014720497,0.016335404,0.012795031,0.013229814,0.028571429,0.012484472,2.756335404,0.023229814,0.012857143,0.010931677,0.01447205,0.022298137
8/19/2011 18:50,0.01804878,0.021138211,0.016666667,0.023658537,0.019268293,0.021382114,0.016747967,0.017317073,0.018699187,0.016341463,3.136504065,0.030406504,0.016829268,0.014308943,0.018943089,0.029186992
8/19/2011 19:00,0,0.029213483,0.023033708,0.032696629,0.026629213,0.029550562,0,0.023932584,0.025842697,0.02258427,3.33247191,0.042022472,0.023258427,0.019775281,0.026179775,0.040337079
8/19/2011 19:10,0,0,0,0,0,0,0,0,0,0,2.831746032,0,0,0,0,0
8/19/2011 19:20,0,0,0,0,0,0,0,0,0,0,9.19875,0,0,0,0,0
8/19/2011 19:30,0,0,0,0,0,0,0,0,0,0,14.718,0,0,0,0,0
8/19/2011 19:40,0,0,0,0,0,0,0,0,0,0,18.3975,0,0,0,0,0
8/19/2011 19:50,0,0,0,0,0,0,0,0,0,0,19.69833333,0,0,0,0,0
8/19/2011 20:00,0,0,0,0,0,0,0,0,0,0,36.795,0,0,0,0,0
8/19/2011 20:10,0,0,0,0,0,0,0,0,0,0,73.59,0,0,0,0,0
8/19/2011 20:20,0,0,0,0,0,0,0,0,0,0,73.59,0,0,0,0,0
8/19/2011 20:30,0,0,0,0,0,0,0,0,0,0,73.59,0,0,0,0,0
8/19/2011 20:40,0,0,0,0,0,0,0,0,0,0,73.59,0,0,0,0,0
8/19/2011 20:50,0,0,0,0,0,0,0,0,0,0,30.105,0,0,0,0,0
8/19/2011 21:00,0,0,0,0,0,0,0,0,0,0,44.6,0,0,0,0,0
8/19/2011 21:10,0,0,0,0,0,0,0,0,0,0,14.495,0,0,0,0,0
8/19/2011 21:20,0,0,0,0,0,0,0,0,0,0,44.6,0,0,0,0,0
8/19/2011 21:30,0,0,0,0,0,0,0,0,0,0,59.095,0,0,0,0,0
8/19/2011 21:40,0,0,0,0,0,0,0,0,0,0,30.105,0,0,0,0,0
8/19/2011 21:50,0,0,0,0,0,0,0,0,0,0,0,0,0,0,0,0
8/19/2011 22:00,0,0,0,0,0,0,0,0,0,0,0,0,0,0,0,0
8/19/2011 22:10,0,0,0,0,0,0,0,0,0,0,0,0,0,0,0,0
8/19/2011 22:20,0,0,0,0,0,0,0,0,0,0,0,0,0,0,0,0
8/19/2011 22:30,0,0,0,0,0,0,0,0,0,0,0,0,0,0,0,0
8/19/2011 22:40,0,0,0,0,0,0,0,0,0,0,0,0,0,0,0,0
8/19/2011 22:50,0,0,0,0,0,0,0,0,0,0,0,0,0,0,0,0
8/19/2011 23:00,0,0,0,0,0,0,0,0,0,0,0,0,0,0,0,0
8/19/2011 23:10,0,0,0,0,0,0,0,0,0,0,0,0,0,0,0,0
8/19/2011 23:20,0,0,0,0,0,0,0,0,0,0,0,0,0,0,0,0
8/19/2011 23:30,0,0,0,0,0,0,0,0,0,0,0,0,0,0,0,0
8/19/2011 23:40,0,0,0,0,0,0,0,0,0,0,0,0,0,0,0,0
8/19/2011 23:50,0,0,0,0,0,0,0,0,0,0,0,0,0,0,0,0