01.08.2011 00:00,0.002,0,0,0,0,0,0,0,0,0,0,0,0,0,0,0,0
01.08.2011 00:10,0.002,0,0,0,0,0,0,0,0,0,0,0,0,0,0,0,0
01.08.2011 00:20,0.002,0,0,0,0,0,0,0,0,0,0,0,0,0,0,0,0
01.08.2011 00:30,0.002,0,0,0,0,0,0,0,0,0,0,0,0,0,0,0,0
01.08.2011 00:40,0.002,0,0,0,0,0,0,0,0,0,0,0,0,0,0,0,0
01.08.2011 00:50,0.002,0,0,0,0,0,0,0,0,0,0,0,0,0,0,0,0
01.08.2011 01:00,0.002,0,0,0,0,0,0,0,0,0,0,0,0,0,0,0,0
01.08.2011 01:10,0.002,0,0,0,0,0,0,0,0,0,0,0,0,0,0,0,0
01.08.2011 01:20,0.002,0,0,0,0,0,0,0,0,0,0,0,0,0,0,0,0
01.08.2011 01:30,0.002,0,0,0,0,0,0,0,0,0,0,0,0,0,0,0,0
01.08.2011 01:40,0.002,0,0,0,0,0,0,0,0,0,0,0,0,0,0,0,0
01.08.2011 01:50,0.002,0,0,0,0,0,0,0,0,0,0,0,0,0,0,0,0
01.08.2011 02:00,0.002,0,0,0,0,0,0,0,0,0,0,0,0,0,0,0,0
01.08.2011 02:10,0.002,0,0,0,0,0,0,0,0,0,0,0,0,0,0,0,0
01.08.2011 02:20,0.002,0,0,0,0,0,0,0,0,0,0,0,0,0,0,0,0
01.08.2011 02:30,0.002,0,0,0,0,0,0,0,0,0,0,0,0,0,0,0,0
01.08.2011 02:40,0.002,0,0,0,0,0,0,0,0,0,0,0,0,0,0,0,0
01.08.2011 02:50,0.002,0,0,0,0,0,0,0,0,0,0,0,0,0,0,0,0
01.08.2011 03:00,0.002,0,0,0,0,0.001,0,0.001,0,0,0,0,0,0,0,0,0
01.08.2011 03:10,0.002,0,0,0,0,0,0,0,0,0,0,0,0.001,0.001,0.001,0,0
01.08.2011 03:20,0.002,0,0,0,0,0,0,0,0,0,0,0,0,0,0,0,0
01.08.2011 03:30,0.002,0.001,0.001,0.001,0.001,0.001,0,0.001,0,0,0,0,0.001,0.001,0.001,0.001,0.001
01.08.2011 03:40,0.002,0,0,0,0,0.001,0,0.001,0,0,0,0,0,0,0,0,0
01.08.2011 03:50,0.002,0,0,0,0,0.001,0.001,0.001,0,0,0,0,0.001,0.001,0.001,0.001,0.001
01.08.2011 04:00,0.002,0.001,0.001,0.001,0.001,0.001,0.001,0.001,0,0,0,0,0.001,0.001,0.001,0.001,0.001
01.08.2011 04:10,0.002,0.001,0.001,0.001,0.001,0.001,0.001,0.001,0,0,0,0,0.001,0.001,0.001,0.001,0.001
01.08.2011 04:20,0.002,0.001,0.001,0.001,0.001,0.001,0.001,0.001,0,0,0,0,0.001,0.001,0.001,0.001,0.001
01.08.2011 04:30,0.002,0.001,0.001,0.001,0.001,0.001,0.001,0.001,0,0.001,0,0,0.001,0.001,0.001,0.001,0.001
01.08.2011 04:40,0.002,0.001,0.001,0.001,0.001,0.001,0.001,0.001,0.001,0.001,0.001,0,0.001,0.001,0.001,0.001,0.001
01.08.2011 04:50,0.002,0.001,0.001,0.001,0.001,0.001,0.001,0.001,0.001,0.001,0.001,0,0.001,0.001,0.001,0.001,0.001
01.08.2011 05:00,0.002,0.001,0.001,0.001,0.002,0.001,0.001,0.001,0.001,0.002,0.001,0,0.001,0.001,0.001,0.001,0.001
01.08.2011 05:10,0.002,0.001,0.001,0.001,0.002,0.002,0.002,0.001,0.002,0.002,0.001,0,0.001,0.001,0.002,0.001,0.002
01.08.2011 05:20,0.002,0.001,0.002,0.002,0.003,0.003,0.002,0.001,0.002,0.002,0.001,0,0.002,0.002,0.002,0.002,0.002
01.08.2011 05:30,0.002,0.001,0.003,0.003,0.005,0.004,0.004,0.001,0.003,0.003,0.002,0,0.003,0.003,0.003,0.003,0.004
01.08.2011 05:40,0.004,0.002,0.004,0.003,0.006,0.005,0.005,0.001,0.004,0.004,0.003,0,0.003,0.004,0.004,0.003,0.004
01.08.2011 05:50,0.008,0.002,0.004,0.003,0.006,0.005,0.005,0.001,0.004,0.004,0.003,0,0.003,0.004,0.004,0.003,0.004
01.08.2011 06:00,0.008,0.002,0.004,0.003,0.006,0.005,0.005,0.001,0.004,0.004,0.003,0,0.003,0.004,0.004,0.004,0.005
01.08.2011 06:10,0.012,0.002,0.005,0.004,0.008,0.007,0.006,0.002,0.005,0.006,0.004,0,0.004,0.005,0.006,0.005,0.006
01.08.2011 06:20,0.014,0.003,0.006,0.006,0.01,0.008,0.008,0.002,0.006,0.007,0.005,0,0.005,0.006,0.007,0.006,0.007
01.08.2011 06:30,0.022,0.004,0.008,0.007,0.013,0.011,0.011,0.003,0.009,0.01,0.006,0,0.007,0.008,0.01,0.008,0.01
01.08.2011 06:40,0.026,0.005,0.011,0.01,0.018,0.015,0.014,0.004,0.012,0.013,0.009,0.001,0.01,0.011,0.013,0.01,0.013
01.08.2011 06:50,0.028,0.005,0.012,0.01,0.018,0.015,0.015,0.004,0.012,0.014,0.009,0.001,0.01,0.011,0.013,0.011,0.014
01.08.2011 07:00,0.026,0.005,0.011,0.01,0.018,0.015,0.014,0.004,0.012,0.014,0.009,0.001,0.01,0.011,0.013,0.01,0.013
01.08.2011 07:10,0.034,0.007,0.014,0.012,0.022,0.018,0.018,0.004,0.015,0.017,0.011,0.001,0.012,0.013,0.016,0.013,0.017
01.08.2011 07:20,0.042,0.007,0.015,0.013,0.025,0.02,0.019,0.005,0.016,0.019,0.012,0.001,0.013,0.015,0.017,0.014,0.018
01.08.2011 07:30,0.056,0.008,0.017,0.015,0.028,0.023,0.022,0.005,0.018,0.022,0.013,0.001,0.015,0.017,0.02,0.015,0.02
01.08.2011 07:40,0.079,0.01,0.02,0.017,0.032,0.026,0.025,0.006,0.021,0.026,0.016,0.001,0.017,0.019,0.022,0.018,0.023
01.08.2011 07:50,0.085,0.016,0.03,0.027,0.048,0.04,0.039,0.009,0.032,0.043,0.024,0.001,0.027,0.029,0.035,0.027,0.037
01.08.2011 08:00,0.079,0.018,0.033,0.029,0.051,0.043,0.042,0.009,0.035,0.05,0.027,0.002,0.03,0.032,0.037,0.029,0.04
01.08.2011 08:10,0.1,0.017,0.03,0.026,0.047,0.039,0.038,0.009,0.032,0.048,0.024,0.001,0.027,0.029,0.034,0.027,0.036
01.08.2011 08:20,0.107,0.016,0.027,0.025,0.045,0.036,0.036,0.008,0.029,0.046,0.023,0.001,0.025,0.027,0.032,0.025,0.034
01.08.2011 08:30,0.117,0.018,0.032,0.029,0.051,0.042,0.043,0.011,0.035,0.055,0.027,0.002,0.03,0.032,0.037,0.029,0.041
01.08.2011 08:40,0.137,0.026,0.046,0.04,0.07,0.059,0.06,0.017,0.048,0.08,0.038,0.002,0.042,0.044,0.052,0.04,0.058
01.08.2011 08:50,0.202,0.041,0.071,0.062,0.105,0.094,0.094,0.026,0.076,0.126,0.062,0.003,0.066,0.068,0.081,0.063,0.093
01.08.2011 09:00,0.23,0.031,0.056,0.048,0.081,0.07,0.073,0.021,0.058,0.097,0.048,0.003,0.051,0.053,0.062,0.048,0.07
01.08.2011 09:10,0.211,0.025,0.044,0.038,0.063,0.054,0.057,0.016,0.045,0.076,0.037,0.002,0.04,0.042,0.049,0.038,0.055
01.08.2011 09:20,0.188,0.027,0.049,0.041,0.069,0.059,0.063,0.018,0.049,0.084,0.041,0.002,0.044,0.046,0.053,0.041,0.059
01.08.2011 09:30,0.214,0.022,0.039,0.034,0.056,0.048,0.051,0.015,0.04,0.068,0.033,0.002,0.035,0.037,0.043,0.033,0.048
01.08.2011 09:40,0.286,0.018,0.033,0.028,0.047,0.04,0.043,0.012,0.034,0.057,0.028,0.001,0.029,0.031,0.036,0.028,0.04
01.08.2011 09:50,0.429,0.019,0.034,0.029,0.048,0.041,0.044,0.012,0.034,0.058,0.028,0.001,0.03,0.032,0.037,0.028,0.04
01.08.2011 10:00,0.396,0.016,0.028,0.025,0.042,0.035,0.037,0.01,0.029,0.049,0.024,0.001,0.025,0.027,0.031,0.024,0.035
01.08.2011 10:10,0.261,0.011,0.02,0.018,0.03,0.026,0.027,0.008,0.021,0.035,0.017,0.001,0.018,0.019,0.023,0.017,0.025
01.08.2011 10:20,0.331,0.009,0.017,0.015,0.026,0.021,0.022,0.006,0.017,0.029,0.014,0.001,0.015,0.016,0.019,0.014,0.021
01.08.2011 10:30,0.26,0.009,0.016,0.014,0.025,0.02,0.021,0.006,0.016,0.027,0.013,0.001,0.014,0.015,0.018,0.014,0.02
01.08.2011 10:40,0.223,0.01,0.018,0.016,0.027,0.022,0.023,0.007,0.018,0.031,0.015,0.001,0.016,0.017,0.02,0.015,0.022
01.08.2011 10:50,0.235,0.011,0.021,0.018,0.032,0.026,0.028,0.007,0.022,0.034,0.018,0.001,0.018,0.02,0.024,0.018,0.026
01.08.2011 11:00,0.205,0.011,0.02,0.019,0.033,0.028,0.028,0.006,0.022,0.03,0.018,0.001,0.018,0.02,0.024,0.019,0.026
01.08.2011 11:10,0.143,0.014,0.025,0.023,0.041,0.034,0.034,0.007,0.027,0.042,0.022,0.001,0.023,0.025,0.03,0.023,0.032
01.08.2011 11:20,0.119,0.013,0.022,0.021,0.037,0.03,0.031,0.009,0.024,0.039,0.02,0.001,0.021,0.023,0.027,0.021,0.028
01.08.2011 11:30,0.105,0.01,0.018,0.017,0.031,0.025,0.025,0.006,0.02,0.03,0.016,0.001,0.017,0.019,0.022,0.017,0.024
01.08.2011 11:40,0.115,0.008,0.016,0.015,0.027,0.022,0.021,0.005,0.018,0.022,0.014,0.001,0.014,0.016,0.019,0.015,0.02
01.08.2011 11:50,0.14,0.006,0.012,0.011,0.021,0.016,0.016,0.004,0.013,0.016,0.01,0.001,0.011,0.012,0.014,0.011,0.015
01.08.2011 12:00,0.147,0.004,0.009,0.009,0.016,0.013,0.011,0.003,0.01,0.011,0.007,0,0.008,0.009,0.011,0.008,0.011
01.08.2011 12:10,0.17,0.006,0.012,0.011,0.021,0.017,0.015,0.004,0.013,0.015,0.01,0.001,0.011,0.012,0.014,0.011,0.014
01.08.2011 12:20,0.166,0.007,0.015,0.014,0.026,0.02,0.018,0.005,0.016,0.019,0.012,0.001,0.013,0.015,0.017,0.014,0.017
01.08.2011 12:30,0.133,0.008,0.017,0.015,0.029,0.023,0.02,0.005,0.018,0.021,0.013,0.001,0.015,0.017,0.019,0.016,0.02
01.08.2011 12:40,0.124,0.009,0.02,0.017,0.032,0.025,0.023,0.006,0.021,0.024,0.015,0.001,0.017,0.019,0.022,0.018,0.022
01.08.2011 12:50,0.093,0.009,0.02,0.017,0.032,0.025,0.023,0.006,0.021,0.024,0.015,0.001,0.017,0.019,0.022,0.018,0.022
01.08.2011 13:00,0.067,0.007,0.017,0.014,0.027,0.021,0.019,0.005,0.017,0.02,0.013,0.001,0.014,0.016,0.018,0.015,0.018
01.08.2011 13:10,0.091,0.007,0.015,0.013,0.025,0.019,0.017,0.005,0.016,0.018,0.012,0.001,0.013,0.015,0.017,0.014,0.017
01.08.2011 13:20,0.112,0.006,0.013,0.012,0.022,0.017,0.015,0.004,0.014,0.016,0.01,0.001,0.011,0.012,0.014,0.012,0.014
01.08.2011 13:30,0.125,0.006,0.013,0.011,0.021,0.016,0.014,0.004,0.013,0.015,0.01,0.001,0.011,0.012,0.014,0.011,0.014
01.08.2011 13:40,0.141,0.005,0.012,0.011,0.02,0.015,0.013,0.004,0.013,0.015,0.009,0.001,0.01,0.012,0.013,0.011,0.013
01.08.2011 13:50,0.149,0.005,0.01,0.009,0.018,0.013,0.011,0.003,0.011,0.012,0.008,0,0.009,0.01,0.011,0.009,0.011
01.08.2011 14:00,0.124,0.005,0.011,0.01,0.019,0.014,0.012,0.004,0.012,0.013,0.009,0.001,0.01,0.011,0.012,0.01,0.013
01.08.2011 14:10,0.113,0.005,0.011,0.011,0.02,0.015,0.013,0.004,0.013,0.014,0.009,0.001,0.01,0.011,0.013,0.011,0.013
01.08.2011 14:20,0.096,0.007,0.015,0.013,0.025,0.019,0.017,0.005,0.016,0.018,0.012,0.001,0.013,0.014,0.016,0.014,0.017
01.08.2011 14:30,0.093,0.01,0.022,0.019,0.036,0.028,0.025,0.007,0.023,0.027,0.017,0.001,0.019,0.021,0.024,0.02,0.025
01.08.2011 14:40,0.093,0.017,0.039,0.033,0.06,0.046,0.044,0.013,0.039,0.046,0.03,0.002,0.033,0.036,0.04,0.034,0.041
01.08.2011 14:50,0.075,0.019,0.043,0.036,0.066,0.051,0.048,0.014,0.043,0.053,0.032,0.002,0.037,0.04,0.045,0.038,0.044
01.08.2011 15:00,0.083,0.018,0.041,0.034,0.062,0.047,0.044,0.013,0.041,0.051,0.03,0.002,0.035,0.038,0.042,0.035,0.041
01.08.2011 15:10,0.085,0.017,0.036,0.03,0.056,0.042,0.038,0.011,0.036,0.047,0.026,0.002,0.031,0.034,0.038,0.031,0.036
01.08.2011 15:20,0.109,0.014,0.03,0.025,0.047,0.036,0.032,0.009,0.03,0.04,0.022,0.001,0.026,0.028,0.032,0.026,0.031
01.08.2011 15:30,0.148,0.011,0.023,0.02,0.037,0.029,0.025,0.007,0.024,0.032,0.018,0.001,0.02,0.022,0.025,0.02,0.024
01.08.2011 15:40,0.27,0.01,0.022,0.018,0.033,0.026,0.023,0.006,0.022,0.03,0.016,0.001,0.019,0.02,0.023,0.019,0.022
01.08.2011 15:50,0.306,0.008,0.017,0.015,0.027,0.021,0.019,0.005,0.018,0.025,0.013,0.001,0.015,0.016,0.019,0.015,0.018
01.08.2011 16:00,0.283,0.008,0.017,0.014,0.025,0.02,0.018,0.005,0.017,0.025,0.013,0.001,0.015,0.015,0.018,0.014,0.017
01.08.2011 16:10,0.25,0.005,0.01,0.009,0.016,0.013,0.011,0.003,0.01,0.016,0.008,0,0.009,0.01,0.011,0.009,0.011
01.08.2011 16:20,0.208,0.006,0.012,0.01,0.02,0.015,0.013,0.004,0.012,0.019,0.009,0.001,0.011,0.011,0.013,0.01,0.013
01.08.2011 16:30,0.168,0.012,0.024,0.02,0.038,0.029,0.025,0.007,0.024,0.037,0.018,0.001,0.021,0.022,0.026,0.02,0.023
01.08.2011 16:40,0.156,0.01,0.02,0.018,0.034,0.025,0.021,0.006,0.021,0.033,0.015,0.001,0.018,0.02,0.023,0.018,0.02
01.08.2011 16:50,0.116,0.011,0.022,0.019,0.036,0.027,0.022,0.007,0.022,0.035,0.016,0.001,0.02,0.021,0.024,0.019,0.021
01.08.2011 17:00,0.134,0.013,0.025,0.024,0.047,0.032,0.025,0.01,0.027,0.041,0.018,0.001,0.023,0.026,0.03,0.023,0.023
01.08.2011 17:10,0.067,0.008,0.016,0.015,0.03,0.02,0.015,0.006,0.017,0.026,0.011,0.001,0.014,0.016,0.019,0.014,0.015
01.08.2011 17:20,0.068,0.021,0.041,0.039,0.085,0.051,0.037,0.015,0.042,0.064,0.029,0.001,0.036,0.042,0.049,0.037,0.037
01.08.2011 17:30,0.161,0.024,0.045,0.044,0.095,0.056,0.041,0.015,0.048,0.071,0.032,0.002,0.04,0.048,0.055,0.041,0.041
01.08.2011 17:40,0.142,0.015,0.028,0.028,0.059,0.037,0.028,0.01,0.031,0.047,0.021,0.001,0.026,0.031,0.036,0.027,0.028
01.08.2011 17:50,0.142,0.017,0.03,0.032,0.069,0.042,0.031,0.01,0.035,0.051,0.023,0.001,0.029,0.035,0.04,0.03,0.032
01.08.2011 18:00,0.205,0.014,0.024,0.027,0.059,0.034,0.025,0.008,0.029,0.041,0.018,0.001,0.024,0.029,0.034,0.025,0.026
01.08.2011 18:10,0.112,0.009,0.016,0.016,0.033,0.021,0.017,0.006,0.018,0.027,0.012,0.001,0.015,0.017,0.02,0.015,0.017
01.08.2011 18:20,0.155,0.006,0.011,0.01,0.02,0.014,0.011,0.004,0.012,0.018,0.008,0,0.01,0.011,0.013,0.01,0.011
01.08.2011 18:30,0.251,0.004,0.008,0.007,0.013,0.01,0.008,0.003,0.008,0.013,0.006,0,0.007,0.008,0.009,0.007,0.008
01.08.2011 18:40,0.215,0.004,0.007,0.006,0.011,0.009,0.007,0.003,0.007,0.011,0.005,0,0.006,0.007,0.008,0.006,0.007
01.08.2011 18:50,0.199,0.003,0.006,0.006,0.01,0.008,0.007,0.002,0.007,0.011,0.005,0,0.006,0.006,0.007,0.006,0.007
01.08.2011 19:00,0.158,0.003,0.005,0.004,0.007,0.006,0.005,0.002,0.005,0.008,0.004,0,0.004,0.005,0.005,0.004,0.005
01.08.2011 19:10,0.113,0.001,0.002,0.002,0.003,0.002,0.002,0.001,0.002,0.003,0.001,0,0.002,0.002,0.002,0.002,0.002
01.08.2011 19:20,0.073,0,0.001,0.001,0.001,0.001,0.001,0,0.001,0.001,0.001,0,0.001,0.001,0.001,0.001,0.001
01.08.2011 19:30,0.053,0,0.001,0.001,0.001,0.001,0.001,0,0.001,0.001,0.001,0,0.001,0.001,0.001,0.001,0.001
01.08.2011 19:40,0.042,0,0,0,0,0,0,0,0,0.001,0,0,0,0,0,0,0
01.08.2011 19:50,0.041,0,0,0,0,0,0,0,0,0,0,0,0,0,0,0,0
01.08.2011 20:00,0.032,0,0,0,0,0,0,0,0,0,0,0,0,0,0,0,0
01.08.2011 20:10,0.012,0,0,0,0,0,0,0,0,0,0,0,0,0,0,0,0
01.08.2011 20:20,0.006,0,0,0,0,0,0,0,0,0,0,0,0,0,0,0,0
01.08.2011 20:30,0.004,0,0,0,0,0,0,0,0,0,0,0,0,0,0,0,0
01.08.2011 20:40,0.002,0,0,0,0,0,0,0,0,0,0,0,0,0,0,0,0
01.08.2011 20:50,0.002,0,0,0,0,0,0,0,0,0,0,0,0,0,0,0,0
01.08.2011 21:00,0.002,0,0,0,0,0,0,0,0,0,0,0,0,0,0,0,0
01.08.2011 21:10,0.002,0,0,0,0,0,0,0,0,0,0,0,0,0,0,0,0
01.08.2011 21:20,0.002,0,0,0,0,0,0,0,0,0,0,0,0,0,0,0,0
01.08.2011 21:30,0.002,0,0,0,0,0,0,0,0,0,0,0,0,0,0,0,0
01.08.2011 21:40,0.002,0,0,0,0,0,0,0,0,0,0,0,0,0,0,0,0
01.08.2011 21:50,0.002,0,0,0,0,0,0,0,0,0,0,0,0,0,0,0,0
01.08.2011 22:00,0.002,0,0,0,0,0,0,0,0,0,0,0,0,0,0,0,0
01.08.2011 22:10,0.002,0,0,0,0,0,0,0,0,0,0,0,0,0,0,0,0
01.08.2011 22:20,0.002,0,0,0,0,0,0,0,0,0,0,0,0,0,0,0,0
01.08.2011 22:30,0.002,0,0,0,0,0,0,0,0,0,0,0,0,0,0,0,0
01.08.2011 22:40,0.002,0,0,0,0,0,0,0,0,0,0,0,0,0,0,0,0
01.08.2011 22:50,0.002,0,0,0,0,0,0,0,0,0,0,0,0,0,0,0,0
01.08.2011 23:00,0.002,0,0,0,0,0,0,0,0,0,0,0,0,0,0,0,0
01.08.2011 23:10,0.002,0,0,0,0,0,0,0,0,0,0,0,0,0,0,0,0
01.08.2011 23:20,0.002,0,0,0,0,0,0,0,0,0,0,0,0,0,0,0,0
01.08.2011 23:30,0.002,0,0,0,0,0,0,0,0,0,0,0,0,0,0,0,0
01.08.2011 23:40,0.002,0,0,0,0,0,0,0,0,0,0,0,0,0,0,0,0
01.08.2011 23:50,0.002,0,0,0,0,0,0,0,0,0,0,0,0,0,0,0,0
02.08.2011 00:00,0.002,0,0,0,0,0,0,0,0,0,0,0,0,0,0,0,0
02.08.2011 00:10,0.002,0,0,0,0,0,0,0,0,0,0,0,0,0,0,0,0
02.08.2011 00:20,0.002,0,0,0,0,0,0,0,0,0,0,0,0,0,0,0,0
02.08.2011 00:30,0.002,0,0,0,0,0,0,0,0,0,0,0,0,0,0,0,0
02.08.2011 00:40,0.002,0,0,0,0,0,0,0,0,0,0,0,0,0,0,0,0
02.08.2011 00:50,0.002,0.001,0.001,0.001,0.001,0.001,0.001,0.001,0,0,0,0,0,0,0,0.001,0.001
02.08.2011 01:00,0.002,0.001,0.001,0.001,0.001,0.001,0.001,0.001,0,0,0,0,0.001,0.001,0.001,0.001,0.001
02.08.2011 01:10,0.002,0,0,0,0,0,0,0,0,0,0,0,0,0,0,0,0
02.08.2011 01:20,0.002,0.001,0.001,0.001,0.001,0.001,0.001,0.001,0.001,0.001,0.001,0,0.001,0.001,0.001,0.001,0.001
02.08.2011 01:30,0.002,0.001,0.001,0.001,0.001,0.001,0.001,0.001,0.001,0.001,0.001,0,0.001,0.001,0.001,0.001,0.001
02.08.2011 01:40,0.002,0.001,0.001,0.001,0.001,0.001,0.001,0.001,0.001,0.001,0.001,0,0.001,0.001,0.001,0.001,0.001
02.08.2011 01:50,0.002,0.001,0.001,0.001,0.001,0.001,0.001,0.001,0,0,0,0,0.001,0.001,0.001,0.001,0.001
02.08.2011 02:00,0.002,0.001,0.001,0.001,0.001,0.001,0.001,0.001,0.001,0.001,0.001,0,0.001,0.001,0.001,0.001,0.001
02.08.2011 02:10,0.002,0,0,0,0,0,0,0,0,0,0,0,0,0,0,0.001,0.001
02.08.2011 02:20,0.002,0.001,0.001,0.001,0.001,0.001,0.001,0.001,0,0,0,0,0.001,0.001,0.001,0.001,0.001
02.08.2011 02:30,0.002,0.001,0.001,0.001,0.001,0.001,0.001,0.001,0,0,0,0,0.001,0.001,0.001,0.001,0.001
02.08.2011 02:40,0.002,0.001,0.001,0.001,0.001,0.001,0.001,0.001,0.001,0.001,0.001,0,0.001,0.001,0.001,0.001,0.001
02.08.2011 02:50,0.002,0.001,0.001,0.001,0.001,0.001,0.001,0.001,0.001,0.001,0.001,0,0.001,0.001,0.001,0.001,0.001
02.08.2011 03:00,0.002,0.001,0.001,0.001,0.001,0.001,0.001,0.001,0.001,0.001,0.001,0,0.001,0.001,0.001,0.001,0.001
02.08.2011 03:10,0.002,0.001,0.001,0.001,0.001,0.001,0.001,0.001,0.001,0.001,0.001,0,0.001,0.001,0.001,0.001,0.001
02.08.2011 03:20,0.002,0.001,0.001,0.001,0.001,0.001,0.001,0.001,0.001,0.001,0.001,0,0.001,0.001,0.001,0.001,0.001
02.08.2011 03:30,0.002,0.001,0.001,0.001,0.001,0.001,0.001,0.001,0.001,0.001,0.001,0,0.001,0.001,0.001,0.001,0.001
02.08.2011 03:40,0.002,0.001,0.001,0.001,0.001,0.001,0.001,0.001,0.001,0.001,0.001,0,0.001,0.001,0.001,0.001,0.001
02.08.2011 03:50,0.002,0.001,0.001,0.001,0.001,0.001,0.001,0.001,0.001,0.001,0.001,0,0.001,0,0.001,0.001,0.001
02.08.2011 04:00,0.002,0.001,0.001,0.001,0.001,0.001,0.001,0.001,0.001,0.001,0.001,0,0.001,0.001,0.001,0.001,0.001
02.08.2011 04:10,0.002,0.001,0.001,0.001,0.001,0.001,0.001,0.001,0.001,0.001,0.001,0,0.001,0.001,0.001,0.001,0.001
02.08.2011 04:20,0.002,0.001,0.001,0.001,0.001,0.001,0.001,0.001,0.001,0.001,0.001,0,0.001,0.001,0.001,0.001,0.001
02.08.2011 04:30,0.002,0.001,0.001,0.001,0.001,0.001,0.001,0.001,0.001,0.001,0.001,0,0.001,0.001,0.001,0.001,0.001
02.08.2011 04:40,0.002,0.001,0.001,0.001,0.001,0.001,0.001,0.001,0.001,0.001,0.001,0,0.001,0.001,0.001,0.001,0.001
02.08.2011 04:50,0.002,0.001,0.001,0.001,0.002,0.001,0.001,0.001,0.001,0.002,0.001,0,0.001,0.001,0.001,0.001,0.001
02.08.2011 05:00,0.002,0.001,0.002,0.002,0.003,0.002,0.002,0.001,0.002,0.003,0.001,0,0.002,0.002,0.002,0.002,0.002
02.08.2011 05:10,0.002,0.001,0.002,0.002,0.003,0.003,0.002,0.001,0.002,0.004,0.002,0,0.002,0.002,0.002,0.002,0.002
02.08.2011 05:20,0.002,0.001,0.002,0.002,0.003,0.002,0.002,0.001,0.002,0.003,0.001,0,0.002,0.002,0.002,0.002,0.002
02.08.2011 05:30,0.004,0.002,0.004,0.003,0.006,0.005,0.004,0.001,0.004,0.006,0.003,0,0.003,0.003,0.004,0.003,0.004
02.08.2011 05:40,0.006,0.003,0.005,0.005,0.008,0.007,0.006,0.002,0.006,0.009,0.004,0,0.005,0.005,0.006,0.005,0.006
02.08.2011 05:50,0.008,0.004,0.007,0.007,0.012,0.01,0.009,0.003,0.008,0.014,0.006,0,0.007,0.007,0.009,0.007,0.009
02.08.2011 06:00,0.012,0.004,0.008,0.007,0.012,0.01,0.009,0.003,0.008,0.014,0.006,0,0.007,0.007,0.009,0.007,0.009
02.08.2011 06:10,0.016,0.005,0.009,0.008,0.015,0.012,0.01,0.004,0.01,0.016,0.007,0,0.008,0.009,0.01,0.008,0.011
02.08.2011 06:20,0.014,0.007,0.013,0.011,0.023,0.018,0.016,0.005,0.015,0.025,0.01,0.001,0.011,0.013,0.016,0.012,0.018
02.08.2011 06:30,0.024,0.01,0.017,0.016,0.035,0.027,0.025,0.008,0.022,0.038,0.015,0.001,0.017,0.019,0.025,0.018,0.028
02.08.2011 06:40,0.034,0.012,0.019,0.018,0.041,0.032,0.028,0.009,0.026,0.043,0.017,0.001,0.019,0.022,0.028,0.021,0.031
02.08.2011 06:50,0.055,0.02,0.022,0.022,0.071,0.063,0.047,0.015,0.046,0.073,0.017,0.002,0.024,0.038,0.049,0.036,0.059
02.08.2011 07:00,0.053,0.022,0.02,0.019,0.075,0.067,0.047,0.015,0.05,0.075,0.011,0.002,0.038,0.031,0.05,0.036,0.062
02.08.2011 07:10,0.06,0.023,0.027,0.022,0.076,0.07,0.05,0.016,0.053,0.079,0.015,0.002,0.041,0.041,0.052,0.038,0.064
02.08.2011 07:20,0.091,0.026,0.035,0.029,0.08,0.072,0.055,0.017,0.056,0.086,0.022,0.002,0.044,0.046,0.056,0.042,0.067
02.08.2011 07:30,0.133,0.017,0.028,0.026,0.05,0.041,0.036,0.012,0.034,0.055,0.024,0.001,0.028,0.029,0.035,0.027,0.039
02.08.2011 07:40,0.148,0.02,0.034,0.031,0.057,0.05,0.043,0.013,0.04,0.067,0.028,0.002,0.033,0.035,0.043,0.032,0.047
02.08.2011 07:50,0.229,0.018,0.032,0.028,0.052,0.043,0.04,0.012,0.036,0.059,0.027,0.002,0.03,0.032,0.038,0.029,0.041
02.08.2011 08:00,0.259,0.018,0.032,0.029,0.053,0.043,0.04,0.013,0.036,0.059,0.027,0.002,0.03,0.032,0.038,0.029,0.04
02.08.2011 08:10,0.273,0.018,0.032,0.029,0.053,0.043,0.04,0.012,0.035,0.059,0.027,0.002,0.03,0.032,0.038,0.029,0.04
02.08.2011 08:20,0.343,0.021,0.038,0.033,0.06,0.05,0.047,0.015,0.042,0.069,0.032,0.002,0.035,0.037,0.044,0.034,0.048
02.08.2011 08:30,0.239,0.025,0.044,0.039,0.07,0.059,0.055,0.017,0.049,0.081,0.037,0.002,0.041,0.044,0.051,0.04,0.056
02.08.2011 08:40,0.214,0.029,0.051,0.045,0.079,0.068,0.064,0.019,0.056,0.093,0.044,0.002,0.048,0.05,0.058,0.046,0.065
02.08.2011 08:50,0.228,0.035,0.062,0.054,0.092,0.085,0.077,0.023,0.068,0.114,0.055,0.003,0.058,0.06,0.071,0.055,0.08
02.08.2011 09:00,0.222,0.036,0.062,0.053,0.089,0.082,0.077,0.023,0.067,0.111,0.054,0.003,0.057,0.059,0.068,0.054,0.079
02.08.2011 09:10,0.225,0.033,0.059,0.05,0.081,0.079,0.072,0.021,0.063,0.109,0.053,0.003,0.055,0.056,0.065,0.05,0.075
02.08.2011 09:20,0.269,0.043,0.075,0.063,0.104,0.1,0.096,0.027,0.081,0.139,0.069,0.004,0.07,0.071,0.083,0.065,0.099
02.08.2011 09:30,0.301,0.047,0.082,0.069,0.112,0.106,0.105,0.029,0.087,0.149,0.074,0.004,0.076,0.077,0.09,0.071,0.106
02.08.2011 09:40,0.327,0.042,0.07,0.06,0.103,0.086,0.096,0.026,0.076,0.12,0.062,0.003,0.066,0.067,0.074,0.064,0.088
02.08.2011 09:50,0.383,0.022,0.04,0.035,0.059,0.05,0.051,0.015,0.042,0.071,0.035,0.002,0.036,0.039,0.045,0.035,0.049
02.08.2011 10:00,0.399,0.034,0.062,0.052,0.085,0.074,0.079,0.022,0.063,0.107,0.054,0.003,0.055,0.058,0.066,0.053,0.075
02.08.2011 10:10,0.464,0.024,0.044,0.038,0.064,0.054,0.056,0.016,0.045,0.078,0.038,0.002,0.04,0.042,0.049,0.038,0.054
02.08.2011 10:20,0.568,0.023,0.042,0.036,0.062,0.052,0.053,0.015,0.043,0.073,0.036,0.002,0.038,0.04,0.046,0.036,0.051
02.08.2011 10:30,0.624,0.027,0.049,0.042,0.071,0.06,0.065,0.018,0.051,0.087,0.042,0.002,0.044,0.047,0.055,0.043,0.061
02.08.2011 10:40,0.738,0.038,0.069,0.058,0.093,0.081,0.087,0.024,0.069,0.118,0.06,0.003,0.061,0.064,0.072,0.058,0.081
02.08.2011 10:50,0.268,0.022,0.039,0.035,0.057,0.049,0.052,0.014,0.041,0.068,0.035,0.002,0.036,0.038,0.043,0.034,0.047
02.08.2011 11:00,0.351,0.016,0.028,0.026,0.045,0.036,0.036,0.01,0.03,0.049,0.025,0.001,0.026,0.028,0.032,0.025,0.035
02.08.2011 11:10,0.263,0.023,0.041,0.036,0.061,0.051,0.053,0.015,0.042,0.072,0.036,0.002,0.037,0.04,0.046,0.036,0.05
02.08.2011 11:20,0.279,0.036,0.066,0.055,0.088,0.077,0.085,0.023,0.065,0.113,0.056,0.003,0.058,0.061,0.07,0.056,0.077
02.08.2011 11:30,0.269,0.046,0.085,0.069,0.109,0.096,0.112,0.03,0.083,0.144,0.073,0.004,0.074,0.077,0.088,0.072,0.1
02.08.2011 11:40,0.353,0.026,0.046,0.04,0.067,0.056,0.06,0.017,0.047,0.081,0.041,0.002,0.042,0.044,0.051,0.04,0.056
02.08.2011 11:50,0.225,0.026,0.046,0.04,0.067,0.056,0.06,0.017,0.047,0.08,0.04,0.002,0.041,0.044,0.05,0.04,0.056
02.08.2011 12:00,0.167,0.027,0.05,0.043,0.071,0.06,0.064,0.018,0.05,0.086,0.043,0.002,0.044,0.047,0.054,0.043,0.059
02.08.2011 12:10,0.265,0.032,0.06,0.051,0.082,0.07,0.076,0.021,0.059,0.102,0.052,0.003,0.053,0.055,0.063,0.051,0.069
02.08.2011 12:20,0.378,0.034,0.063,0.053,0.084,0.073,0.081,0.022,0.062,0.107,0.054,0.003,0.055,0.058,0.066,0.053,0.073
02.08.2011 12:30,0.671,0.027,0.049,0.043,0.069,0.059,0.064,0.018,0.05,0.085,0.043,0.002,0.044,0.046,0.053,0.042,0.059
02.08.2011 12:40,0.309,0.024,0.045,0.039,0.064,0.054,0.058,0.016,0.045,0.077,0.039,0.002,0.04,0.042,0.049,0.039,0.053
02.08.2011 12:50,0.315,0.025,0.046,0.04,0.065,0.055,0.059,0.016,0.046,0.079,0.04,0.002,0.041,0.043,0.05,0.04,0.054
02.08.2011 13:00,0.336,0.026,0.048,0.042,0.068,0.057,0.062,0.017,0.048,0.082,0.041,0.002,0.043,0.045,0.052,0.041,0.056
02.08.2011 13:10,0.505,0.037,0.067,0.057,0.092,0.078,0.088,0.024,0.066,0.113,0.058,0.003,0.059,0.062,0.071,0.058,0.076
02.08.2011 13:20,0.402,0.038,0.071,0.061,0.097,0.083,0.091,0.025,0.07,0.12,0.061,0.003,0.063,0.066,0.075,0.061,0.08
02.08.2011 13:30,0.338,0.041,0.076,0.066,0.103,0.088,0.098,0.027,0.074,0.13,0.066,0.003,0.067,0.071,0.08,0.065,0.085
02.08.2011 13:40,0.296,0.042,0.077,0.066,0.103,0.088,0.099,0.027,0.075,0.13,0.067,0.003,0.068,0.071,0.081,0.066,0.085
02.08.2011 13:50,0.289,0.048,0.089,0.076,0.118,0.101,0.116,0.032,0.087,0.149,0.077,0.004,0.079,0.083,0.092,0.078,0.097
02.08.2011 14:00,0.321,0.056,0.104,0.089,0.135,0.116,0.136,0.037,0.1,0.173,0.09,0.004,0.092,0.096,0.106,0.091,0.111
02.08.2011 14:10,0.368,0.051,0.094,0.081,0.122,0.106,0.123,0.033,0.09,0.156,0.082,0.004,0.083,0.087,0.096,0.081,0.098
02.08.2011 14:20,0.448,0.058,0.108,0.093,0.139,0.12,0.143,0.039,0.102,0.178,0.093,0.004,0.096,0.1,0.11,0.094,0.108
02.08.2011 14:30,0.504,0.028,0.05,0.044,0.068,0.057,0.066,0.018,0.048,0.084,0.043,0.002,0.045,0.047,0.052,0.044,0.05
02.08.2011 14:40,0.493,0.041,0.076,0.067,0.101,0.087,0.1,0.027,0.073,0.126,0.066,0.003,0.069,0.072,0.079,0.066,0.073
02.08.2011 14:50,0.646,0.049,0.09,0.08,0.123,0.102,0.12,0.033,0.087,0.149,0.078,0.003,0.082,0.086,0.094,0.08,0.085
02.08.2011 15:00,0.612,0.048,0.087,0.078,0.123,0.1,0.117,0.032,0.085,0.145,0.076,0.003,0.08,0.084,0.093,0.079,0.082
02.08.2011 15:10,0.269,0.046,0.081,0.074,0.12,0.094,0.112,0.031,0.082,0.136,0.071,0.003,0.076,0.08,0.088,0.075,0.078
02.08.2011 15:20,0.739,0.04,0.072,0.065,0.105,0.083,0.097,0.027,0.071,0.121,0.063,0.003,0.066,0.07,0.078,0.066,0.069
02.08.2011 15:30,0.289,0.02,0.034,0.032,0.053,0.04,0.045,0.013,0.034,0.056,0.03,0.001,0.031,0.033,0.036,0.031,0.031
02.08.2011 15:40,0.454,0.04,0.071,0.067,0.113,0.085,0.095,0.027,0.072,0.119,0.062,0.002,0.065,0.071,0.079,0.066,0.064
02.08.2011 15:50,0.599,0.038,0.067,0.064,0.111,0.081,0.09,0.026,0.069,0.113,0.059,0.001,0.062,0.068,0.076,0.063,0.061
02.08.2011 16:00,0.585,0.037,0.065,0.062,0.111,0.078,0.085,0.025,0.066,0.109,0.057,0.002,0.06,0.067,0.074,0.062,0.059
02.08.2011 16:10,0.562,0.034,0.061,0.058,0.105,0.072,0.078,0.023,0.062,0.101,0.052,0.002,0.055,0.062,0.069,0.057,0.054
02.08.2011 16:20,0.568,0.033,0.057,0.056,0.1,0.069,0.072,0.022,0.058,0.095,0.049,0.002,0.052,0.059,0.066,0.054,0.05
02.08.2011 16:30,0.268,0.031,0.054,0.053,0.097,0.065,0.066,0.021,0.055,0.089,0.046,0.001,0.05,0.057,0.063,0.051,0.048
02.08.2011 16:40,0.473,0.029,0.053,0.052,0.096,0.063,0.061,0.02,0.053,0.086,0.044,0,0.048,0.055,0.062,0.05,0.046
02.08.2011 16:50,0.444,0.028,0.051,0.05,0.092,0.06,0.056,0.02,0.051,0.081,0.042,0,0.046,0.053,0.06,0.048,0.044
02.08.2011 17:00,0.433,0.025,0.047,0.046,0.087,0.055,0.048,0.018,0.047,0.073,0.038,0.001,0.042,0.049,0.055,0.044,0.04
02.08.2011 17:10,0.39,0.023,0.045,0.043,0.087,0.051,0.042,0.016,0.043,0.066,0.034,0.001,0.037,0.046,0.051,0.041,0.037
02.08.2011 17:20,0.366,0.021,0.041,0.04,0.081,0.047,0.037,0.014,0.04,0.061,0.031,0.001,0.034,0.043,0.048,0.038,0.035
02.08.2011 17:30,0.336,0.02,0.035,0.038,0.077,0.044,0.033,0.011,0.038,0.055,0.028,0.001,0.031,0.041,0.046,0.035,0.033
02.08.2011 17:40,0.321,0.018,0.03,0.036,0.077,0.04,0.029,0.009,0.035,0.05,0.024,0.001,0.028,0.038,0.043,0.033,0.031
02.08.2011 17:50,0.302,0.016,0.025,0.033,0.072,0.036,0.026,0.008,0.033,0.044,0.021,0.001,0.026,0.035,0.04,0.03,0.028
02.08.2011 18:00,0.27,0.014,0.021,0.03,0.067,0.032,0.022,0.006,0.029,0.038,0.017,0.001,0.023,0.031,0.036,0.027,0.025
02.08.2011 18:10,0.244,0.012,0.017,0.027,0.061,0.028,0.019,0.005,0.025,0.031,0.013,0.001,0.02,0.028,0.031,0.023,0.022
02.08.2011 18:20,0.221,0.01,0.013,0.023,0.051,0.024,0.017,0.004,0.02,0.024,0.01,0.001,0.016,0.024,0.027,0.019,0.019
02.08.2011 18:30,0.204,0.008,0.009,0.02,0.045,0.02,0.014,0.003,0.016,0.014,0.007,0,0.013,0.02,0.022,0.016,0.017
02.08.2011 18:40,0.181,0.005,0.005,0.017,0.037,0.017,0.012,0.002,0.012,0.008,0.005,0,0.009,0.016,0.015,0.013,0.014
02.08.2011 18:50,0.161,0.003,0.004,0.012,0.027,0.012,0.008,0.002,0.008,0.006,0.004,0,0.005,0.011,0.007,0.008,0.009
02.08.2011 19:00,0.137,0.002,0.003,0.004,0.014,0.004,0.005,0.001,0.004,0.004,0.002,0,0.003,0.004,0.003,0.004,0.004
02.08.2011 19:10,0.113,0.001,0.002,0.002,0.004,0.002,0.002,0.001,0.002,0.003,0.002,0,0.002,0.002,0.002,0.002,0.002
02.08.2011 19:20,0.094,0.001,0.001,0.001,0.002,0.002,0.001,0.001,0.001,0.002,0.001,0,0.001,0.001,0.002,0.001,0.001
02.08.2011 19:30,0.075,0,0.001,0.001,0.001,0.001,0.001,0,0.001,0.001,0.001,0,0.001,0.001,0.001,0.001,0.001
02.08.2011 19:40,0.059,0,0,0,0.001,0,0,0,0,0.001,0,0,0,0,0,0,0
02.08.2011 19:50,0.024,0,0,0,0,0,0,0,0,0,0,0,0,0,0,0,0
02.08.2011 20:00,0.018,0,0,0,0,0,0,0,0,0,0,0,0,0,0,0,0
02.08.2011 20:10,0.014,0,0,0,0,0,0,0,0,0,0,0,0,0,0,0,0
02.08.2011 20:20,0.008,0,0,0,0,0,0,0,0,0,0,0,0,0,0,0,0
02.08.2011 20:30,0.006,0,0,0,0,0,0,0,0,0,0,0,0,0,0,0,0
02.08.2011 20:40,0.003,0,0,0,0,0,0,0,0,0,0,0,0,0,0,0,0
02.08.2011 20:50,0.002,0,0,0,0,0,0,0,0,0,0,0,0,0,0,0,0
02.08.2011 21:00,0.002,0,0,0,0,0,0,0,0,0,0,0,0,0,0,0,0
02.08.2011 21:10,0.002,0,0,0,0,0,0,0,0,0,0,0,0,0,0,0,0
02.08.2011 21:20,0.002,0,0,0,0,0,0,0,0,0,0,0,0,0,0,0,0
02.08.2011 21:30,0.002,0,0,0,0,0,0,0,0,0,0,0,0,0,0,0,0
02.08.2011 21:40,0.002,0,0,0,0,0,0,0,0,0,0,0,0,0,0,0,0
02.08.2011 21:50,0.002,0,0,0,0,0,0,0,0,0,0,0,0,0,0,0,0
02.08.2011 22:00,0.002,0,0,0,0,0,0,0,0,0,0,0,0,0,0,0,0
02.08.2011 22:10,0.002,0,0,0,0,0,0,0,0,0,0,0,0,0,0,0,0
02.08.2011 22:20,0.002,0,0,0,0,0,0,0,0,0,0,0,0,0,0,0,0
02.08.2011 22:30,0.002,0,0,0,0,0,0,0,0,0,0,0,0,0,0,0,0
02.08.2011 22:40,0.002,0,0,0,0,0,0,0,0,0,0,0,0,0,0,0,0
02.08.2011 22:50,0.002,0,0,0,0,0,0,0,0,0,0,0,0,0,0,0,0
02.08.2011 23:00,0.002,0,0,0,0,0,0,0,0,0,0,0,0,0,0,0,0
02.08.2011 23:10,0.002,0,0,0,0,0,0,0,0,0,0,0,0,0,0,0,0
02.08.2011 23:20,0.002,0,0,0,0,0,0,0,0,0,0,0,0,0,0,0,0
02.08.2011 23:30,0.002,0,0,0,0,0,0,0,0,0,0,0,0,0,0,0,0
02.08.2011 23:40,0.002,0,0,0,0,0,0,0,0,0,0,0,0,0,0,0,0
02.08.2011 23:50,0.002,0,0,0,0,0,0,0,0,0,0,0,0,0,0,0,0
03.08.2011 00:00,0.002,0,0,0,0,0,0,0,0,0,0,0,0,0,0,0,0
03.08.2011 00:10,0.002,0,0,0,0,0,0,0,0,0,0,0,0,0,0,0.001,0.001
03.08.2011 00:20,0.002,0.001,0.001,0.001,0.001,0.001,0.001,0.001,0,0,0,0,0.001,0.001,0.001,0.001,0.001
03.08.2011 00:30,0.002,0,0,0,0,0,0,0,0,0,0,0,0,0,0,0.001,0.001
03.08.2011 00:40,0.002,0.001,0.001,0.001,0.001,0.001,0.001,0.001,0,0,0,0,0.001,0.001,0.001,0.001,0.001
03.08.2011 00:50,0.002,0.001,0.001,0.001,0.001,0.001,0.001,0.001,0.001,0.001,0.001,0,0.001,0.001,0.001,0.001,0.001
03.08.2011 01:00,0.002,0.001,0.001,0.001,0.001,0.001,0.001,0.001,0.001,0.001,0.001,0,0.001,0.001,0.001,0.001,0.001
03.08.2011 01:10,0.002,0.001,0.001,0.001,0.001,0.001,0.001,0.001,0.001,0.001,0.001,0,0.001,0.001,0.001,0.001,0.001
03.08.2011 01:20,0.002,0,0,0,0,0,0,0,0,0,0,0,0,0,0,0,0
03.08.2011 01:30,0.002,0.001,0.001,0.001,0.001,0.001,0.001,0.001,0,0,0,0,0.001,0.001,0.001,0.001,0.001
03.08.2011 01:40,0.002,0.001,0.001,0.001,0.001,0.001,0.001,0.001,0.001,0.001,0.001,0,0.001,0.001,0.001,0.001,0.001
03.08.2011 01:50,0.002,0.001,0.001,0.001,0.001,0.001,0.001,0.001,0.001,0.001,0.001,0,0.001,0.001,0.001,0.001,0.001
03.08.2011 02:00,0.002,0.001,0.001,0.001,0.001,0.001,0.001,0.001,0,0,0,0,0.001,0.001,0.001,0.001,0.001
03.08.2011 02:10,0.002,0.001,0.001,0.001,0.001,0.001,0.001,0.001,0.001,0.001,0.001,0,0.001,0.001,0.001,0.001,0.001
03.08.2011 02:20,0.002,0.001,0.001,0.001,0.001,0.001,0.001,0.001,0.001,0.001,0.001,0,0.001,0.001,0.001,0.001,0.001
03.08.2011 02:30,0.002,0.001,0.001,0.001,0.001,0.001,0.001,0.001,0.001,0.001,0.001,0,0.001,0.001,0.001,0.001,0.001
03.08.2011 02:40,0.002,0.001,0.001,0.001,0.001,0.001,0.001,0.001,0.001,0.001,0.001,0,0.001,0.001,0.001,0.001,0.001
03.08.2011 02:50,0.002,0.001,0.001,0.001,0.001,0.001,0.001,0.001,0.001,0.001,0.001,0,0.001,0.001,0.001,0.001,0.001
03.08.2011 03:00,0.002,0,0.001,0.001,0.001,0.001,0,0.001,0,0.001,0.001,0,0.001,0,0.001,0,0
03.08.2011 03:10,0.002,0.001,0.001,0.001,0.001,0.001,0,0.001,0.001,0.001,0.001,0,0.001,0,0.001,0,0
03.08.2011 03:20,0.002,0.001,0.001,0.001,0.001,0.001,0.001,0.001,0.001,0.001,0.001,0,0.001,0.001,0.001,0.001,0.001
03.08.2011 03:30,0.002,0,0.001,0.001,0.001,0.001,0,0.001,0,0.001,0.001,0,0.001,0,0.001,0.001,0.001
03.08.2011 03:40,0.002,0.001,0.001,0.001,0.001,0.001,0,0.001,0.001,0.001,0.001,0,0.001,0,0.001,0,0
03.08.2011 03:50,0.002,0,0.001,0.001,0.001,0.001,0,0.001,0.001,0.001,0.001,0,0.001,0,0.001,0,0
03.08.2011 04:00,0.002,0.001,0.001,0.001,0.001,0.001,0.001,0.001,0.001,0.001,0.001,0,0.001,0.001,0.001,0.001,0.001
03.08.2011 04:10,0.002,0.001,0.001,0.001,0.001,0.001,0.001,0.001,0.001,0.001,0.001,0,0.001,0.001,0.001,0.001,0.001
03.08.2011 04:20,0.002,0.001,0.001,0.001,0.001,0.001,0.001,0.001,0.001,0.001,0.001,0,0.001,0.001,0.001,0.001,0.001
03.08.2011 04:30,0.002,0.001,0.001,0.001,0.001,0.001,0.001,0.001,0.001,0.001,0.001,0,0.001,0.001,0.001,0.001,0.001
03.08.2011 04:40,0.002,0.001,0.001,0.001,0.002,0.002,0.001,0.001,0.001,0.002,0.001,0,0.001,0.001,0.002,0.001,0.002
03.08.2011 04:50,0.002,0.001,0.001,0.002,0.004,0.003,0.002,0.001,0.002,0.002,0.001,0,0.002,0.002,0.002,0.002,0.003
03.08.2011 05:00,0.002,0.001,0.002,0.002,0.005,0.004,0.003,0.001,0.003,0.003,0.002,0,0.002,0.003,0.004,0.002,0.004
03.08.2011 05:10,0.002,0.001,0.002,0.003,0.006,0.012,0.004,0.002,0.004,0.005,0.002,0,0.003,0.006,0.008,0.003,0.012
03.08.2011 05:20,0.002,0.002,0.003,0.004,0.007,0.019,0.005,0.002,0.005,0.006,0.003,0,0.003,0.005,0.012,0.004,0.018
03.08.2011 05:30,0.004,0.002,0.003,0.004,0.008,0.025,0.006,0.002,0.006,0.007,0.003,0,0.004,0.005,0.016,0.004,0.023
03.08.2011 05:40,0.008,0.002,0.004,0.005,0.013,0.029,0.006,0.002,0.006,0.009,0.004,0,0.004,0.006,0.02,0.004,0.017
03.08.2011 05:50,0.012,0.003,0.004,0.005,0.01,0.029,0.007,0.003,0.008,0.014,0.004,0,0.004,0.007,0.024,0.005,0.01
03.08.2011 06:00,0.016,0.003,0.005,0.005,0.012,0.016,0.008,0.003,0.01,0.025,0.005,0,0.005,0.007,0.027,0.006,0.015
03.08.2011 06:10,0.02,0.003,0.005,0.006,0.012,0.01,0.01,0.005,0.01,0.032,0.005,0.001,0.005,0.013,0.028,0.007,0.036
03.08.2011 06:20,0.026,0.003,0.005,0.006,0.027,0.014,0.029,0.007,0.015,0.037,0.005,0.001,0.005,0.009,0.032,0.008,0.045
03.08.2011 06:30,0.03,0.004,0.006,0.007,0.046,0.017,0.039,0.008,0.019,0.044,0.006,0.001,0.008,0.011,0.038,0.018,0.049
03.08.2011 06:40,0.07,0.011,0.008,0.007,0.062,0.042,0.043,0.009,0.03,0.051,0.009,0.001,0.007,0.019,0.041,0.028,0.053
03.08.2011 06:50,0.038,0.015,0.012,0.013,0.066,0.06,0.047,0.01,0.039,0.06,0.009,0.002,0.014,0.033,0.045,0.033,0.058
03.08.2011 07:00,0.087,0.019,0.017,0.016,0.067,0.063,0.05,0.011,0.049,0.067,0.01,0.002,0.034,0.028,0.048,0.036,0.061
03.08.2011 07:10,0.131,0.022,0.024,0.02,0.07,0.067,0.054,0.012,0.052,0.074,0.015,0.002,0.038,0.04,0.05,0.039,0.065
03.08.2011 07:20,0.151,0.024,0.029,0.025,0.073,0.07,0.058,0.013,0.055,0.081,0.019,0.002,0.041,0.044,0.053,0.041,0.069
03.08.2011 07:30,0.173,0.027,0.034,0.035,0.077,0.073,0.061,0.017,0.058,0.087,0.031,0.002,0.044,0.047,0.056,0.044,0.073
03.08.2011 07:40,0.195,0.029,0.04,0.047,0.079,0.076,0.065,0.018,0.06,0.093,0.032,0.002,0.047,0.05,0.059,0.047,0.076
03.08.2011 07:50,0.22,0.031,0.045,0.05,0.082,0.079,0.069,0.019,0.063,0.098,0.04,0.002,0.049,0.053,0.062,0.049,0.079
03.08.2011 08:00,0.242,0.033,0.05,0.052,0.085,0.082,0.073,0.02,0.066,0.104,0.054,0.003,0.052,0.056,0.065,0.052,0.083
03.08.2011 08:10,0.265,0.034,0.054,0.054,0.09,0.085,0.077,0.021,0.068,0.109,0.057,0.003,0.055,0.058,0.067,0.055,0.085
03.08.2011 08:20,0.288,0.036,0.058,0.056,0.092,0.087,0.08,0.022,0.07,0.113,0.06,0.003,0.057,0.06,0.069,0.056,0.088
03.08.2011 08:30,0.312,0.037,0.061,0.058,0.094,0.089,0.085,0.023,0.072,0.118,0.063,0.003,0.059,0.062,0.072,0.059,0.091
03.08.2011 08:40,0.334,0.039,0.063,0.059,0.095,0.091,0.088,0.023,0.073,0.121,0.065,0.003,0.061,0.064,0.074,0.061,0.092
03.08.2011 08:50,0.359,0.041,0.067,0.061,0.097,0.093,0.093,0.024,0.076,0.126,0.069,0.003,0.064,0.067,0.076,0.064,0.096
03.08.2011 09:00,0.385,0.042,0.069,0.063,0.099,0.095,0.096,0.025,0.078,0.131,0.071,0.003,0.066,0.069,0.079,0.066,0.098
03.08.2011 09:10,0.406,0.036,0.06,0.054,0.085,0.079,0.084,0.022,0.066,0.113,0.06,0.003,0.056,0.059,0.067,0.057,0.083
03.08.2011 09:20,0.426,0.047,0.079,0.07,0.109,0.103,0.11,0.028,0.087,0.147,0.08,0.004,0.074,0.078,0.088,0.075,0.108
03.08.2011 09:30,0.454,0.046,0.077,0.068,0.103,0.098,0.107,0.027,0.083,0.142,0.077,0.004,0.072,0.075,0.085,0.072,0.104
03.08.2011 09:40,0.473,0.047,0.079,0.069,0.104,0.098,0.11,0.028,0.085,0.145,0.079,0.004,0.073,0.077,0.086,0.074,0.105
03.08.2011 09:50,0.5,0.048,0.082,0.071,0.107,0.1,0.115,0.028,0.087,0.15,0.082,0.004,0.075,0.08,0.088,0.077,0.107
03.08.2011 10:00,0.521,0.049,0.084,0.073,0.108,0.1,0.117,0.029,0.088,0.152,0.083,0.004,0.077,0.081,0.089,0.079,0.108
03.08.2011 10:10,0.529,0.05,0.086,0.074,0.109,0.1,0.12,0.029,0.089,0.155,0.085,0.004,0.078,0.082,0.091,0.08,0.109
03.08.2011 10:20,0.589,0.05,0.086,0.074,0.107,0.098,0.119,0.029,0.088,0.153,0.084,0.004,0.077,0.081,0.09,0.079,0.107
03.08.2011 10:30,0.579,0.05,0.087,0.075,0.108,0.099,0.121,0.029,0.089,0.155,0.085,0.004,0.078,0.082,0.091,0.081,0.107
03.08.2011 10:40,0.595,0.052,0.09,0.078,0.109,0.101,0.126,0.031,0.091,0.16,0.088,0.004,0.081,0.085,0.094,0.084,0.11
03.08.2011 10:50,0.612,0.053,0.093,0.079,0.11,0.101,0.128,0.031,0.092,0.162,0.089,0.004,0.082,0.086,0.095,0.085,0.111
03.08.2011 11:00,0.636,0.054,0.098,0.082,0.112,0.103,0.133,0.032,0.095,0.167,0.092,0.004,0.085,0.089,0.097,0.089,0.114
03.08.2011 11:10,0.646,0.054,0.098,0.081,0.111,0.102,0.133,0.032,0.094,0.165,0.092,0.004,0.084,0.089,0.096,0.089,0.112
03.08.2011 11:20,0.626,0.056,0.102,0.084,0.115,0.104,0.137,0.033,0.097,0.17,0.095,0.004,0.087,0.092,0.099,0.092,0.116
03.08.2011 11:30,0.639,0.057,0.104,0.086,0.117,0.106,0.141,0.034,0.098,0.174,0.096,0.004,0.089,0.093,0.101,0.095,0.117
03.08.2011 11:40,0.643,0.059,0.107,0.089,0.12,0.109,0.144,0.035,0.101,0.179,0.099,0.004,0.091,0.096,0.104,0.098,0.119
03.08.2011 11:50,0.657,0.044,0.08,0.067,0.092,0.082,0.106,0.027,0.076,0.133,0.073,0.003,0.068,0.072,0.078,0.073,0.087
03.08.2011 12:00,0.707,0.051,0.092,0.078,0.108,0.095,0.126,0.031,0.088,0.152,0.084,0.004,0.079,0.083,0.09,0.085,0.103
03.08.2011 12:10,0.691,0.063,0.115,0.096,0.13,0.116,0.154,0.038,0.107,0.189,0.105,0.005,0.098,0.103,0.111,0.105,0.125
03.08.2011 12:20,0.729,0.047,0.085,0.072,0.099,0.087,0.113,0.029,0.08,0.14,0.078,0.003,0.073,0.077,0.083,0.078,0.093
03.08.2011 12:30,0.746,0.046,0.084,0.071,0.099,0.087,0.112,0.029,0.079,0.137,0.077,0.003,0.071,0.076,0.082,0.077,0.091
03.08.2011 12:40,0.761,0.023,0.041,0.037,0.055,0.046,0.054,0.015,0.041,0.07,0.038,0.002,0.036,0.039,0.043,0.039,0.046
03.08.2011 12:50,0.758,0.032,0.058,0.052,0.075,0.064,0.076,0.02,0.056,0.097,0.054,0.002,0.05,0.054,0.059,0.054,0.064
03.08.2011 13:00,0.24,0.025,0.045,0.04,0.06,0.05,0.06,0.016,0.044,0.075,0.041,0.002,0.039,0.042,0.046,0.042,0.05
03.08.2011 13:10,0.774,0.04,0.072,0.063,0.091,0.078,0.096,0.025,0.07,0.12,0.067,0.003,0.063,0.067,0.073,0.067,0.078
03.08.2011 13:20,0.372,0.034,0.061,0.054,0.076,0.066,0.08,0.021,0.059,0.101,0.056,0.002,0.053,0.057,0.061,0.057,0.065
03.08.2011 13:30,0.248,0.04,0.071,0.063,0.089,0.077,0.095,0.025,0.068,0.117,0.065,0.003,0.062,0.067,0.071,0.067,0.075
03.08.2011 13:40,0.511,0.023,0.041,0.036,0.054,0.045,0.056,0.016,0.04,0.068,0.036,0.002,0.036,0.039,0.042,0.04,0.045
03.08.2011 13:50,0.255,0.017,0.03,0.028,0.041,0.034,0.038,0.011,0.029,0.05,0.027,0.001,0.026,0.028,0.031,0.028,0.032
03.08.2011 14:00,0.191,0.03,0.054,0.048,0.07,0.06,0.072,0.02,0.052,0.089,0.049,0.002,0.047,0.051,0.055,0.05,0.055
03.08.2011 14:10,0.798,0.05,0.091,0.08,0.115,0.099,0.123,0.033,0.087,0.148,0.082,0.004,0.079,0.085,0.091,0.086,0.091
03.08.2011 14:20,0.751,0.031,0.056,0.05,0.072,0.061,0.076,0.021,0.054,0.091,0.05,0.002,0.049,0.053,0.057,0.054,0.057
03.08.2011 14:30,0.253,0.031,0.056,0.051,0.072,0.062,0.074,0.02,0.054,0.092,0.051,0.002,0.049,0.053,0.057,0.053,0.056
03.08.2011 14:40,0.465,0.028,0.051,0.046,0.065,0.056,0.068,0.018,0.049,0.085,0.046,0.002,0.044,0.048,0.052,0.048,0.052
03.08.2011 14:50,0.693,0.022,0.039,0.037,0.051,0.045,0.05,0.014,0.038,0.065,0.036,0.002,0.035,0.038,0.04,0.037,0.039
03.08.2011 15:00,0.182,0.027,0.048,0.045,0.065,0.055,0.065,0.018,0.048,0.08,0.044,0.002,0.043,0.047,0.051,0.047,0.049
03.08.2011 15:10,0.683,0.017,0.031,0.028,0.04,0.035,0.038,0.011,0.029,0.051,0.027,0.001,0.026,0.029,0.032,0.028,0.03
03.08.2011 15:20,0.165,0.043,0.074,0.07,0.102,0.085,0.101,0.027,0.074,0.123,0.068,0.003,0.067,0.074,0.079,0.073,0.07
03.08.2011 15:30,0.194,0.047,0.083,0.079,0.113,0.096,0.112,0.031,0.084,0.138,0.077,0.003,0.075,0.084,0.09,0.083,0.079
03.08.2011 15:40,0.661,0.031,0.055,0.053,0.077,0.065,0.072,0.02,0.056,0.093,0.051,0.002,0.049,0.056,0.061,0.056,0.054
03.08.2011 15:50,0.225,0.046,0.08,0.077,0.113,0.093,0.105,0.03,0.082,0.134,0.074,0.002,0.072,0.082,0.089,0.081,0.076
03.08.2011 16:00,0.29,0.031,0.054,0.053,0.08,0.064,0.071,0.02,0.056,0.091,0.05,0.002,0.049,0.056,0.061,0.055,0.053
03.08.2011 16:10,0.179,0.033,0.058,0.057,0.089,0.068,0.075,0.022,0.06,0.096,0.053,0.002,0.052,0.061,0.066,0.059,0.057
03.08.2011 16:20,0.556,0.037,0.065,0.065,0.101,0.078,0.082,0.024,0.068,0.109,0.06,0.002,0.059,0.069,0.075,0.067,0.063
03.08.2011 16:30,0.542,0.028,0.05,0.05,0.079,0.06,0.062,0.018,0.052,0.083,0.046,0.001,0.045,0.053,0.058,0.051,0.049
03.08.2011 16:40,0.239,0.033,0.058,0.059,0.094,0.07,0.069,0.021,0.06,0.096,0.053,0.001,0.052,0.062,0.068,0.06,0.056
03.08.2011 16:50,0.516,0.026,0.046,0.047,0.079,0.055,0.052,0.017,0.047,0.074,0.041,0.001,0.041,0.05,0.054,0.048,0.044
03.08.2011 17:00,0.474,0.025,0.045,0.046,0.078,0.054,0.048,0.017,0.046,0.071,0.039,0.001,0.04,0.049,0.053,0.046,0.042
03.08.2011 17:10,0.391,0.019,0.035,0.036,0.063,0.041,0.036,0.013,0.035,0.054,0.029,0.001,0.03,0.038,0.041,0.036,0.032
03.08.2011 17:20,0.285,0.017,0.032,0.033,0.057,0.038,0.032,0.011,0.032,0.049,0.026,0.001,0.027,0.035,0.038,0.032,0.029
03.08.2011 17:30,0.229,0.009,0.016,0.017,0.028,0.02,0.017,0.005,0.017,0.026,0.013,0.001,0.014,0.018,0.02,0.017,0.015
03.08.2011 17:40,0.385,0.004,0.007,0.007,0.012,0.009,0.008,0.003,0.007,0.012,0.006,0,0.006,0.008,0.008,0.007,0.007
03.08.2011 17:50,0.271,0.006,0.01,0.01,0.015,0.012,0.013,0.004,0.01,0.017,0.009,0,0.009,0.01,0.011,0.01,0.011
03.08.2011 18:00,0.284,0.006,0.01,0.01,0.014,0.012,0.013,0.004,0.01,0.017,0.009,0,0.009,0.01,0.011,0.01,0.011
03.08.2011 18:10,0.216,0.005,0.009,0.009,0.013,0.011,0.012,0.003,0.01,0.016,0.009,0,0.008,0.009,0.01,0.009,0.011
03.08.2011 18:20,0.207,0.004,0.007,0.007,0.011,0.009,0.01,0.003,0.008,0.013,0.007,0,0.007,0.008,0.009,0.008,0.009
03.08.2011 18:30,0.077,0.003,0.006,0.006,0.009,0.007,0.008,0.002,0.006,0.01,0.006,0,0.006,0.006,0.007,0.006,0.007
03.08.2011 18:40,0.044,0.003,0.004,0.004,0.007,0.006,0.006,0.002,0.005,0.008,0.004,0,0.004,0.005,0.005,0.005,0.005
03.08.2011 18:50,0.062,0.002,0.003,0.003,0.004,0.003,0.004,0.001,0.003,0.005,0.003,0,0.003,0.003,0.003,0.003,0.003
03.08.2011 19:00,0.062,0.001,0.002,0.002,0.003,0.002,0.002,0.001,0.002,0.003,0.002,0,0.002,0.002,0.002,0.002,0.002
03.08.2011 19:10,0.059,0.001,0.001,0.001,0.002,0.001,0.001,0,0.001,0.002,0.001,0,0.001,0.001,0.001,0.001,0.001
03.08.2011 19:20,0.048,0,0,0,0.001,0,0,0,0,0.001,0,0,0,0,0,0,0
03.08.2011 19:30,0.04,0,0,0,0,0,0,0,0,0,0,0,0,0,0,0,0
03.08.2011 19:40,0.03,0,0,0,0,0,0,0,0,0,0,0,0,0,0,0,0
03.08.2011 19:50,0.02,0,0,0,0,0,0,0,0,0,0,0,0,0,0,0,0
03.08.2011 20:00,0.012,0,0,0,0,0,0,0,0,0,0,0,0,0,0,0,0
03.08.2011 20:10,0.008,0,0,0,0,0,0,0,0,0,0,0,0,0,0,0,0
03.08.2011 20:20,0.004,0,0,0,0,0,0,0,0,0,0,0,0,0,0,0,0
03.08.2011 20:30,0.002,0,0,0,0,0,0,0,0,0,0,0,0,0,0,0,0
03.08.2011 20:40,0.002,0,0,0,0,0,0,0,0,0,0,0,0,0,0,0,0
03.08.2011 20:50,0.002,0,0,0,0,0.001,0.001,0.001,0,0,0,0,0,0,0,0.001,0.001
03.08.2011 21:00,0.002,0.001,0.001,0.001,0.001,0.001,0.001,0.001,0,0,0,0,0.001,0.001,0.001,0.001,0.001
03.08.2011 21:10,0.002,0.001,0.001,0.001,0.001,0.001,0.001,0.001,0,0,0,0,0.001,0.001,0.001,0.001,0.001
03.08.2011 21:20,0.002,0.001,0.001,0.001,0.001,0.001,0.001,0.001,0,0,0,0,0.001,0.001,0.001,0.001,0.001
03.08.2011 21:30,0.002,0.001,0.001,0.001,0.001,0.001,0.001,0.001,0,0,0,0,0.001,0.001,0.001,0.001,0.001
03.08.2011 21:40,0.002,0.001,0.001,0.001,0.001,0.001,0.001,0.001,0,0,0,0,0.001,0.001,0.001,0.001,0.001
03.08.2011 21:50,0.002,0.001,0.001,0.001,0.001,0.001,0.001,0.001,0.001,0.001,0.001,0,0.001,0.001,0.001,0.001,0.001
03.08.2011 22:00,0.002,0.001,0.001,0.001,0.001,0.001,0.001,0.001,0.001,0.001,0.001,0,0.001,0.001,0.001,0.001,0.001
03.08.2011 22:10,0.002,0.001,0.001,0.001,0.001,0.001,0.001,0.001,0.001,0.001,0.001,0,0.001,0.001,0.001,0.001,0.001
03.08.2011 22:20,0.002,0.001,0.001,0.001,0.001,0.001,0.001,0.001,0.001,0.001,0.001,0,0.001,0.001,0.001,0.001,0.001
03.08.2011 22:30,0.002,0.001,0.001,0.001,0.001,0.001,0.001,0.001,0.001,0.001,0.001,0,0.001,0.001,0.001,0.001,0.001
03.08.2011 22:40,0.002,0.001,0.001,0.001,0.001,0.001,0.001,0.001,0.001,0.001,0.001,0,0.001,0.001,0.001,0.001,0.001
03.08.2011 22:50,0.002,0.001,0.001,0.001,0.001,0.001,0.001,0.001,0.001,0.001,0.001,0,0.001,0.001,0.001,0.001,0.001
03.08.2011 23:00,0.002,0.001,0.001,0.001,0.001,0.001,0.001,0.001,0.001,0.001,0.001,0,0.001,0.001,0.001,0.001,0.001
03.08.2011 23:10,0.002,0.001,0.001,0.001,0.001,0.001,0.001,0.001,0.001,0.001,0.001,0,0.001,0.001,0.001,0.001,0.001
03.08.2011 23:20,0.002,0.001,0.001,0.001,0.001,0.001,0.001,0.001,0.001,0.001,0.001,0,0.001,0.001,0.001,0.001,0.001
03.08.2011 23:30,0.002,0.001,0.001,0.001,0.001,0.001,0.001,0.001,0.001,0.001,0.001,0,0.001,0.001,0.001,0.001,0.001
03.08.2011 23:40,0.002,0.001,0.001,0.001,0.001,0.001,0.001,0.001,0.001,0.001,0.001,0,0.001,0.001,0.001,0.001,0.001
03.08.2011 23:50,0.002,0.001,0.001,0.001,0.001,0.001,0.001,0.001,0.001,0.001,0.001,0,0.001,0.001,0.001,0.001,0.001
04.08.2011 00:00,0.002,0.001,0.001,0.001,0.001,0.001,0.001,0.001,0.001,0.001,0.001,0,0.001,0.001,0.001,0.001,0.001
04.08.2011 00:10,0.002,0.001,0.001,0.001,0.001,0.001,0.001,0.001,0.001,0.001,0.001,0,0.001,0.001,0.001,0.001,0.001
04.08.2011 00:20,0.002,0.001,0.001,0.001,0.001,0.001,0.001,0.001,0.001,0.001,0.001,0,0.001,0.001,0.001,0.001,0.001
04.08.2011 00:30,0.002,0.001,0.001,0.001,0.001,0.001,0.001,0.001,0.001,0.001,0.001,0,0.001,0.001,0.001,0.001,0.001
04.08.2011 00:40,0.002,0.001,0.001,0.001,0.001,0.001,0,0.001,0.001,0.001,0.001,0,0.001,0.001,0.001,0,0.001
04.08.2011 00:50,0.002,0.001,0.001,0.001,0.001,0.001,0.001,0.001,0.001,0.001,0.001,0,0.001,0.001,0.001,0.001,0.001
04.08.2011 01:00,0.002,0.001,0.001,0.001,0.001,0.001,0,0.001,0.001,0.001,0.001,0,0.001,0.001,0.001,0.001,0.001
04.08.2011 01:10,0.002,0.001,0.001,0.001,0.001,0.001,0.001,0.001,0.001,0.001,0.001,0,0.001,0.001,0.001,0.001,0.001
04.08.2011 01:20,0.002,0.001,0.001,0.001,0.001,0.001,0.001,0.001,0.001,0.001,0.001,0,0.001,0.001,0.001,0.001,0.001
04.08.2011 01:30,0.002,0.001,0.001,0.001,0.001,0.001,0.001,0.001,0.001,0.001,0.001,0,0.001,0.001,0.001,0,0.001
04.08.2011 01:40,0.002,0,0.001,0.001,0.001,0.001,0,0.001,0.001,0.001,0.001,0,0.001,0,0.001,0,0
04.08.2011 01:50,0.002,0,0.001,0.001,0.001,0.001,0,0.001,0,0.001,0.001,0,0.001,0,0.001,0,0
04.08.2011 02:00,0.002,0,0,0.001,0,0,0,0,0,0.001,0,0,0,0,0,0,0
04.08.2011 02:10,0.002,0,0,0,0,0,0,0,0,0.001,0,0,0,0,0,0,0
04.08.2011 02:20,0.002,0,0,0,0,0,0,0,0,0,0,0,0,0,0,0,0
04.08.2011 02:30,0.002,0,0,0,0,0,0,0,0,0,0,0,0,0,0,0,0
04.08.2011 02:40,0.002,0,0,0,0,0,0,0,0,0,0,0,0,0,0,0,0
04.08.2011 02:50,0.002,0,0,0.001,0,0,0,0,0,0,0,0,0,0,0,0,0
04.08.2011 03:00,0.002,0,0,0,0,0,0,0,0,0.001,0,0,0,0,0,0,0
04.08.2011 03:10,0.002,0,0,0,0,0,0,0,0,0,0,0,0,0,0,0,0
04.08.2011 03:20,0.002,0,0,0,0,0,0,0,0,0,0,0,0,0,0,0,0
04.08.2011 03:30,0.002,0,0,0,0,0,0,0,0,0,0,0,0,0,0,0,0
04.08.2011 03:40,0.002,0,0,0,0,0,0,0,0,0,0,0,0,0,0,0,0
04.08.2011 03:50,0.002,0,0,0,0,0,0,0,0,0,0,0,0,0,0,0,0
04.08.2011 04:00,0.002,0,0,0,0,0,0,0,0,0,0,0,0,0,0,0,0
04.08.2011 04:10,0.002,0.001,0.001,0.001,0.001,0.001,0.001,0.001,0,0,0,0,0.001,0.001,0.001,0.001,0.001
04.08.2011 04:20,0.002,0.001,0.001,0.001,0.001,0.001,0.001,0.001,0,0,0,0,0.001,0.001,0.001,0.001,0.001
04.08.2011 04:30,0.002,0.001,0.001,0.001,0.001,0.001,0.001,0.001,0.001,0.001,0.001,0,0.001,0.001,0.001,0.001,0.001
04.08.2011 04:40,0.002,0.001,0.001,0.001,0.001,0.001,0.001,0.001,0.001,0.001,0.001,0,0.001,0.001,0.001,0.001,0.001
04.08.2011 04:50,0.002,0.001,0.001,0.001,0.001,0.001,0.001,0.001,0,0,0,0,0.001,0.001,0.001,0.001,0.001
04.08.2011 05:00,0.002,0.001,0.001,0.001,0.001,0.001,0.001,0.001,0.001,0.001,0.001,0,0.001,0.001,0.001,0.001,0.001
04.08.2011 05:10,0.002,0.001,0.001,0.001,0.001,0.001,0.001,0.001,0.001,0.001,0.001,0,0.001,0.001,0.001,0.001,0.001
04.08.2011 05:20,0.002,0.001,0.001,0.001,0.002,0.001,0.001,0.001,0.001,0.001,0.001,0,0.001,0.001,0.001,0.001,0.001
04.08.2011 05:30,0.002,0.001,0.001,0.001,0.002,0.002,0.001,0.001,0.001,0.002,0.001,0,0.001,0.001,0.002,0.001,0.002
04.08.2011 05:40,0.002,0.001,0.002,0.002,0.003,0.002,0.002,0.001,0.002,0.002,0.001,0,0.002,0.002,0.002,0.002,0.002
04.08.2011 05:50,0.002,0.001,0.002,0.002,0.003,0.003,0.002,0.001,0.002,0.003,0.002,0,0.002,0.002,0.002,0.002,0.002
04.08.2011 06:00,0.004,0.001,0.003,0.002,0.004,0.003,0.003,0.001,0.003,0.003,0.002,0,0.002,0.002,0.003,0.002,0.003
04.08.2011 06:10,0.006,0.001,0.003,0.003,0.005,0.004,0.003,0.001,0.003,0.004,0.003,0,0.003,0.003,0.003,0.003,0.003
04.08.2011 06:20,0.008,0.002,0.004,0.003,0.006,0.004,0.004,0.001,0.004,0.004,0.003,0,0.003,0.004,0.004,0.003,0.004
04.08.2011 06:30,0.01,0.002,0.004,0.004,0.007,0.005,0.005,0.001,0.004,0.005,0.003,0,0.004,0.004,0.005,0.004,0.005
04.08.2011 06:40,0.012,0.002,0.005,0.004,0.008,0.006,0.005,0.002,0.005,0.006,0.004,0,0.004,0.005,0.005,0.005,0.005
04.08.2011 06:50,0.015,0.002,0.005,0.005,0.008,0.006,0.006,0.002,0.005,0.006,0.004,0,0.004,0.005,0.006,0.005,0.006
04.08.2011 07:00,0.018,0.002,0.005,0.005,0.009,0.006,0.006,0.002,0.005,0.006,0.004,0,0.005,0.005,0.006,0.005,0.006
04.08.2011 07:10,0.022,0.002,0.005,0.005,0.009,0.007,0.006,0.002,0.005,0.006,0.004,0,0.005,0.005,0.006,0.005,0.006
04.08.2011 07:20,0.024,0.003,0.006,0.005,0.009,0.007,0.006,0.002,0.006,0.007,0.005,0,0.005,0.006,0.006,0.005,0.006
04.08.2011 07:30,0.03,0.003,0.007,0.006,0.012,0.009,0.008,0.002,0.008,0.009,0.006,0,0.006,0.007,0.008,0.007,0.008
04.08.2011 07:40,0.034,0.004,0.009,0.008,0.014,0.011,0.01,0.003,0.009,0.011,0.007,0,0.008,0.009,0.01,0.008,0.01
04.08.2011 07:50,0.036,0.004,0.009,0.008,0.015,0.011,0.01,0.003,0.01,0.011,0.007,0,0.008,0.009,0.01,0.009,0.01
04.08.2011 08:00,0.038,0.004,0.009,0.009,0.016,0.012,0.01,0.003,0.01,0.011,0.008,0,0.008,0.009,0.01,0.009,0.01
04.08.2011 08:10,0.038,0.005,0.011,0.01,0.018,0.013,0.012,0.003,0.011,0.013,0.009,0,0.009,0.011,0.012,0.01,0.012
04.08.2011 08:20,0.04,0.005,0.011,0.01,0.019,0.014,0.013,0.004,0.012,0.014,0.009,0.001,0.01,0.011,0.013,0.011,0.013
04.08.2011 08:30,0.05,0.005,0.011,0.011,0.019,0.014,0.013,0.004,0.012,0.014,0.009,0.001,0.01,0.011,0.013,0.011,0.013
04.08.2011 08:40,0.064,0.006,0.013,0.012,0.021,0.016,0.014,0.004,0.013,0.016,0.01,0.001,0.011,0.013,0.014,0.012,0.014
04.08.2011 08:50,0.068,0.006,0.014,0.012,0.022,0.017,0.015,0.004,0.014,0.017,0.011,0.001,0.012,0.013,0.015,0.013,0.015
04.08.2011 09:00,0.066,0.007,0.015,0.013,0.024,0.018,0.017,0.005,0.016,0.018,0.012,0.001,0.013,0.014,0.016,0.014,0.016
04.08.2011 09:10,0.077,0.007,0.016,0.014,0.026,0.019,0.018,0.005,0.017,0.019,0.013,0.001,0.013,0.015,0.018,0.015,0.017
04.08.2011 09:20,0.082,0.007,0.015,0.013,0.024,0.018,0.017,0.005,0.016,0.019,0.012,0.001,0.013,0.015,0.016,0.014,0.016
04.08.2011 09:30,0.082,0.006,0.014,0.012,0.022,0.017,0.015,0.004,0.014,0.017,0.011,0.001,0.012,0.013,0.015,0.013,0.015
04.08.2011 09:40,0.091,0.006,0.014,0.013,0.023,0.018,0.016,0.004,0.015,0.018,0.011,0.001,0.012,0.014,0.016,0.013,0.015
04.08.2011 09:50,0.096,0.007,0.016,0.014,0.026,0.019,0.017,0.005,0.017,0.02,0.013,0.001,0.014,0.015,0.017,0.015,0.017
04.08.2011 10:00,0.104,0.009,0.02,0.018,0.033,0.024,0.022,0.006,0.02,0.026,0.016,0.001,0.017,0.019,0.021,0.018,0.021
04.08.2011 10:10,0.111,0.009,0.021,0.018,0.033,0.024,0.022,0.006,0.021,0.026,0.016,0.001,0.017,0.02,0.022,0.019,0.021
04.08.2011 10:20,0.113,0.008,0.018,0.016,0.029,0.022,0.02,0.005,0.019,0.025,0.014,0.001,0.016,0.018,0.02,0.017,0.019
04.08.2011 10:30,0.099,0.007,0.016,0.014,0.026,0.02,0.017,0.005,0.016,0.022,0.012,0.001,0.013,0.015,0.017,0.014,0.017
04.08.2011 10:40,0.103,0.007,0.017,0.014,0.026,0.02,0.018,0.005,0.017,0.023,0.013,0.001,0.014,0.016,0.017,0.015,0.017
04.08.2011 10:50,0.11,0.009,0.021,0.018,0.032,0.025,0.022,0.006,0.021,0.028,0.016,0.001,0.017,0.019,0.021,0.018,0.021
04.08.2011 11:00,0.141,0.007,0.016,0.014,0.025,0.02,0.017,0.004,0.016,0.021,0.012,0.001,0.013,0.015,0.017,0.014,0.016
04.08.2011 11:10,0.146,0.006,0.012,0.011,0.021,0.016,0.014,0.004,0.013,0.015,0.01,0.001,0.011,0.012,0.014,0.012,0.014
04.08.2011 11:20,0.12,0.006,0.014,0.013,0.023,0.018,0.016,0.004,0.015,0.017,0.011,0.001,0.012,0.014,0.016,0.013,0.015
04.08.2011 11:30,0.113,0.007,0.016,0.015,0.027,0.021,0.018,0.005,0.018,0.02,0.013,0.001,0.014,0.016,0.018,0.015,0.018
04.08.2011 11:40,0.122,0.012,0.026,0.023,0.043,0.034,0.03,0.008,0.028,0.035,0.021,0.001,0.023,0.026,0.029,0.025,0.029
04.08.2011 11:50,0.146,0.014,0.031,0.027,0.05,0.039,0.035,0.009,0.033,0.044,0.025,0.001,0.027,0.03,0.034,0.029,0.034
04.08.2011 12:00,0.112,0.016,0.036,0.031,0.057,0.044,0.039,0.01,0.037,0.052,0.028,0.002,0.031,0.034,0.038,0.032,0.038
04.08.2011 12:10,0.084,0.018,0.039,0.034,0.062,0.048,0.043,0.011,0.04,0.06,0.03,0.002,0.034,0.037,0.042,0.035,0.041
04.08.2011 12:20,0.107,0.019,0.04,0.035,0.064,0.049,0.044,0.014,0.041,0.064,0.031,0.002,0.035,0.039,0.043,0.036,0.042
04.08.2011 12:30,0.114,0.021,0.043,0.037,0.067,0.053,0.046,0.016,0.044,0.07,0.033,0.002,0.038,0.041,0.046,0.039,0.045
04.08.2011 12:40,0.184,0.023,0.046,0.039,0.071,0.056,0.05,0.017,0.047,0.076,0.036,0.002,0.04,0.044,0.049,0.041,0.047
04.08.2011 12:50,0.214,0.022,0.043,0.037,0.068,0.053,0.046,0.016,0.044,0.073,0.034,0.002,0.038,0.041,0.047,0.039,0.044
04.08.2011 13:00,0.241,0.021,0.041,0.036,0.065,0.051,0.044,0.015,0.042,0.07,0.033,0.002,0.036,0.04,0.045,0.037,0.043
04.08.2011 13:10,0.264,0.023,0.044,0.039,0.07,0.055,0.048,0.016,0.045,0.076,0.035,0.002,0.039,0.043,0.048,0.04,0.046
04.08.2011 13:20,0.269,0.025,0.05,0.043,0.076,0.06,0.054,0.018,0.05,0.085,0.04,0.002,0.044,0.047,0.053,0.045,0.051
04.08.2011 13:30,0.291,0.026,0.051,0.043,0.075,0.06,0.054,0.018,0.05,0.086,0.04,0.002,0.044,0.047,0.053,0.045,0.051
04.08.2011 13:40,0.321,0.021,0.041,0.035,0.062,0.049,0.044,0.015,0.041,0.07,0.032,0.002,0.036,0.039,0.043,0.037,0.041
04.08.2011 13:50,0.293,0.019,0.037,0.031,0.055,0.044,0.039,0.013,0.036,0.062,0.029,0.002,0.032,0.035,0.039,0.033,0.037
04.08.2011 14:00,0.276,0.021,0.041,0.036,0.063,0.049,0.044,0.015,0.041,0.071,0.033,0.002,0.036,0.039,0.044,0.037,0.041
04.08.2011 14:10,0.291,0.02,0.04,0.034,0.06,0.047,0.042,0.014,0.04,0.068,0.032,0.002,0.035,0.038,0.042,0.036,0.04
04.08.2011 14:20,0.329,0.015,0.029,0.026,0.046,0.036,0.032,0.011,0.03,0.051,0.024,0.001,0.026,0.029,0.032,0.027,0.03
04.08.2011 14:30,0.336,0.013,0.025,0.022,0.04,0.031,0.028,0.009,0.026,0.044,0.02,0.001,0.022,0.024,0.028,0.023,0.026
04.08.2011 14:40,0.275,0.012,0.022,0.02,0.035,0.028,0.024,0.008,0.023,0.039,0.018,0.001,0.02,0.022,0.024,0.021,0.023
04.08.2011 14:50,0.244,0.011,0.021,0.019,0.034,0.027,0.023,0.008,0.022,0.037,0.017,0.001,0.019,0.021,0.024,0.02,0.023
04.08.2011 15:00,0.279,0.011,0.021,0.018,0.033,0.025,0.022,0.007,0.021,0.036,0.017,0.001,0.018,0.02,0.022,0.019,0.022
04.08.2011 15:10,0.267,0.012,0.023,0.02,0.035,0.028,0.025,0.008,0.023,0.04,0.019,0.001,0.02,0.022,0.025,0.021,0.024
04.08.2011 15:20,0.196,0.01,0.019,0.017,0.03,0.024,0.021,0.007,0.02,0.034,0.016,0.001,0.017,0.018,0.021,0.018,0.021
04.08.2011 15:30,0.174,0.011,0.022,0.019,0.034,0.026,0.023,0.008,0.022,0.037,0.017,0.001,0.019,0.021,0.023,0.02,0.022
04.08.2011 15:40,0.143,0.012,0.023,0.02,0.036,0.028,0.024,0.008,0.023,0.039,0.018,0.001,0.02,0.022,0.024,0.021,0.024
04.08.2011 15:50,0.144,0.011,0.021,0.019,0.034,0.026,0.023,0.007,0.022,0.037,0.017,0.001,0.019,0.021,0.023,0.02,0.022
04.08.2011 16:00,0.132,0.013,0.024,0.021,0.037,0.029,0.026,0.009,0.024,0.041,0.019,0.001,0.021,0.023,0.026,0.022,0.024
04.08.2011 16:10,0.157,0.011,0.021,0.018,0.032,0.026,0.022,0.007,0.021,0.036,0.017,0.001,0.018,0.02,0.023,0.019,0.021
04.08.2011 16:20,0.123,0.012,0.024,0.021,0.036,0.029,0.025,0.008,0.024,0.041,0.019,0.001,0.021,0.023,0.025,0.021,0.024
04.08.2011 16:30,0.137,0.013,0.025,0.021,0.037,0.029,0.026,0.009,0.024,0.042,0.02,0.001,0.021,0.023,0.026,0.022,0.024
04.08.2011 16:40,0.15,0.013,0.025,0.022,0.039,0.03,0.026,0.009,0.025,0.042,0.02,0.001,0.022,0.024,0.027,0.023,0.025
04.08.2011 16:50,0.132,0.014,0.027,0.023,0.042,0.032,0.028,0.009,0.026,0.045,0.021,0.001,0.023,0.026,0.029,0.024,0.026
04.08.2011 17:00,0.162,0.028,0.053,0.049,0.092,0.062,0.049,0.019,0.053,0.085,0.04,0.001,0.046,0.054,0.061,0.049,0.046
04.08.2011 17:10,0.14,0.014,0.027,0.025,0.044,0.033,0.028,0.01,0.027,0.046,0.021,0.001,0.024,0.027,0.031,0.025,0.026
04.08.2011 17:20,0.152,0.015,0.027,0.025,0.047,0.033,0.027,0.01,0.028,0.045,0.021,0.001,0.024,0.028,0.031,0.025,0.026
04.08.2011 17:30,0.159,0.012,0.023,0.023,0.042,0.029,0.024,0.008,0.025,0.039,0.018,0.001,0.021,0.025,0.028,0.023,0.023
04.08.2011 17:40,0.164,0.016,0.028,0.031,0.059,0.037,0.028,0.009,0.032,0.048,0.023,0.001,0.026,0.034,0.038,0.03,0.029
04.08.2011 17:50,0.166,0.019,0.033,0.037,0.07,0.044,0.033,0.011,0.038,0.057,0.027,0.001,0.031,0.04,0.045,0.036,0.034
04.08.2011 18:00,0.351,0.014,0.024,0.029,0.056,0.033,0.025,0.008,0.03,0.042,0.019,0.001,0.024,0.031,0.035,0.027,0.027
04.08.2011 18:10,0.174,0.012,0.021,0.026,0.051,0.03,0.022,0.006,0.026,0.036,0.016,0.001,0.021,0.028,0.031,0.024,0.024
04.08.2011 18:20,0.182,0.011,0.018,0.024,0.047,0.027,0.02,0.006,0.023,0.03,0.014,0.001,0.018,0.025,0.028,0.022,0.022
04.08.2011 18:30,0.132,0.009,0.014,0.021,0.042,0.023,0.017,0.005,0.019,0.022,0.011,0.001,0.015,0.022,0.024,0.019,0.019
04.08.2011 18:40,0.171,0.007,0.01,0.017,0.032,0.018,0.013,0.004,0.014,0.016,0.008,0,0.011,0.016,0.016,0.014,0.015
04.08.2011 18:50,0.227,0.004,0.006,0.008,0.016,0.01,0.008,0.002,0.008,0.011,0.005,0,0.006,0.008,0.008,0.007,0.008
04.08.2011 19:00,0.155,0.002,0.005,0.004,0.008,0.006,0.005,0.002,0.005,0.008,0.004,0,0.004,0.005,0.005,0.004,0.005
04.08.2011 19:10,0.135,0.002,0.003,0.003,0.006,0.004,0.004,0.001,0.004,0.006,0.003,0,0.003,0.004,0.004,0.003,0.004
04.08.2011 19:20,0.119,0.001,0.002,0.002,0.004,0.003,0.002,0.001,0.002,0.003,0.002,0,0.002,0.002,0.002,0.002,0.002
04.08.2011 19:30,0.094,0.001,0.001,0.001,0.002,0.001,0.001,0.001,0.001,0.002,0.001,0,0.001,0.001,0.001,0.001,0.001
04.08.2011 19:40,0.077,0.001,0.001,0.001,0.001,0.001,0.001,0.001,0.001,0.001,0.001,0,0.001,0.001,0.001,0.001,0.001
04.08.2011 19:50,0.042,0.001,0.001,0.001,0.001,0.001,0.001,0.001,0.001,0.001,0.001,0,0.001,0.001,0.001,0.001,0.001
04.08.2011 20:00,0.03,0.001,0.001,0.001,0.001,0.001,0.001,0.001,0.001,0.001,0.001,0,0.001,0.001,0.001,0.001,0.001
04.08.2011 20:10,0.022,0.001,0.001,0.001,0.001,0.001,0.001,0.001,0.001,0.001,0.001,0,0.001,0.001,0.001,0.001,0.001
04.08.2011 20:20,0.014,0.001,0.001,0.001,0.001,0.001,0.001,0.001,0.001,0.001,0.001,0,0.001,0.001,0.001,0.001,0.001
04.08.2011 20:30,0.008,0.001,0.001,0.001,0.001,0.001,0.001,0.001,0.001,0.001,0.001,0,0.001,0.001,0.001,0.001,0.001
04.08.2011 20:40,0.003,0.001,0.001,0.001,0.001,0.001,0.001,0.001,0.001,0.001,0.001,0,0.001,0.001,0.001,0.001,0.001
04.08.2011 20:50,0.002,0.001,0.001,0.001,0.001,0.001,0,0.001,0.001,0.001,0.001,0,0.001,0.001,0.001,0.001,0.001
04.08.2011 21:00,0.002,0,0.001,0.001,0.001,0.001,0,0.001,0.001,0.001,0.001,0,0.001,0,0.001,0,0.001
04.08.2011 21:10,0.002,0,0.001,0.001,0.001,0.001,0,0.001,0,0.001,0.001,0,0.001,0,0.001,0,0
04.08.2011 21:20,0.002,0,0.001,0.001,0,0.001,0,0.001,0,0.001,0.001,0,0.001,0,0.001,0,0
04.08.2011 21:30,0.002,0,0.001,0.001,0,0.001,0,0.001,0,0.001,0.001,0,0.001,0,0.001,0,0
04.08.2011 21:40,0.002,0,0,0,0,0,0,0,0,0,0,0,0,0,0,0,0
04.08.2011 21:50,0.002,0,0,0,0,0,0,0,0,0,0,0,0,0,0,0,0
04.08.2011 22:00,0.002,0,0,0,0,0,0,0,0,0,0,0,0,0,0,0,0
04.08.2011 22:10,0.002,0,0,0,0,0,0,0,0,0,0,0,0,0,0,0,0
04.08.2011 22:20,0.002,0,0,0,0,0,0,0,0,0,0,0,0,0,0,0,0
04.08.2011 22:30,0.002,0,0,0,0,0,0,0,0,0,0,0,0,0,0,0,0
04.08.2011 22:40,0.002,0,0,0,0,0,0,0,0,0,0,0,0,0,0,0,0
04.08.2011 22:50,0.002,0,0,0,0,0,0,0,0,0,0,0,0,0,0,0,0
04.08.2011 23:00,0.002,0,0,0,0,0,0,0,0,0,0,0,0,0,0,0,0
04.08.2011 23:10,0.002,0,0,0,0,0,0,0,0,0,0,0,0,0,0,0,0
04.08.2011 23:20,0.002,0,0,0,0,0,0,0,0,0,0,0,0,0,0,0,0
04.08.2011 23:30,0.002,0,0,0,0,0,0,0,0,0,0,0,0,0,0,0,0
04.08.2011 23:40,0.002,0,0,0,0,0,0,0,0,0,0,0,0,0,0,0,0
04.08.2011 23:50,0.002,0,0,0,0,0,0,0,0,0,0,0,0,0,0,0,0
05.08.2011 00:00,0.002,0,0,0,0,0,0,0,0,0,0,0,0,0,0,0,0
05.08.2011 00:10,0.002,0,0,0,0,0,0,0,0,0,0,0,0,0,0,0,0
05.08.2011 00:20,0.002,0,0,0,0,0,0,0,0,0,0,0,0,0,0,0,0
05.08.2011 00:30,0.002,0,0,0,0,0,0,0,0,0,0,0,0,0,0,0,0
05.08.2011 00:40,0.002,0,0,0,0,0,0,0,0,0,0,0,0,0,0,0,0
05.08.2011 00:50,0.002,0,0,0,0,0,0,0,0,0,0,0,0,0,0,0,0
05.08.2011 01:00,0.002,0,0,0,0,0,0,0,0,0,0,0,0,0,0,0,0
05.08.2011 01:10,0.002,0,0,0,0,0,0,0,0,0,0,0,0,0,0,0,0
05.08.2011 01:20,0.002,0,0,0,0,0,0,0,0,0,0,0,0,0,0,0,0
05.08.2011 01:30,0.002,0,0,0,0,0,0,0,0,0,0,0,0,0,0,0,0
05.08.2011 01:40,0.002,0,0,0,0,0,0,0,0,0,0,0,0,0,0,0,0
05.08.2011 01:50,0.002,0,0,0,0,0,0,0,0,0,0,0,0,0,0,0,0
05.08.2011 02:00,0.002,0,0,0,0,0,0,0,0,0,0,0,0,0,0,0,0
05.08.2011 02:10,0.002,0,0,0,0,0,0,0,0,0,0,0,0,0,0,0,0
05.08.2011 02:20,0.002,0,0,0,0,0,0,0,0,0,0,0,0,0,0,0,0
05.08.2011 02:30,0.002,0,0,0,0,0,0,0,0,0,0,0,0,0,0,0,0
05.08.2011 02:40,0.002,0,0,0,0,0,0,0,0,0,0,0,0,0,0,0,0
05.08.2011 02:50,0.002,0,0,0,0,0,0,0,0,0,0,0,0,0,0,0,0
05.08.2011 03:00,0.002,0,0,0,0,0,0,0,0,0,0,0,0,0,0,0,0
05.08.2011 03:10,0.002,0,0,0,0,0,0,0,0,0,0,0,0,0,0,0,0
05.08.2011 03:20,0.002,0,0,0,0,0,0,0,0,0,0,0,0,0,0,0,0
05.08.2011 03:30,0.002,0,0,0,0,0,0,0,0,0,0,0,0,0,0,0,0
05.08.2011 03:40,0.002,0,0,0,0,0,0,0,0,0,0,0,0,0,0,0,0
05.08.2011 03:50,0.002,0,0,0,0,0,0,0,0,0,0,0,0,0,0,0,0
05.08.2011 04:00,0.002,0,0,0,0,0,0,0,0,0,0,0,0,0,0,0,0
05.08.2011 04:10,0.002,0,0,0,0,0,0,0,0,0,0,0,0,0,0,0,0
05.08.2011 04:20,0.002,0,0,0,0.001,0,0,0,0,0,0,0,0,0,0,0,0
05.08.2011 04:30,0.002,0,0.001,0.001,0.001,0.001,0.001,0,0.001,0.001,0.001,0,0.001,0.001,0.001,0.001,0.001
05.08.2011 04:40,0.002,0.001,0.001,0.001,0.001,0.001,0.001,0,0.001,0.001,0.001,0,0.001,0.001,0.001,0.001,0.001
05.08.2011 04:50,0.002,0.001,0.001,0.001,0.002,0.002,0.001,0.001,0.001,0.002,0.001,0,0.001,0.001,0.001,0.001,0.002
05.08.2011 05:00,0.002,0.001,0.001,0.002,0.004,0.003,0.002,0.001,0.002,0.002,0.001,0,0.002,0.002,0.002,0.002,0.003
05.08.2011 05:10,0.002,0.001,0.002,0.003,0.005,0.006,0.003,0.001,0.003,0.003,0.002,0,0.002,0.003,0.004,0.002,0.006
05.08.2011 05:20,0.002,0.001,0.003,0.003,0.006,0.012,0.004,0.001,0.004,0.005,0.002,0,0.003,0.004,0.008,0.003,0.011
05.08.2011 05:30,0.004,0.002,0.003,0.004,0.008,0.017,0.005,0.001,0.006,0.006,0.003,0,0.004,0.005,0.012,0.004,0.015
05.08.2011 05:40,0.006,0.002,0.004,0.005,0.012,0.019,0.007,0.002,0.006,0.008,0.004,0,0.004,0.006,0.014,0.005,0.012
05.08.2011 05:50,0.01,0.002,0.004,0.005,0.009,0.012,0.006,0.002,0.006,0.009,0.004,0,0.004,0.005,0.014,0.005,0.007
05.08.2011 06:00,0.014,0.003,0.004,0.005,0.011,0.011,0.007,0.002,0.008,0.019,0.004,0,0.005,0.006,0.021,0.005,0.01
05.08.2011 06:10,0.02,0.003,0.005,0.006,0.013,0.011,0.008,0.004,0.008,0.025,0.004,0.001,0.005,0.009,0.02,0.006,0.023
05.08.2011 06:20,0.024,0.003,0.005,0.006,0.02,0.009,0.025,0.006,0.01,0.031,0.004,0.001,0.005,0.009,0.025,0.007,0.037
05.08.2011 06:30,0.03,0.004,0.006,0.006,0.036,0.014,0.035,0.006,0.014,0.035,0.005,0.001,0.007,0.011,0.033,0.018,0.043
05.08.2011 06:40,0.047,0.009,0.007,0.007,0.052,0.026,0.038,0.008,0.025,0.04,0.006,0.001,0.006,0.013,0.036,0.027,0.046
05.08.2011 06:50,0.036,0.014,0.009,0.011,0.058,0.049,0.041,0.009,0.033,0.046,0.008,0.002,0.01,0.027,0.04,0.031,0.05
05.08.2011 07:00,0.079,0.018,0.015,0.013,0.062,0.055,0.045,0.01,0.046,0.054,0.008,0.002,0.031,0.027,0.043,0.034,0.054
05.08.2011 07:10,0.12,0.02,0.022,0.017,0.065,0.061,0.048,0.011,0.049,0.061,0.014,0.002,0.035,0.039,0.046,0.037,0.057
05.08.2011 07:20,0.141,0.022,0.027,0.028,0.067,0.064,0.05,0.014,0.052,0.069,0.018,0.002,0.038,0.042,0.048,0.039,0.059
05.08.2011 07:30,0.161,0.025,0.032,0.033,0.071,0.067,0.053,0.016,0.055,0.077,0.029,0.002,0.041,0.045,0.051,0.042,0.062
05.08.2011 07:40,0.181,0.027,0.037,0.044,0.074,0.071,0.055,0.017,0.057,0.084,0.028,0.002,0.043,0.047,0.053,0.045,0.065
05.08.2011 07:50,0.209,0.029,0.043,0.048,0.078,0.074,0.058,0.018,0.06,0.092,0.031,0.002,0.047,0.05,0.056,0.048,0.068
05.08.2011 08:00,0.234,0.032,0.049,0.051,0.082,0.078,0.061,0.02,0.063,0.1,0.049,0.003,0.05,0.054,0.06,0.051,0.072
05.08.2011 08:10,0.257,0.034,0.056,0.053,0.086,0.082,0.065,0.021,0.066,0.108,0.054,0.003,0.054,0.057,0.063,0.055,0.076
05.08.2011 08:20,0.28,0.035,0.059,0.055,0.088,0.084,0.067,0.022,0.068,0.113,0.056,0.003,0.056,0.059,0.065,0.057,0.078
05.08.2011 08:30,0.307,0.037,0.062,0.057,0.092,0.088,0.071,0.023,0.071,0.119,0.059,0.003,0.059,0.062,0.068,0.06,0.082
05.08.2011 08:40,0.324,0.039,0.065,0.059,0.096,0.089,0.075,0.024,0.073,0.124,0.062,0.003,0.062,0.065,0.071,0.063,0.086
05.08.2011 08:50,0.351,0.039,0.066,0.059,0.093,0.088,0.076,0.024,0.072,0.123,0.062,0.003,0.062,0.064,0.07,0.062,0.084
05.08.2011 09:00,0.384,0.045,0.075,0.066,0.104,0.098,0.087,0.027,0.081,0.141,0.071,0.004,0.07,0.073,0.08,0.071,0.096
05.08.2011 09:10,0.414,0.049,0.084,0.073,0.114,0.106,0.097,0.029,0.088,0.155,0.078,0.004,0.077,0.081,0.088,0.079,0.104
05.08.2011 09:20,0.438,0.041,0.07,0.061,0.094,0.087,0.082,0.025,0.073,0.129,0.065,0.003,0.064,0.068,0.073,0.065,0.086
05.08.2011 09:30,0.463,0.046,0.08,0.068,0.101,0.099,0.092,0.027,0.082,0.149,0.074,0.004,0.072,0.077,0.084,0.073,0.099
05.08.2011 09:40,0.491,0.048,0.083,0.071,0.107,0.099,0.099,0.029,0.085,0.152,0.077,0.004,0.075,0.08,0.085,0.077,0.101
05.08.2011 09:50,0.527,0.048,0.083,0.071,0.108,0.096,0.102,0.029,0.085,0.149,0.076,0.004,0.075,0.08,0.084,0.078,0.1
05.08.2011 10:00,0.563,0.051,0.089,0.076,0.112,0.102,0.109,0.031,0.09,0.161,0.082,0.004,0.081,0.085,0.09,0.083,0.107
05.08.2011 10:10,0.626,0.049,0.086,0.074,0.106,0.098,0.105,0.029,0.086,0.156,0.08,0.004,0.077,0.081,0.087,0.079,0.102
05.08.2011 10:20,0.671,0.054,0.093,0.079,0.114,0.105,0.118,0.032,0.094,0.168,0.086,0.004,0.084,0.089,0.095,0.087,0.113
05.08.2011 10:30,0.394,0.023,0.04,0.036,0.053,0.046,0.051,0.014,0.041,0.071,0.036,0.002,0.036,0.039,0.041,0.038,0.048
05.08.2011 10:40,0.717,0.048,0.083,0.072,0.102,0.093,0.105,0.028,0.082,0.148,0.077,0.004,0.074,0.079,0.084,0.077,0.097
05.08.2011 10:50,0.726,0.058,0.101,0.087,0.123,0.109,0.128,0.034,0.099,0.174,0.093,0.004,0.09,0.094,0.099,0.093,0.116
05.08.2011 11:00,0.316,0.023,0.041,0.037,0.055,0.046,0.051,0.015,0.041,0.072,0.037,0.002,0.036,0.04,0.042,0.038,0.048
05.08.2011 11:10,0.687,0.025,0.044,0.039,0.058,0.05,0.058,0.016,0.044,0.079,0.04,0.002,0.039,0.043,0.046,0.042,0.053
05.08.2011 11:20,0.719,0.021,0.037,0.033,0.05,0.042,0.046,0.013,0.037,0.065,0.033,0.002,0.033,0.036,0.038,0.034,0.043
05.08.2011 11:30,0.157,0.054,0.098,0.082,0.114,0.104,0.125,0.032,0.092,0.165,0.086,0.004,0.083,0.089,0.094,0.088,0.108
05.08.2011 11:40,0.807,0.027,0.048,0.042,0.062,0.054,0.063,0.017,0.047,0.083,0.042,0.002,0.042,0.046,0.049,0.045,0.055
05.08.2011 11:50,0.644,0.033,0.059,0.052,0.073,0.065,0.071,0.019,0.055,0.1,0.053,0.002,0.05,0.054,0.057,0.051,0.063
05.08.2011 12:00,0.504,0.044,0.081,0.068,0.095,0.087,0.1,0.027,0.075,0.139,0.071,0.003,0.068,0.074,0.079,0.071,0.087
05.08.2011 12:10,0.244,0.049,0.084,0.072,0.108,0.087,0.117,0.03,0.083,0.137,0.073,0.004,0.075,0.079,0.081,0.082,0.095
05.08.2011 12:20,0.215,0.043,0.076,0.065,0.093,0.08,0.1,0.026,0.072,0.127,0.067,0.003,0.066,0.07,0.074,0.071,0.083
05.08.2011 12:30,0.313,0.065,0.12,0.099,0.135,0.122,0.155,0.04,0.109,0.197,0.104,0.005,0.101,0.107,0.113,0.107,0.127
05.08.2011 12:40,0.215,0.04,0.073,0.062,0.084,0.075,0.09,0.024,0.065,0.121,0.064,0.003,0.061,0.065,0.068,0.063,0.075
05.08.2011 12:50,0.722,0.061,0.113,0.094,0.125,0.115,0.143,0.038,0.102,0.188,0.099,0.004,0.095,0.101,0.107,0.099,0.116
05.08.2011 13:00,0.34,0.061,0.113,0.095,0.126,0.114,0.145,0.038,0.103,0.187,0.1,0.004,0.096,0.103,0.108,0.1,0.117
05.08.2011 13:10,0.41,0.065,0.118,0.1,0.135,0.119,0.154,0.041,0.108,0.195,0.104,0.005,0.101,0.108,0.113,0.106,0.123
05.08.2011 13:20,0.714,0.059,0.107,0.092,0.124,0.108,0.14,0.037,0.099,0.178,0.095,0.004,0.092,0.099,0.104,0.097,0.111
05.08.2011 13:30,0.454,0.05,0.09,0.078,0.106,0.092,0.118,0.032,0.084,0.149,0.08,0.004,0.078,0.084,0.088,0.082,0.093
05.08.2011 13:40,0.226,0.059,0.107,0.092,0.126,0.109,0.139,0.037,0.099,0.176,0.094,0.004,0.092,0.1,0.104,0.097,0.108
05.08.2011 13:50,0.823,0.057,0.103,0.089,0.123,0.105,0.133,0.036,0.095,0.169,0.09,0.004,0.089,0.096,0.1,0.094,0.102
05.08.2011 14:00,0.801,0.054,0.097,0.085,0.12,0.101,0.128,0.035,0.092,0.16,0.086,0.004,0.085,0.092,0.097,0.091,0.097
05.08.2011 14:10,0.817,0.044,0.079,0.07,0.1,0.083,0.105,0.029,0.075,0.132,0.07,0.003,0.069,0.076,0.08,0.074,0.081
05.08.2011 14:20,0.718,0.045,0.081,0.073,0.103,0.085,0.106,0.029,0.077,0.134,0.072,0.003,0.071,0.078,0.082,0.076,0.079
05.08.2011 14:30,0.682,0.043,0.077,0.069,0.099,0.082,0.101,0.028,0.073,0.127,0.068,0.003,0.068,0.074,0.078,0.073,0.074
05.08.2011 14:40,0.751,0.026,0.047,0.043,0.062,0.051,0.06,0.017,0.045,0.079,0.042,0.002,0.041,0.046,0.049,0.045,0.046
05.08.2011 14:50,0.711,0.042,0.075,0.069,0.1,0.082,0.099,0.027,0.072,0.125,0.067,0.003,0.067,0.074,0.078,0.072,0.071
05.08.2011 15:00,0.658,0.04,0.072,0.066,0.097,0.079,0.094,0.026,0.069,0.122,0.064,0.003,0.064,0.071,0.076,0.069,0.068
05.08.2011 15:10,0.736,0.037,0.066,0.061,0.09,0.072,0.086,0.024,0.064,0.11,0.059,0.003,0.059,0.065,0.07,0.064,0.063
05.08.2011 15:20,0.536,0.042,0.073,0.069,0.103,0.081,0.096,0.027,0.072,0.123,0.066,0.003,0.066,0.074,0.079,0.071,0.069
05.08.2011 15:30,0.501,0.036,0.063,0.06,0.091,0.07,0.081,0.024,0.063,0.106,0.056,0.002,0.056,0.064,0.069,0.062,0.057
05.08.2011 15:40,0.308,0.041,0.072,0.068,0.103,0.079,0.092,0.027,0.071,0.12,0.064,0.003,0.063,0.073,0.078,0.07,0.066
05.08.2011 15:50,0.494,0.031,0.054,0.052,0.08,0.061,0.068,0.02,0.054,0.091,0.048,0.001,0.047,0.056,0.06,0.053,0.05
05.08.2011 16:00,0.559,0.036,0.062,0.061,0.094,0.07,0.077,0.024,0.063,0.105,0.055,0.002,0.053,0.065,0.07,0.062,0.057
05.08.2011 16:10,0.563,0.041,0.071,0.069,0.108,0.079,0.085,0.027,0.071,0.118,0.063,0.003,0.06,0.074,0.08,0.07,0.065
05.08.2011 16:20,0.395,0.032,0.057,0.056,0.09,0.063,0.065,0.022,0.057,0.094,0.049,0.002,0.048,0.06,0.065,0.057,0.051
05.08.2011 16:30,0.385,0.025,0.043,0.044,0.072,0.048,0.049,0.017,0.044,0.071,0.037,0.001,0.037,0.047,0.05,0.044,0.039
05.08.2011 16:40,0.469,0.027,0.048,0.049,0.081,0.054,0.049,0.018,0.048,0.078,0.041,0.001,0.041,0.052,0.057,0.048,0.042
05.08.2011 16:50,0.468,0.029,0.052,0.053,0.088,0.058,0.053,0.02,0.051,0.083,0.044,0.001,0.044,0.057,0.061,0.052,0.045
05.08.2011 17:00,0.448,0.026,0.048,0.048,0.083,0.053,0.046,0.018,0.047,0.075,0.04,0.001,0.04,0.052,0.056,0.048,0.042
05.08.2011 17:10,0.457,0.024,0.046,0.045,0.079,0.049,0.041,0.016,0.044,0.068,0.036,0.001,0.036,0.049,0.053,0.044,0.038
05.08.2011 17:20,0.405,0.02,0.038,0.039,0.07,0.042,0.032,0.013,0.037,0.056,0.029,0.001,0.03,0.042,0.046,0.038,0.032
05.08.2011 17:30,0.355,0.019,0.032,0.037,0.065,0.038,0.029,0.01,0.034,0.051,0.026,0.001,0.027,0.04,0.042,0.035,0.03
05.08.2011 17:40,0.32,0.016,0.026,0.033,0.059,0.034,0.024,0.008,0.031,0.044,0.022,0.001,0.024,0.036,0.038,0.031,0.027
05.08.2011 17:50,0.324,0.014,0.022,0.029,0.053,0.03,0.021,0.006,0.027,0.038,0.018,0.001,0.021,0.031,0.033,0.027,0.024
05.08.2011 18:00,0.279,0.012,0.019,0.027,0.05,0.027,0.018,0.005,0.024,0.033,0.015,0.001,0.019,0.029,0.031,0.024,0.022
05.08.2011 18:10,0.249,0.009,0.013,0.02,0.037,0.02,0.014,0.004,0.018,0.023,0.01,0.001,0.014,0.021,0.022,0.018,0.016
05.08.2011 18:20,0.206,0.002,0.004,0.003,0.005,0.004,0.003,0.001,0.003,0.006,0.003,0,0.003,0.003,0.004,0.003,0.004
05.08.2011 18:30,0.189,0.002,0.002,0.003,0.004,0.003,0.003,0.001,0.002,0.004,0.002,0,0.002,0.003,0.003,0.002,0.003
05.08.2011 18:40,0.162,0.001,0.002,0.002,0.003,0.002,0.002,0.001,0.002,0.003,0.002,0,0.002,0.002,0.002,0.002,0.002
05.08.2011 18:50,0.136,0.001,0.002,0.002,0.002,0.002,0.002,0.001,0.001,0.003,0.001,0,0.001,0.001,0.002,0.001,0.002
05.08.2011 19:00,0.123,0.001,0.001,0.001,0.001,0.001,0.001,0.001,0.001,0.002,0.001,0,0.001,0.001,0.001,0.001,0.001
05.08.2011 19:10,0.104,0.001,0.001,0.001,0.001,0.001,0.001,0.001,0.001,0.001,0.001,0,0.001,0.001,0.001,0.001,0.001
05.08.2011 19:20,0.026,0.001,0.001,0.001,0.001,0.001,0.001,0.001,0.001,0.001,0.001,0,0.001,0.001,0.001,0.001,0.001
05.08.2011 19:30,0.018,0.001,0.001,0.001,0.001,0.001,0.001,0.001,0.001,0.001,0.001,0,0.001,0.001,0.001,0.001,0.001
05.08.2011 19:40,0.016,0.001,0.001,0.001,0.001,0.001,0.001,0.001,0.001,0.001,0.001,0,0.001,0.001,0.001,0.001,0.001
05.08.2011 19:50,0.012,0.001,0.001,0.001,0.001,0.001,0.001,0.001,0.001,0.001,0.001,0,0.001,0.001,0.001,0.001,0.001
05.08.2011 20:00,0.008,0.001,0.001,0.001,0.001,0.001,0.001,0.001,0.001,0.001,0.001,0,0.001,0.001,0.001,0.001,0.001
05.08.2011 20:10,0.006,0.001,0.001,0.001,0.001,0.001,0,0.001,0.001,0.001,0.001,0,0.001,0.001,0.001,0.001,0.001
05.08.2011 20:20,0.004,0,0.001,0.001,0.001,0.001,0,0.001,0.001,0.001,0.001,0,0.001,0,0.001,0,0.001
05.08.2011 20:30,0.003,0,0.001,0.001,0.001,0.001,0,0.001,0,0.001,0.001,0,0.001,0,0.001,0,0
05.08.2011 20:40,0.002,0,0.001,0.001,0,0.001,0,0.001,0,0.001,0.001,0,0.001,0,0.001,0,0
05.08.2011 20:50,0.002,0,0,0.001,0,0,0,0.001,0,0.001,0,0,0,0,0.001,0,0
05.08.2011 21:00,0.002,0,0,0.001,0,0,0,0.001,0,0.001,0,0,0,0,0.001,0,0
05.08.2011 21:10,0.002,0,0,0.001,0,0,0,0,0,0,0,0,0,0,0,0,0
05.08.2011 21:20,0.002,0,0,0,0,0,0,0,0,0.001,0,0,0,0,0.001,0,0
05.08.2011 21:30,0.002,0,0,0,0,0,0,0,0,0,0,0,0,0,0,0,0
05.08.2011 21:40,0.002,0,0,0,0,0,0,0,0,0,0,0,0,0,0,0,0
05.08.2011 21:50,0.002,0,0,0,0,0,0,0,0,0,0,0,0,0,0,0,0
05.08.2011 22:00,0.002,0,0,0,0,0,0,0,0,0,0,0,0,0,0,0,0
05.08.2011 22:10,0.002,0,0,0,0,0,0,0,0,0,0,0,0,0,0,0,0
05.08.2011 22:20,0.002,0,0,0,0,0,0,0,0,0,0,0,0,0,0,0,0
05.08.2011 22:30,0.002,0,0,0,0,0,0,0,0,0,0,0,0,0,0,0,0
05.08.2011 22:40,0.002,0,0,0,0,0,0,0,0,0,0,0,0,0,0,0,0
05.08.2011 22:50,0.002,0,0,0,0,0,0,0,0,0,0,0,0,0,0,0,0
05.08.2011 23:00,0.002,0,0,0,0,0,0,0,0,0,0,0,0,0,0,0,0
05.08.2011 23:10,0.002,0,0,0,0,0,0,0,0,0,0,0,0,0,0,0,0
05.08.2011 23:20,0.002,0,0,0,0,0,0,0,0,0,0,0,0,0,0,0,0
05.08.2011 23:30,0.002,0,0,0,0,0,0,0,0,0,0,0,0,0,0,0,0
05.08.2011 23:40,0.002,0,0,0,0,0,0,0,0,0,0,0,0,0,0,0,0
05.08.2011 23:50,0.002,0,0,0,0,0,0,0,0,0,0,0,0,0,0,0,0
06.08.2011 00:00,0.002,0,0,0,0,0,0,0,0,0,0,0,0,0,0,0,0
06.08.2011 00:10,0.002,0,0,0,0,0,0,0,0,0,0,0,0,0,0,0,0
06.08.2011 00:20,0.002,0,0,0,0,0,0,0,0,0,0,0,0,0,0,0,0
06.08.2011 00:30,0.002,0,0,0,0,0,0,0,0,0,0,0,0,0,0,0,0
06.08.2011 00:40,0.002,0,0,0,0,0,0,0,0,0,0,0,0,0,0,0,0
06.08.2011 00:50,0.002,0,0,0,0,0,0,0,0,0,0,0,0,0,0,0,0
06.08.2011 01:00,0.002,0,0,0,0,0,0,0,0,0,0,0,0,0,0,0,0
06.08.2011 01:10,0.002,0,0,0,0,0,0,0,0,0,0,0,0,0,0,0,0
06.08.2011 01:20,0.002,0,0,0,0,0,0,0,0,0,0,0,0,0,0,0,0
06.08.2011 01:30,0.002,0,0,0,0,0,0,0,0,0,0,0,0,0,0,0,0
06.08.2011 01:40,0.002,0,0,0,0,0,0,0,0,0,0,0,0,0,0,0,0
06.08.2011 01:50,0.002,0,0,0,0,0,0,0,0,0,0,0,0,0,0,0,0
06.08.2011 02:00,0.002,0,0,0,0,0,0,0,0,0,0,0,0,0,0,0,0
06.08.2011 02:10,0.002,0,0,0,0,0,0,0,0,0,0,0,0,0,0,0,0
06.08.2011 02:20,0.002,0,0,0,0,0,0,0,0,0,0,0,0,0,0,0,0
06.08.2011 02:30,0.002,0,0,0,0,0,0,0,0,0,0,0,0,0,0,0,0
06.08.2011 02:40,0.002,0,0,0,0,0,0,0,0,0,0,0,0,0,0,0,0
06.08.2011 02:50,0.002,0,0,0,0,0,0,0,0,0,0,0,0,0,0,0,0
06.08.2011 03:00,0.002,0,0,0,0,0,0,0,0,0,0,0,0,0,0,0,0
06.08.2011 03:10,0.002,0,0,0,0,0,0,0,0,0,0,0,0,0,0,0,0
06.08.2011 03:20,0.002,0,0,0,0,0,0,0,0,0,0,0,0,0,0,0,0
06.08.2011 03:30,0.002,0,0,0,0,0,0,0,0,0,0,0,0,0,0,0,0
06.08.2011 03:40,0.002,0,0,0,0,0,0,0,0,0,0,0,0,0,0,0,0
06.08.2011 03:50,0.002,0,0,0,0,0,0,0,0,0,0,0,0,0,0,0,0
06.08.2011 04:00,0.002,0,0,0,0,0,0,0,0,0,0,0,0,0,0,0,0
06.08.2011 04:10,0.002,0,0,0,0,0,0,0,0,0,0,0,0,0,0,0,0
06.08.2011 04:20,0.002,0,0,0,0.001,0.001,0.001,0,0,0.001,0,0,0,0,0.001,0,0.001
06.08.2011 04:30,0.002,0.001,0.001,0.001,0.001,0.001,0.001,0.001,0.001,0.001,0.001,0,0.001,0.001,0.001,0.001,0.001
06.08.2011 04:40,0.002,0.001,0.001,0.001,0.002,0.001,0.001,0.001,0.001,0.002,0.001,0,0.001,0.001,0.001,0.001,0.001
06.08.2011 04:50,0.002,0.001,0.001,0.002,0.003,0.002,0.002,0.001,0.002,0.003,0.001,0,0.002,0.002,0.002,0.002,0.002
06.08.2011 05:00,0.002,0.002,0.003,0.003,0.007,0.005,0.005,0.001,0.004,0.006,0.003,0,0.003,0.004,0.004,0.004,0.005
06.08.2011 05:10,0.002,0.002,0.004,0.005,0.009,0.009,0.007,0.001,0.006,0.009,0.004,0,0.005,0.006,0.007,0.005,0.008
06.08.2011 05:20,0.002,0.003,0.005,0.005,0.01,0.011,0.008,0.002,0.006,0.01,0.005,0,0.005,0.006,0.009,0.005,0.011
06.08.2011 05:30,0.005,0.003,0.005,0.005,0.01,0.012,0.008,0.002,0.007,0.01,0.005,0,0.005,0.006,0.009,0.005,0.011
06.08.2011 05:40,0.008,0.003,0.005,0.005,0.01,0.009,0.008,0.002,0.007,0.011,0.005,0,0.005,0.006,0.007,0.006,0.008
06.08.2011 05:50,0.011,0.004,0.007,0.007,0.012,0.01,0.01,0.002,0.008,0.013,0.006,0,0.006,0.007,0.008,0.007,0.009
06.08.2011 06:00,0.022,0.005,0.009,0.008,0.015,0.012,0.012,0.002,0.01,0.018,0.008,0,0.008,0.009,0.011,0.009,0.012
06.08.2011 06:10,0.032,0.006,0.01,0.01,0.018,0.015,0.015,0.003,0.012,0.022,0.01,0.001,0.01,0.011,0.013,0.01,0.014
06.08.2011 06:20,0.038,0.007,0.012,0.012,0.022,0.018,0.018,0.004,0.015,0.025,0.012,0.001,0.012,0.014,0.015,0.013,0.017
06.08.2011 06:30,0.038,0.009,0.014,0.015,0.026,0.021,0.022,0.005,0.018,0.029,0.014,0.001,0.014,0.016,0.018,0.015,0.02
06.08.2011 06:40,0.04,0.011,0.016,0.016,0.03,0.024,0.025,0.006,0.02,0.034,0.016,0.001,0.016,0.019,0.021,0.018,0.024
06.08.2011 06:50,0.05,0.012,0.018,0.018,0.031,0.025,0.027,0.007,0.021,0.036,0.018,0.001,0.017,0.02,0.022,0.019,0.025
06.08.2011 07:00,0.065,0.01,0.016,0.015,0.027,0.021,0.023,0.006,0.018,0.031,0.016,0.001,0.015,0.017,0.019,0.016,0.021
06.08.2011 07:10,0.079,0.009,0.014,0.014,0.023,0.019,0.02,0.006,0.016,0.027,0.014,0.001,0.013,0.015,0.016,0.014,0.018
06.08.2011 07:20,0.091,0.007,0.011,0.011,0.018,0.015,0.016,0.004,0.012,0.021,0.011,0.001,0.01,0.012,0.013,0.011,0.014
06.08.2011 07:30,0.108,0.006,0.01,0.009,0.016,0.013,0.014,0.003,0.011,0.017,0.009,0,0.009,0.01,0.011,0.01,0.012
06.08.2011 07:40,0.12,0.008,0.013,0.012,0.02,0.017,0.018,0.004,0.014,0.023,0.012,0.001,0.011,0.013,0.014,0.012,0.016
06.08.2011 07:50,0.141,0.007,0.012,0.011,0.019,0.016,0.017,0.005,0.013,0.022,0.011,0.001,0.011,0.012,0.014,0.012,0.015
06.08.2011 08:00,0.117,0.008,0.014,0.012,0.02,0.017,0.018,0.005,0.014,0.024,0.012,0.001,0.012,0.013,0.015,0.012,0.016
06.08.2011 08:10,0.099,0.008,0.015,0.013,0.022,0.018,0.019,0.005,0.015,0.025,0.013,0.001,0.012,0.014,0.015,0.013,0.017
06.08.2011 08:20,0.079,0.009,0.015,0.014,0.023,0.019,0.02,0.006,0.016,0.027,0.014,0.001,0.013,0.015,0.016,0.014,0.018
06.08.2011 08:30,0.067,0.01,0.018,0.016,0.027,0.022,0.024,0.007,0.018,0.031,0.016,0.001,0.016,0.018,0.019,0.016,0.021
06.08.2011 08:40,0.095,0.012,0.021,0.019,0.031,0.025,0.028,0.008,0.021,0.037,0.019,0.001,0.018,0.021,0.022,0.019,0.024
06.08.2011 08:50,0.084,0.017,0.029,0.025,0.041,0.034,0.038,0.01,0.029,0.05,0.026,0.001,0.025,0.028,0.03,0.026,0.033
06.08.2011 09:00,0.097,0.016,0.027,0.024,0.04,0.032,0.036,0.01,0.027,0.047,0.025,0.001,0.023,0.027,0.028,0.025,0.032
06.08.2011 09:10,0.097,0.016,0.027,0.025,0.042,0.033,0.037,0.01,0.028,0.048,0.025,0.001,0.024,0.028,0.029,0.025,0.033
